Accident Type,Date,Speed (Km),Simple Injuries,Severe Injuries,Death,Medium Injuries,Road Lanes,Road Surfuce Description,Vehicle Country,Driver Licensee Type,Road Type,Light,Weather,Road Proerties,Driver Mistake,City,Vehicle type,Number of Cars,Driver Age,Sex
Collision,2018-01-15 3:50,30,0,0,0,0,Two ways with median island,dry,Jordan,class 3 auto,asphalt,night with enough light,clear,flat straight,Violation of traffic rules,Aqaba,Passengers vehicle (up to 9 seats),2,26,Male
Collision,2018-01-15 3:50,30,0,0,0,0,Two ways with median island,dry,Jordan,class 3,asphalt,night with enough light,clear,flat straight,Violation of traffic rules,Aqaba,Passengers vehicle (up to 9 seats),2,29,Male
Collision,2018-01-15 4:16,60,0,0,0,0,Two ways with median island,wet,Jordan,class 3,asphalt,night with enough light,rain,flat curved,Violation of traffic rules,Amman,Passenger and cargo vehicle,2,0,Unkown
Collision,2018-01-15 4:16,60,0,0,0,0,Two ways with median island,wet,Jordan,class 3,asphalt,night with enough light,rain,flat curved,Sharp curved,Amman,Truck,2,22,Male
Collision,2018-01-14 19:09,60,1,0,0,0,Two ways with median island,wet,Jordan,class 3,asphalt,night with enough light,rain,flat straight,Tailgating,Amman,Passengers vehicle (up to 9 seats),2,118,Male
Collision,2018-01-14 19:09,60,1,0,0,0,Two ways with median island,wet,Jordan,class 3,asphalt,night with enough light,rain,flat straight,Violation of traffic rules,Amman,Passengers vehicle (up to 9 seats),2,33,Female
Collision,2018-01-15 10:15,60,0,0,0,0,One way,wet,Jordan,class 3,asphalt,day,rain,flat straight,Violation of traffic rules,Amman,Passengers vehicle (up to 9 seats),2,49,Male
Collision,2018-01-15 10:15,60,0,0,0,0,One way,wet,Jordan,class 3,asphalt,day,rain,flat straight,Violation of traffic rules,Amman,Passengers vehicle (up to 9 seats),2,30,Male
Collision,2018-01-15 7:16,60,0,0,0,0,Two ways with median island,wet,Jordan,class 3,asphalt,day,rain,flat straight,Violation of traffic rules,Amman,Passengers vehicle (up to 9 seats),2,45,Male
Collision,2018-01-15 7:16,60,0,0,0,0,Two ways with median island,wet,Jordan,class 3,asphalt,day,rain,flat straight,Tailgating,Amman,Passengers vehicle (up to 9 seats),2,32,Male
Collision,2018-01-15 13:17,30,0,0,0,0,Parking lot,dry,Jordan,class 3,concrrete,day,clear,flat straight,Neglecting traffic safety precautions,Amman,Passengers vehicle (up to 9 seats),1,35,Female
Collision,2018-01-15 7:18,60,0,0,0,0,Two ways with median island,wet,Jordan,class4,asphalt,day,rain,flat straight,Violation of traffic rules,Amman,Passengers vehicle (up to 9 seats),2,52,Male
Collision,2018-01-15 7:18,60,0,0,0,0,Two ways with median island,wet,Jordan,class 3,asphalt,day,rain,flat straight,Improper lane changes,Amman,Passengers vehicle (up to 9 seats),2,40,Male
Collision,2018-01-15 7:19,40,0,0,0,0,Two ways with median island,wet,Jordan,class4,asphalt,sunrise,rain,flat straight,Violation of traffic rules,Irbid,Passenger and cargo vehicle,2,23,Male
Collision,2018-01-15 7:19,40,0,0,0,0,Two ways with median island,wet,Jordan,class 3,asphalt,sunrise,rain,flat straight,Violation of traffic rules,Irbid,Passengers vehicle (up to 9 seats),2,51,Male
Collision,2018-01-14 7:45,20,0,0,0,0,Parking lot,dry,Jordan,class 3,concrrete,night with enough light,clear,flat straight,Neglecting traffic safety precautions,Zarqa,Truck,1,33,Male
Collision,2018-01-15 7:47,60,0,0,0,0,Two ways with median island,wet,Jordan,class 3,asphalt,day,clear,Upright straight,Tailgating,Amman,Passengers vehicle (up to 9 seats),2,39,Male
Collision,2018-01-15 7:47,60,0,0,0,0,Two ways with median island,wet,Jordan,class 3,asphalt,day,clear,Upright straight,Violation of traffic rules,Amman,Passengers vehicle (up to 9 seats),2,24,Male
Collision,2018-01-15 7:52,40,0,0,0,0,Two ways with median island,dry,Jordan,class 3,asphalt,day,clear,flat straight,Tailgating,Amman,Passengers vehicle (up to 9 seats),2,27,Male
Collision,2018-01-15 7:52,40,0,0,0,0,Two ways with median island,dry,Jordan,class 3,asphalt,day,clear,flat straight,Violation of traffic rules,Amman,Passengers vehicle (up to 9 seats),2,27,Male
Collision,2018-01-15 7:54,60,0,0,0,0,Two ways with median island,dry,Jordan,class 3,asphalt,day,clear,flat straight,Tailgating,Amman,Passengers vehicle (up to 9 seats),2,30,Male
Collision,2018-01-15 7:54,60,0,0,0,0,Two ways with median island,dry,Jordan,class 3,asphalt,day,clear,flat straight,Violation of traffic rules,Amman,Passengers vehicle (up to 9 seats),2,50,Female
Collision,2018-01-15 8:01,40,0,0,0,0,Two ways with median island,wet,Jordan,class4,asphalt,day,rain,flat straight,Tailgating,Amman,Passengers vehicle (up to 9 seats),3,48,Male
Collision,2018-01-15 8:01,40,0,0,0,0,Two ways with median island,wet,Jordan,class 3,asphalt,day,rain,flat straight,Violation of traffic rules,Amman,Passengers vehicle (up to 9 seats),3,31,Female
Collision,2018-01-15 8:01,40,0,0,0,0,Two ways with median island,wet,Jordan,class4,asphalt,day,rain,flat straight,Violation of traffic rules,Amman,Passengers vehicle (up to 9 seats),3,41,Male
Collision,2018-01-15 8:01,40,0,0,0,0,Two ways with median island,dry,Jordan,class 3,asphalt,day,clear,flat straight,Violation of traffic rules,Amman,Passengers vehicle (up to 9 seats),2,24,Female
Collision,2018-01-15 8:01,40,0,0,0,0,Two ways with median island,dry,Jordan,class4,asphalt,day,clear,flat straight,Improper lane changes,Amman,Passengers vehicle (up to 9 seats),2,61,Male
Collision,2018-01-15 8:06,40,0,0,0,0,Two ways,wet,Jordan,class 3,asphalt,day,clear,flat straight,Violation of traffic rules,Amman,Passengers vehicle (up to 9 seats),2,30,Male
Collision,2018-01-15 8:06,40,0,0,0,0,Two ways,wet,Jordan,class 3,asphalt,day,clear,flat straight,Neglecting traffic safety precautions,Amman,Passengers vehicle (up to 9 seats),2,33,Female
Collision,2018-01-15 8:09,50,0,0,0,0,Two ways with median island,wet,Jordan,class4,asphalt,day,rain,flat straight,Violation of traffic rules,Amman,Passengers vehicle (up to 9 seats),2,41,Male
Collision,2018-01-15 8:09,50,0,0,0,0,Two ways with median island,wet,Jordan,class 3,asphalt,day,rain,flat straight,Tailgating,Amman,Passengers vehicle (up to 9 seats),2,45,Male
Collision,2018-01-15 8:10,40,0,0,0,0,Two ways,wet,Jordan,class4,asphalt,day,rain,flat straight,Violation of traffic rules,Amman,Passengers vehicle (up to 9 seats),3,39,Male
Collision,2018-01-15 8:10,40,0,0,0,0,Two ways,wet,Jordan,class 3,asphalt,day,rain,flat straight,Improper lane changes,Amman,Passengers vehicle (up to 9 seats),3,39,Male
Collision,2018-01-15 8:10,40,0,0,0,0,Two ways,wet,Jordan,class 3,asphalt,day,rain,flat straight,Violation of traffic rules,Amman,Passengers vehicle (up to 9 seats),3,39,Male
Collision,2018-01-15 8:10,60,0,0,0,0,Two ways with median island,wet,Jordan,class4,asphalt,day,rain,flat straight,Violation of traffic rules,Amman,Passengers vehicle (up to 9 seats),2,36,Male
Collision,2018-01-15 8:10,60,0,0,0,0,Two ways with median island,wet,Jordan,class 3,asphalt,day,rain,flat straight,Tailgating,Amman,Passengers vehicle (up to 9 seats),2,50,Male
Collision,2018-01-15 8:13,90,0,0,0,0,Two ways with median island,wet,KSA,unkown driver,asphalt,night with enough light,rain,flat straight,Tailgating,Zarqa,Passengers vehicle (up to 9 seats),3,33,Unkown
Collision,2018-01-15 8:13,90,0,0,0,0,Two ways with median island,wet,Jordan,class 3,asphalt,night with enough light,rain,flat straight,Tailgating,Zarqa,Passengers vehicle (up to 9 seats),3,25,Male
Collision,2018-01-15 8:13,90,0,0,0,0,Two ways with median island,wet,Jordan,class 3,asphalt,night with enough light,rain,flat straight,Violation of traffic rules,Zarqa,Passengers vehicle (up to 9 seats),3,34,Male
Collision,2018-01-15 8:13,60,0,0,0,0,Two ways with median island,wet,Jordan,class 3,asphalt,day,rain,Upright straight,Neglecting traffic safety precautions,Amman,Passengers vehicle (up to 9 seats),2,27,Male
Collision,2018-01-15 8:13,60,0,0,0,0,Two ways with median island,wet,Jordan,class 3,asphalt,day,rain,Upright straight,Violation of traffic rules,Amman,Passengers vehicle (up to 9 seats),2,29,Male
Collision,2018-01-15 8:16,60,0,0,0,0,Two ways with median island,wet,Jordan,class 3,asphalt,day,rain,flat straight,Tailgating,Balqa,Passengers vehicle (up to 9 seats),2,37,Male
Collision,2018-01-15 8:16,60,0,0,0,0,Two ways with median island,wet,Jordan,class 3,asphalt,day,rain,flat straight,Violation of traffic rules,Balqa,Passengers vehicle (up to 9 seats),2,26,Male
Collision,2018-01-15 8:24,60,0,0,0,0,Two ways with median island,wet,Jordan,class4,asphalt,day,clear,flat straight,Violation of traffic rules,Amman,Passengers vehicle (up to 9 seats),3,34,Male
Collision,2018-01-15 8:24,60,0,0,0,0,Two ways with median island,wet,Jordan,class 3,asphalt,day,clear,flat straight,Tailgating,Amman,Passengers vehicle (up to 9 seats),3,52,Male
Collision,2018-01-15 8:24,60,0,0,0,0,Two ways with median island,wet,Jordan,class 3 auto,asphalt,day,clear,flat straight,Tailgating,Amman,Passengers vehicle (up to 9 seats),3,29,Male
Collision,2018-01-15 8:26,40,0,0,0,0,Two ways,dry,Jordan,class 3,asphalt,day,rain,flat straight,Violation of traffic rules,Amman,Passengers vehicle (up to 9 seats),2,0,Unkown
Collision,2018-01-15 8:26,40,0,0,0,0,Two ways,dry,Jordan,class 3,asphalt,day,rain,flat straight,Tailgating,Amman,Passengers vehicle (up to 9 seats),2,29,Female
Collision,2018-01-15 8:29,50,0,0,0,0,Two ways with median island,wet,Jordan,class 3,asphalt,day,rain,flat straight,Violation of traffic rules,Amman,Passengers vehicle (up to 9 seats),2,40,Female
Collision,2018-01-15 8:29,50,0,0,0,0,Two ways with median island,wet,Jordan,class 3,asphalt,day,rain,flat straight,Tailgating,Amman,Passengers vehicle (up to 9 seats),2,38,Female
Collision,2018-01-15 8:29,50,0,0,0,0,Two ways,wet,Jordan,class4,asphalt,day,rain,flat straight,Violation of traffic rules,Amman,Passengers vehicle (up to 9 seats),2,54,Male
Collision,2018-01-15 8:29,50,0,0,0,0,Two ways,wet,Jordan,class 3,asphalt,day,rain,flat straight,Tailgating,Amman,Passengers vehicle (up to 9 seats),2,37,Male
Collision,2018-01-15 8:30,30,0,0,0,0,Two ways,wet,Jordan,class 3 auto,asphalt,day,clear,flat straight,Tailgating,Amman,Passengers vehicle (up to 9 seats),4,30,Female
Collision,2018-01-15 8:30,30,0,0,0,0,Two ways,wet,Jordan,class 3,asphalt,day,clear,flat straight,Tailgating,Amman,Passengers vehicle (up to 9 seats),4,32,Female
Collision,2018-01-15 8:30,30,0,0,0,0,Two ways,wet,Jordan,class 3,asphalt,day,clear,flat straight,Violation of traffic rules,Amman,Passenger and cargo vehicle,4,48,Male
Collision,2018-01-15 8:30,30,0,0,0,0,Two ways,wet,Jordan,class 3,asphalt,day,clear,flat straight,Violation of traffic rules,Amman,Passengers vehicle (up to 9 seats),4,27,Male
Collision,2018-01-15 8:32,40,0,0,0,0,Two ways with median island,wet,Jordan,class 3,asphalt,day,rain,flat straight,Tailgating,Amman,Passengers vehicle (up to 9 seats),2,49,Male
Collision,2018-01-15 8:32,40,0,0,0,0,Two ways with median island,wet,Jordan,class 3,asphalt,day,rain,flat straight,Violation of traffic rules,Amman,Passengers vehicle (up to 9 seats),2,36,Male
Collision,2018-01-15 12:32,50,0,0,0,0,One way,dry,Jordan,class4,asphalt,day,clear,flat straight,Improper lane changes,Zarqa,Truck,2,25,Male
Collision,2018-01-15 12:32,50,0,0,0,0,One way,dry,Jordan,class5,asphalt,day,clear,flat straight,Violation of traffic rules,Zarqa,Vehicle for private use,2,25,Male
Collision,2018-01-15 8:34,40,0,0,0,0,Two ways with median island,dry,Jordan,class 3,asphalt,day,clear,flat straight,Violation of traffic rules,Zarqa,Passengers vehicle (up to 9 seats),2,26,Male
Collision,2018-01-15 8:34,40,0,0,0,0,Two ways with median island,dry,Jordan,class 3,asphalt,day,clear,flat straight,Improper lane changes,Zarqa,Passengers vehicle (up to 9 seats),2,30,Male
Collision,2018-01-15 8:35,50,0,0,0,0,Two ways with median island,wet,Jordan,class 3,asphalt,day,rain,flat straight,Violation of traffic rules,Amman,Passengers vehicle (up to 9 seats),2,28,Male
Collision,2018-01-15 8:35,50,0,0,0,0,Two ways with median island,wet,Jordan,class 3,asphalt,day,rain,flat straight,Improper reversing,Amman,Passengers vehicle (up to 9 seats),2,47,Female
Collision,2018-01-15 8:35,50,0,0,0,0,Two ways with median island,wet,Jordan,class4,asphalt,day,clear,flat straight,Improper lane changes,Irbid,Passengers vehicle (up to 9 seats),2,35,Male
Collision,2018-01-15 8:35,50,0,0,0,0,Two ways with median island,wet,Jordan,class 3,asphalt,day,clear,flat straight,Violation of traffic rules,Irbid,Passengers vehicle (up to 9 seats),2,47,Female
Collision,2018-01-15 8:36,50,0,0,0,0,Two ways with median island,wet,Jordan,class 3,asphalt,day,rain,curved ramp,Violation of traffic rules,Amman,Passengers vehicle (up to 9 seats),2,27,Female
Collision,2018-01-15 8:36,50,0,0,0,0,Two ways with median island,wet,Jordan,class 3,asphalt,day,rain,curved ramp,Neglecting traffic safety precautions,Amman,Passengers vehicle (up to 9 seats),2,40,Male
Collision,2018-01-15 8:39,70,0,0,0,0,Two ways with median island,wet,Jordan,class 3,asphalt,day,clear,flat straight,Violation of traffic rules,Amman,Passengers vehicle (up to 9 seats),2,30,Male
Collision,2018-01-15 8:39,70,0,0,0,0,Two ways with median island,wet,Jordan,class 3,asphalt,day,clear,flat straight,Tailgating,Amman,Passenger and cargo vehicle,2,23,Male
Collision,2018-01-15 8:39,60,0,0,0,0,Two ways with median island,wet,Jordan,class 3,asphalt,day,clear,Upright straight,Violation of traffic rules,Amman,Passengers vehicle (up to 9 seats),3,50,Male
Collision,2018-01-15 8:39,60,0,0,0,0,Two ways with median island,wet,Jordan,class 3,asphalt,day,clear,Upright straight,Violation of traffic rules,Amman,Passengers vehicle (up to 9 seats),3,39,Male
Collision,2018-01-15 8:39,60,0,0,0,0,Two ways with median island,wet,Jordan,class 3,asphalt,day,clear,Upright straight,Tailgating,Amman,Passengers vehicle (up to 9 seats),3,21,Male
Collision,2018-01-15 8:44,90,0,0,0,0,Two ways with median island,wet,Jordan,class 3,asphalt,night with enough light,rain,flat straight,Violation of traffic rules,Zarqa,Passenger and cargo vehicle,2,18,Male
Collision,2018-01-15 8:44,90,0,0,0,0,Two ways with median island,wet,Jordan,class 3,asphalt,night with enough light,rain,flat straight,Tailgating,Zarqa,Truck,2,27,Male
Collision,2018-01-15 8:45,40,0,0,0,0,Two ways,dry,Jordan,class4,asphalt,day,clear,flat straight,Violation of traffic rules,Amman,Passengers vehicle (up to 9 seats),2,41,Male
Collision,2018-01-15 8:45,40,0,0,0,0,Two ways,dry,Jordan,class 3,asphalt,day,clear,flat straight,Violation of traffic rules,Amman,Passengers vehicle (up to 9 seats),2,37,Female
Collision,2018-01-15 8:50,50,0,0,0,0,Two ways with median island,wet,Jordan,class4,asphalt,day,rain,straight ramp,Stopping in the lane and blocking traffic,Zarqa,Passengers vehicle (up to 9 seats),3,22,Male
Collision,2018-01-15 8:50,50,0,0,0,0,Two ways with median island,wet,Jordan,class 3,asphalt,day,rain,straight ramp,Violation of traffic rules,Zarqa,Truck,3,29,Male
Collision,2018-01-15 8:50,50,0,0,0,0,Two ways with median island,wet,Jordan,class 3,asphalt,day,rain,straight ramp,Tailgating,Zarqa,Truck,3,47,Male
Collision,2018-01-15 8:50,50,0,0,0,0,Two ways with median island,wet,Jordan,unkown driver,concrrete,day,rain,curved ramp,Tailgating,Amman,Passengers vehicle (up to 9 seats),2,0,Unkown
Collision,2018-01-15 8:50,50,0,0,0,0,Two ways with median island,wet,Jordan,class 3,concrrete,day,rain,curved ramp,Violation of traffic rules,Amman,Passengers vehicle (up to 9 seats),2,35,Male
Collision,2018-01-15 8:51,50,0,0,0,0,Two ways with median island,wet,Jordan,class 3,asphalt,day,rain,curved ramp,Tailgating,Amman,Passengers vehicle (up to 9 seats),2,44,Male
Collision,2018-01-15 8:51,50,0,0,0,0,Two ways with median island,wet,Jordan,class 3,asphalt,day,rain,curved ramp,Violation of traffic rules,Amman,Passengers vehicle (up to 9 seats),2,28,Male
Collision,2018-01-15 8:52,40,0,0,0,0,Two ways with median island,wet,Jordan,class4,asphalt,day,rain,curved ramp,Violation of traffic rules,Amman,Passengers vehicle (up to 9 seats),2,30,Male
Collision,2018-01-15 8:52,40,0,0,0,0,Two ways with median island,wet,Jordan,class 3,asphalt,day,rain,curved ramp,Open door while driving or parking,Amman,Passengers vehicle (up to 9 seats),2,34,Female
Collision,2018-01-15 10:15,50,0,0,0,0,Two ways,wet,Jordan,class 3,asphalt,day,clear,flat straight,Neglecting traffic safety precautions,Amman,Passengers vehicle (up to 9 seats),2,0,Male
Collision,2018-01-15 10:15,50,0,0,0,0,Two ways,wet,Jordan,class 3,asphalt,day,clear,flat straight,Violation of traffic rules,Amman,Passengers vehicle (up to 9 seats),2,51,Female
Collision,2018-01-15 9:01,40,0,0,0,0,Two ways with median island,dry,Jordan,class4,asphalt,day,clear,flat straight,Violation of traffic rules,Amman,Passengers vehicle (up to 9 seats),2,29,Male
Collision,2018-01-15 9:01,40,0,0,0,0,Two ways with median island,dry,Jordan,class 3,asphalt,day,clear,flat straight,Neglecting traffic safety precautions,Amman,Truck,2,0,Unkown
Collision,2018-01-15 9:02,60,0,0,0,0,Two ways with median island,wet,Jordan,class 6ab,asphalt,day,clear,Upright straight,Violation of traffic rules,Amman,Passengers vehicle (up to 9 seats),2,70,Male
Collision,2018-01-15 9:02,60,0,0,0,0,Two ways with median island,wet,Jordan,class 3,asphalt,day,clear,Upright straight,Violation of traffic rules,Amman,Passengers vehicle (up to 9 seats),2,30,Female
Collision,2018-01-15 11:03,60,0,0,0,0,Two ways,dry,Jordan,class 3,asphalt,day,clear,flat straight,Violation of traffic rules,Amman,Passengers vehicle (up to 9 seats),2,25,Male
Collision,2018-01-15 11:03,60,0,0,0,0,Two ways,dry,Jordan,class 3,asphalt,day,clear,flat straight,Violation of traffic rules,Amman,Passengers vehicle (up to 9 seats),2,56,Female
Collision,2018-01-15 9:03,100,0,0,0,0,Two ways with median island,wet,Jordan,class 6ab,asphalt,day,rain,flat straight,Violation of traffic rules,al-karak,Trailer private use,2,49,Male
Collision,2018-01-15 9:03,100,0,0,0,0,Two ways with median island,wet,Jordan,class 3,asphalt,day,rain,flat straight,Loss of control,al-karak,Passenger and cargo vehicle,2,23,Male
Collision,2018-01-15 9:04,100,0,0,0,0,Two ways with median island,wet,Jordan,class 6b,asphalt,day,clear,flat straight,Neglecting traffic safety precautions,Amman,Bus (> 30 seats),2,30,Male
Collision,2018-01-15 9:04,100,0,0,0,0,Two ways with median island,wet,Jordan,class 3,asphalt,day,clear,flat straight,Violation of traffic rules,Amman,Passengers vehicle (up to 9 seats),2,49,Male
Collision,2018-01-15 19:05,70,0,0,0,0,Two ways,dry,Jordan,class 3,asphalt,day,clear,flat straight,Violation of traffic rules,Amman,Passengers vehicle (up to 9 seats),2,33,Male
Collision,2018-01-15 19:05,70,0,0,0,0,Two ways,dry,Jordan,class 3,asphalt,day,clear,flat straight,Improper lane changes,Amman,Passengers vehicle (up to 9 seats),2,0,Unkown
Collision,2018-01-15 16:07,70,0,0,0,0,Two ways,dry,Jordan,class 3,asphalt,day,clear,flat straight,Violation of traffic rules,Amman,Passengers vehicle (up to 9 seats),2,30,Female
Collision,2018-01-15 16:07,70,0,0,0,0,Two ways,dry,Jordan,class 3,asphalt,day,clear,flat straight,Violation of traffic rules,Amman,Passengers vehicle (up to 9 seats),2,38,Female
Collision,2018-01-15 9:07,50,0,0,0,0,Two ways with median island,wet,Jordan,class 3,asphalt,day,rain,flat straight,Violation of traffic rules,Amman,Passengers vehicle (up to 9 seats),2,24,Male
Collision,2018-01-15 9:07,50,0,0,0,0,Two ways with median island,wet,Jordan,class 1,asphalt,day,rain,flat straight,Neglecting traffic safety precautions,Amman,Motorcycle,2,27,Male
Collision,2018-01-15 9:10,50,0,0,0,0,Two ways with median island,wet,Jordan,class 3,asphalt,day,rain,flat straight,Neglecting traffic safety precautions,Amman,Passengers vehicle (up to 9 seats),2,30,Male
Collision,2018-01-15 9:10,50,0,0,0,0,Two ways with median island,wet,Jordan,class 3,asphalt,day,rain,flat straight,Violation of traffic rules,Amman,Truck,2,26,Male
Collision,2018-01-14 20:09,60,0,0,0,0,Two ways,dry,Jordan,class4,asphalt,day,clear,flat straight,Violation of traffic rules,Amman,Passengers vehicle (up to 9 seats),2,37,Male
Collision,2018-01-14 20:09,60,0,0,0,0,Two ways,dry,Jordan,class 3,asphalt,day,clear,flat straight,Improper lane changes,Amman,Passengers vehicle (up to 9 seats),2,24,Male
Collision,2018-01-15 9:11,50,0,0,0,0,Two ways,wet,Jordan,class4,asphalt,day,rain,flat straight,Neglecting traffic safety precautions,Amman,Passengers vehicle (up to 9 seats),2,31,Male
Collision,2018-01-15 9:11,50,0,0,0,0,Two ways,wet,Jordan,class 3,asphalt,day,rain,flat straight,Violation of traffic rules,Amman,Passengers vehicle (up to 9 seats),2,64,Male
Collision,2018-01-15 9:14,50,0,0,0,0,Two ways,dry,Jordan,class 3 auto,asphalt,day,clear,flat straight,Tailgating,Amman,Passengers vehicle (up to 9 seats),2,23,Female
Collision,2018-01-15 9:14,50,0,0,0,0,Two ways,dry,Jordan,class 3,asphalt,day,clear,flat straight,Violation of traffic rules,Amman,Passengers vehicle (up to 9 seats),2,43,Female
Collision,2018-01-15 9:14,80,0,0,0,0,Two ways with median island,dry,Jordan,class5,asphalt,day,clear,Upright straight,Violation of traffic rules,Amman,Passengers vehicle (up to 9 seats),2,31,Male
Collision,2018-01-15 9:14,80,0,0,0,0,Two ways with median island,dry,Jordan,class 6a,asphalt,day,clear,Upright straight,Neglecting traffic safety precautions,Amman,Passengers Van or small bus (10 to 30 seats),2,48,Male
Collision,2018-01-15 9:13,40,0,0,0,0,Two ways with median island,dry,Jordan,class 3,asphalt,day,clear,flat straight,Violation of traffic rules,Amman,Passengers vehicle (up to 9 seats),2,42,Male
Collision,2018-01-15 9:13,40,0,0,0,0,Two ways with median island,dry,Jordan,class4,asphalt,day,clear,flat straight,Tailgating,Amman,Passenger and cargo vehicle,2,28,Male
Collision,2018-01-15 9:16,50,0,0,0,0,Two ways with median island,dry,Jordan,class 3,asphalt,day,clear,flat straight,Violation of traffic rules,Irbid,Passengers vehicle (up to 9 seats),2,33,Male
Collision,2018-01-15 9:16,50,0,0,0,0,Two ways with median island,dry,Jordan,class 3,asphalt,day,clear,flat straight,Tailgating,Irbid,Passengers vehicle (up to 9 seats),2,27,Male
Collision,2018-01-15 9:21,50,0,0,0,0,Two ways with median island,wet,Jordan,class4,asphalt,day,clear,Upright straight,Violation of traffic rules,Zarqa,Truck,2,39,Male
Collision,2018-01-15 9:21,50,0,0,0,0,Two ways with median island,wet,Jordan,class 3,asphalt,day,clear,Upright straight,Violation of traffic rules,Zarqa,Passengers vehicle (up to 9 seats),2,33,Male
Collision,2018-01-15 9:24,40,0,0,0,0,Two ways,wet,Jordan,class 6a,asphalt,day,rain,flat straight,Violation of traffic rules,Amman,Bus (> 30 seats),2,45,Male
Collision,2018-01-15 9:24,40,0,0,0,0,Two ways,wet,Jordan,class 3,asphalt,day,rain,flat straight,Unsafe turnaround,Amman,Passengers vehicle (up to 9 seats),2,37,Male
Collision,2018-01-15 9:34,40,0,0,0,0,Two ways with median island,dry,Jordan,class4,asphalt,day,clear,flat straight,Violation of traffic rules,Amman,Passengers vehicle (up to 9 seats),2,0,Unkown
Collision,2018-01-15 9:34,40,0,0,0,0,Two ways with median island,dry,Jordan,class 3,asphalt,day,clear,flat straight,Unsafe turnaround,Amman,Passengers vehicle (up to 9 seats),2,37,Male
Collision,2018-01-15 9:29,40,0,0,0,0,Two ways,wet,Jordan,class 3,asphalt,day,rain,flat straight,Violation of traffic rules,Amman,Passengers vehicle (up to 9 seats),2,0,Female
Collision,2018-01-15 9:29,40,0,0,0,0,Two ways,wet,Jordan,class 3,asphalt,day,rain,flat straight,Improper reversing,Amman,Passengers vehicle (up to 9 seats),2,51,Male
Collision,2018-01-15 9:40,40,0,0,0,0,One way,dry,Jordan,class4,asphalt,day,clear,flat straight,Neglecting traffic safety precautions,Amman,Truck,2,61,Male
Collision,2018-01-15 9:40,40,0,0,0,0,One way,dry,Jordan,class 3,asphalt,day,clear,flat straight,Violation of traffic rules,Amman,Passengers vehicle (up to 9 seats),2,23,Male
Run over,2018-01-14 9:49,20,1,0,0,0,Parking lot,dry,KSA,class 3,asphalt,night with enough light,clear,flat straight,Neglecting traffic safety precautions,Aqaba,Passengers vehicle (up to 9 seats),1,40,Male
Collision,2018-01-15 9:51,60,0,0,0,0,Two ways with median island,wet,Jordan,class5,asphalt,day,clear,flat straight,Violation of traffic rules,Amman,Truck,2,31,Male
Collision,2018-01-15 9:51,60,0,0,0,0,Two ways with median island,wet,Jordan,class 6ab,asphalt,day,clear,flat straight,Improper reversing,Amman,Passengers vehicle (up to 9 seats),2,56,Male
Collision,2018-01-15 9:56,60,0,0,0,0,Two ways with median island,wet,Jordan,class 3 auto,asphalt,day,clear,flat straight,Violation of traffic rules,Irbid,Passengers vehicle (up to 9 seats),2,41,Female
Collision,2018-01-15 9:56,60,0,0,0,0,Two ways with median island,wet,Jordan,class 6b,asphalt,day,clear,flat straight,Improper reversing,Irbid,Passengers Van or small bus (10 to 30 seats),2,31,Male
Collision,2018-01-15 9:58,50,0,0,0,0,Two ways with median island,wet,Jordan,class 3,asphalt,day,rain,flat straight,Violation of traffic rules,Amman,Passengers vehicle (up to 9 seats),2,46,Male
Collision,2018-01-15 9:58,50,0,0,0,0,Two ways with median island,wet,Jordan,class 3,asphalt,day,rain,flat straight,Tailgating,Amman,Passenger and cargo vehicle,2,29,Male
Collision,2018-01-15 10:04,40,0,0,0,0,Two ways,wet,Jordan,class 3,asphalt,day,fog,flat straight,Violation of traffic rules,Tafila,Passengers vehicle (up to 9 seats),2,35,Male
Collision,2018-01-15 10:04,40,0,0,0,0,Two ways,wet,Jordan,class 6b,asphalt,day,fog,flat straight,Sharp curved,Tafila,Passengers vehicle (up to 9 seats),2,45,Male
Collision,2018-01-15 14:06,60,0,0,0,0,Two ways with median island,dry,Jordan,class 3,asphalt,day,clear,flat straight,Tailgating,Amman,Passengers vehicle (up to 9 seats),2,56,Female
Collision,2018-01-15 14:06,60,0,0,0,0,Two ways with median island,dry,Jordan,class 3,asphalt,day,clear,flat straight,Violation of traffic rules,Amman,Passengers vehicle (up to 9 seats),2,43,Female
Collision,2018-01-15 16:56,50,0,0,0,0,Two ways,wet,Jordan,class 3,asphalt,sunset,rain,flat straight,Violation of traffic rules,Amman,Passengers vehicle (up to 9 seats),2,0,Unkown
Collision,2018-01-15 16:56,50,0,0,0,0,Two ways,wet,Jordan,class 3,asphalt,sunset,rain,flat straight,Violation of traffic rules,Amman,Passengers vehicle (up to 9 seats),2,32,Male
Collision,2018-01-15 10:06,60,0,0,0,0,Two ways with median island,wet,Jordan,class 3,asphalt,day,clear,flat straight,Neglecting traffic safety precautions,Amman,Passengers vehicle (up to 9 seats),1,29,Male
Collision,2018-01-15 10:08,40,0,0,0,0,Parking lot,wet,Jordan,class 6b,asphalt,day,clear,straight ramp,Improper reversing,Amman,Trailer private use,1,40,Male
Collision,2018-01-15 10:09,40,0,0,0,0,One way,wet,Jordan,class 3,asphalt,day,rain,flat straight,"Speeding in school zone,innterssecctions and curved roads",Amman,Passengers vehicle (up to 9 seats),2,29,Male
Collision,2018-01-15 10:09,40,0,0,0,0,One way,wet,Jordan,class 3,asphalt,day,rain,flat straight,Running a stop sign,Amman,Passengers vehicle (up to 9 seats),2,43,Female
Collision,2018-01-15 10:10,40,0,0,0,0,One way,dry,Jordan,class5,asphalt,day,clear,Upright straight,Violation of traffic rules,Amman,Passengers Van or small bus (10 to 30 seats),2,38,Male
Collision,2018-01-15 10:10,40,0,0,0,0,One way,dry,Jordan,class 3 auto,asphalt,day,clear,Upright straight,Improper lane changes,Amman,Passengers vehicle (up to 9 seats),2,28,Male