Accident Type,Date,Speed (Km),Simple Injuries,Severe Injuries,Death,Medium Injuries,Road Lanes,Road Surfuce Description,Vehicle Country,Driver Licensee Type,Road Type,Light,Weather,Road Proerties,Driver Mistake,City,Vehicle type,Number of Cars,Driver Age,Sex
Collision,2018-01-15 15:12,50,0,0,0,0,Two ways with median island,dry,Jordan,class 3,asphalt,day,clear,flat straight,Loss of control,Amman,Truck,2,51,Male
Collision,2018-01-15 15:17,100,0,0,0,0,Two ways with median island,dry,Jordan,unkown driver,asphalt,day,clear,flat straight,Violation of traffic rules,Amman,Passengers vehicle (up to 9 seats),2,118,Unkown
Collision,2018-01-15 15:17,100,0,0,0,0,Two ways with median island,dry,Jordan,class 3,asphalt,day,clear,flat straight,Tailgating,Amman,Truck,2,23,Male
Collision,2018-01-15 15:17,40,0,0,0,0,Two ways with median island,dry,Jordan,class4,asphalt,day,clear,flat straight,Violation of traffic rules,Irbid,Passengers vehicle (up to 9 seats),2,26,Male
Collision,2018-01-15 15:17,40,0,0,0,0,Two ways with median island,dry,Jordan,class 3,asphalt,day,clear,flat straight,Improper reversing,Irbid,Passengers vehicle (up to 9 seats),2,34,Male
Collision,2018-01-15 15:19,40,0,0,0,0,Two ways with median island,dry,Jordan,class4,asphalt,day,clear,flat straight,Improper reversing,Irbid,Passenger and cargo vehicle,2,53,Male
Collision,2018-01-15 15:19,40,0,0,0,0,Two ways with median island,dry,Jordan,class4,asphalt,day,clear,flat straight,Violation of traffic rules,Irbid,Passengers vehicle (up to 9 seats),2,33,Male
Collision,2018-01-15 18:19,40,1,0,0,0,Two ways with median island,dry,Jordan,class 3,asphalt,day,clear,flat straight,Neglecting traffic safety precautions,Irbid,Passengers vehicle (up to 9 seats),1,30,Male
Collision,2018-01-15 21:01,70,0,0,0,0,Two ways with median island,dry,Jordan,class 3,asphalt,night with enough light,clear,flat straight,Neglecting traffic safety precautions,Amman,Passengers vehicle (up to 9 seats),2,33,Male
Collision,2018-01-15 21:01,70,0,0,0,0,Two ways with median island,dry,Jordan,class 3,asphalt,night with enough light,clear,flat straight,Violation of traffic rules,Amman,Passengers vehicle (up to 9 seats),2,37,Male
Collision,2018-01-15 15:19,60,1,0,0,0,Two ways with median island,dry,Jordan,class 3,asphalt,day,clear,flat straight,Improper lane changes,Zarqa,Passengers vehicle (up to 9 seats),1,0,Unkown
Collision,2018-01-15 15:22,40,0,0,0,0,Two ways,dry,Jordan,class 3 auto,asphalt,day,clear,flat straight,Violation of traffic rules,Amman,Passengers vehicle (up to 9 seats),2,31,Female
Collision,2018-01-15 15:22,40,0,0,0,0,Two ways,dry,Jordan,class 3,asphalt,day,clear,flat straight,Running a stop sign,Amman,Passengers vehicle (up to 9 seats),2,37,Male
Collision,2018-01-15 15:22,50,0,0,0,0,Two ways with median island,dry,Jordan,class 3,asphalt,day,clear,flat straight,Violation of traffic rules,Amman,Passengers vehicle (up to 9 seats),2,36,Male
Collision,2018-01-15 15:22,50,0,0,0,0,Two ways with median island,dry,Jordan,class 3 auto,asphalt,day,clear,flat straight,Improper lane changes,Amman,Passengers vehicle (up to 9 seats),2,45,Male
Collision,2018-01-15 15:25,50,0,0,0,0,Two ways with median island,dry,Jordan,class 3,asphalt,day,clear,flat straight,Violation of traffic rules,Irbid,Passengers vehicle (up to 9 seats),2,30,Male
Collision,2018-01-15 15:25,50,0,0,0,0,Two ways with median island,dry,Jordan,class 3 auto,asphalt,day,clear,flat straight,Tailgating,Irbid,Passengers vehicle (up to 9 seats),2,22,Male
Collision,2018-01-15 15:28,40,0,0,0,0,Two ways,dry,Jordan,class 3,asphalt,day,clear,Upright straight,Violation of traffic rules,Irbid,Passengers vehicle (up to 9 seats),2,26,Male
Collision,2018-01-15 15:28,40,0,0,0,0,Two ways,dry,Jordan,class4,asphalt,day,clear,Upright straight,Neglecting traffic safety precautions,Irbid,Truck,2,24,Male
Collision,2018-01-15 15:30,50,0,0,0,0,Two ways with median island,dry,Jordan,class 6ab,asphalt,day,clear,Upright straight,Violation of traffic rules,Amman,Truck,2,66,Male
Collision,2018-01-15 15:30,50,0,0,0,0,Two ways with median island,dry,Jordan,class5,asphalt,day,clear,Upright straight,Neglecting traffic safety precautions,Amman,Passengers Van or small bus (10 to 30 seats),2,52,Male
Collision,2018-01-15 15:30,40,0,0,0,0,Two ways with median island,dry,Jordan,class 3,asphalt,day,clear,flat straight,Violation of traffic rules,Amman,Passengers vehicle (up to 9 seats),2,37,Male
Collision,2018-01-15 15:30,40,0,0,0,0,Two ways with median island,dry,Jordan,class 3,asphalt,day,clear,flat straight,Neglecting traffic safety precautions,Amman,Passengers vehicle (up to 9 seats),2,25,Male
Collision,2018-01-14 8:31,50,0,0,0,0,Two ways,dry,Jordan,class 3,asphalt,day,clear,Upright straight,Improper lane changes,Maan,Passenger and cargo vehicle,2,43,Male
Collision,2018-01-14 8:31,50,0,0,0,0,Two ways,dry,Jordan,class 3,asphalt,day,clear,Upright straight,Violation of traffic rules,Maan,Passenger and cargo vehicle,2,32,Male
Collision,2018-01-15 15:32,30,0,0,0,0,Two ways,dry,Jordan,class 3,asphalt,day,clear,flat straight,Tailgating,Amman,Passengers vehicle (up to 9 seats),2,37,Male
Collision,2018-01-15 15:32,30,0,0,0,0,Two ways,dry,Jordan,class 3,asphalt,day,clear,flat straight,Violation of traffic rules,Amman,Passengers vehicle (up to 9 seats),2,52,Male
Collision,2018-01-15 15:33,40,0,0,0,0,Two ways with median island,dry,KSA,unkown driver,asphalt,day,clear,flat straight,Improper lane changes,Amman,Passengers vehicle (up to 9 seats),2,118,Male
Collision,2018-01-15 15:33,40,0,0,0,0,Two ways with median island,dry,Jordan,class 3 auto,asphalt,day,clear,flat straight,Violation of traffic rules,Amman,Passengers vehicle (up to 9 seats),2,0,Male
Collision,2018-01-15 15:34,60,0,0,0,0,Two ways with median island,dry,Jordan,class4,asphalt,day,clear,flat straight,Violation of traffic rules,Amman,Passengers vehicle (up to 9 seats),2,26,Male
Collision,2018-01-15 15:34,60,0,0,0,0,Two ways with median island,dry,Jordan,class 3 auto,asphalt,day,clear,flat straight,Tailgating,Amman,Passengers vehicle (up to 9 seats),2,0,Female
Collision,2018-01-15 15:34,50,0,0,0,0,Two ways with median island,dry,Jordan,class4,asphalt,day,rain,flat straight,Violation of traffic rules,Zarqa,Passengers vehicle (up to 9 seats),2,57,Male
Collision,2018-01-15 15:34,50,0,0,0,0,Two ways with median island,dry,Jordan,class4,asphalt,day,rain,flat straight,Tailgating,Zarqa,Passengers vehicle (up to 9 seats),2,23,Male
Collision,2018-01-15 15:35,40,0,0,0,0,Two ways with median island,dry,Jordan,class 3,asphalt,day,clear,flat straight,Improper lane changes,Amman,Passengers vehicle (up to 9 seats),2,70,Male
Collision,2018-01-15 15:35,40,0,0,0,0,Two ways with median island,dry,Jordan,class4,asphalt,day,clear,flat straight,Violation of traffic rules,Amman,Truck,2,42,Male
Collision,2018-01-15 15:35,60,0,0,0,0,Two ways,wet,Jordan,class 3,asphalt,day,rain,flat straight,Violation of traffic rules,Amman,Passengers vehicle (up to 9 seats),2,35,Female
Collision,2018-01-15 15:35,60,0,0,0,0,Two ways,wet,Jordan,class 3 auto,asphalt,day,rain,flat straight,Violation of traffic rules,Amman,Passengers vehicle (up to 9 seats),2,0,Female
Collision,2018-01-15 15:36,60,0,0,0,0,Parking lot,dry,Jordan,class 3,asphalt,day,clear,flat straight,Violation of traffic rules,Irbid,Passengers vehicle (up to 9 seats),2,50,Male
Collision,2018-01-15 15:36,60,0,0,0,0,Parking lot,dry,KSA,unkown driver,asphalt,day,clear,flat straight,Neglecting traffic safety precautions,Irbid,Trailer private use,2,48,Male
Collision,2018-01-15 19:47,50,0,0,0,0,Two ways,dry,Jordan,class 3,asphalt,night with enough light,clear,flat straight,Violation of traffic rules,Amman,Passengers vehicle (up to 9 seats),2,0,Unkown
Collision,2018-01-15 15:39,50,0,0,0,0,Two ways,dry,Jordan,class 3,asphalt,day,clear,flat straight,Improper reversing,Amman,Truck,2,25,Male
Collision,2018-01-15 15:41,40,0,0,0,0,Two ways with median island,dry,Jordan,class 3,asphalt,day,clear,straight ramp,Improper lane changes,Aqaba,Truck,3,36,Male
Collision,2018-01-15 15:41,40,0,0,0,0,Two ways with median island,dry,Jordan,class 3,asphalt,day,clear,straight ramp,Violation of traffic rules,Aqaba,Passengers vehicle (up to 9 seats),3,29,Male
Collision,2018-01-15 15:41,40,0,0,0,0,Two ways with median island,dry,Jordan,class 3,asphalt,day,clear,straight ramp,Violation of traffic rules,Aqaba,Passengers vehicle (up to 9 seats),3,29,Male
Collision,2018-01-15 15:41,70,0,0,0,0,Two ways with median island,dry,Jordan,class 3,asphalt,day,clear,flat straight,Improper lane changes,Balqa,Passenger and cargo vehicle,1,49,Male
Collision,2018-01-15 15:44,60,0,0,0,0,Two ways with median island,dry,Jordan,class 3 auto,asphalt,day,clear,flat straight,Violation of traffic rules,Zarqa,Passengers vehicle (up to 9 seats),2,37,Female
Collision,2018-01-15 15:44,60,0,0,0,0,Two ways with median island,dry,Jordan,class 3,asphalt,day,clear,flat straight,Neglecting traffic safety precautions,Zarqa,Passengers vehicle (up to 9 seats),2,28,Female
Collision,2018-01-15 15:45,50,0,0,0,0,Two ways,dry,Jordan,class 3,asphalt,day,clear,flat straight,Violation of traffic rules,Amman,Passengers vehicle (up to 9 seats),2,28,Male
Collision,2018-01-15 15:45,50,0,0,0,0,Two ways,dry,Jordan,class 3,asphalt,day,clear,flat straight,Improper lane changes,Amman,Passenger and cargo vehicle,2,28,Male
Collision,2018-01-15 19:15,60,0,0,0,0,Two ways with median island,dry,Jordan,class 6ab,asphalt,night with enough light,clear,flat straight,Disregarding traffic signs,Amman,Passenger and cargo vehicle,2,44,Male
Collision,2018-01-15 19:15,60,0,0,0,0,Two ways with median island,dry,Jordan,class 3,asphalt,night with enough light,clear,flat straight,Violation of traffic rules,Amman,Passengers vehicle (up to 9 seats),2,70,Male
Collision,2018-01-15 15:49,60,0,0,0,0,Two ways with median island,dry,Jordan,class 3,asphalt,day,clear,flat straight,Neglecting traffic safety precautions,Amman,Truck,2,33,Male
Collision,2018-01-15 15:49,60,0,0,0,0,Two ways with median island,dry,Jordan,class 3,asphalt,day,clear,flat straight,Violation of traffic rules,Amman,Passengers vehicle (up to 9 seats),2,55,Male
Collision,2018-01-15 15:51,50,0,0,0,0,Two ways,dry,Jordan,class 3,asphalt,day,clear,flat straight,Violation of traffic rules,Amman,Passengers vehicle (up to 9 seats),2,48,Female
Collision,2018-01-15 15:51,50,0,0,0,0,Two ways,dry,Jordan,class 3,asphalt,day,clear,flat straight,Violation of traffic rules,Amman,Passengers vehicle (up to 9 seats),2,55,Male
Collision,2018-01-15 15:52,60,0,0,0,0,Two ways with median island,dry,Jordan,class4,asphalt,day,clear,Upright straight,Violation of traffic rules,Amman,Truck,2,26,Male
Collision,2018-01-15 15:52,60,0,0,0,0,Two ways with median island,dry,Jordan,class 3,asphalt,day,clear,Upright straight,Improper lane changes,Amman,Truck,2,24,Male
Collision,2018-01-15 15:53,50,1,0,0,0,Two ways,dry,Jordan,class4,asphalt,day,clear,flat straight,Violation of traffic rules,Amman,Passengers vehicle (up to 9 seats),2,37,Male
Collision,2018-01-15 15:53,50,1,0,0,0,Two ways,dry,Jordan,class 3,asphalt,day,clear,flat straight,Improper lane changes,Amman,Passengers vehicle (up to 9 seats),2,118,Unkown
Collision,2018-01-15 15:53,60,0,0,0,0,Two ways with median island,dry,Jordan,class 3,asphalt,day,clear,flat straight,Violation of traffic rules,Amman,Passengers vehicle (up to 9 seats),2,25,Male
Collision,2018-01-15 15:53,60,0,0,0,0,Two ways with median island,dry,Jordan,class 3,asphalt,day,clear,flat straight,Tailgating,Amman,Passengers vehicle (up to 9 seats),2,22,Female
Collision,2018-01-15 15:54,40,0,0,0,0,Two ways,dry,Jordan,class 3 auto,asphalt,day,clear,flat straight,Neglecting traffic safety precautions,Amman,Passengers vehicle (up to 9 seats),2,46,Female
Collision,2018-01-15 15:54,40,0,0,0,0,Two ways,dry,Jordan,class 3,asphalt,day,clear,flat straight,Violation of traffic rules,Amman,Passengers vehicle (up to 9 seats),2,0,Unkown
Collision,2018-01-15 15:58,50,0,0,0,0,Parking lot,dry,Jordan,class 3,asphalt,day,clear,flat straight,Improper reversing,Amman,Passengers vehicle (up to 9 seats),1,0,Unkown
Collision,2018-01-15 15:59,70,0,0,0,0,Two ways with median island,dry,Jordan,class 3,asphalt,sunset,clear,flat straight,Violation of traffic rules,Irbid,Passenger and cargo vehicle,2,46,Male
Collision,2018-01-15 15:59,70,0,0,0,0,Two ways with median island,dry,Jordan,class 3,asphalt,sunset,clear,flat straight,Violation of traffic rules,Irbid,Passenger and cargo vehicle,2,0,Unkown
Collision,2018-01-15 16:00,40,0,0,0,0,Two ways with median island,dry,Jordan,class 3,concrrete,day,clear,flat straight,Neglecting traffic safety precautions,Amman,Passengers vehicle (up to 9 seats),1,41,Male
Collision,2018-01-15 16:04,60,0,0,0,0,Two ways with median island,dry,Jordan,class5,asphalt,day,clear,flat straight,Violation of traffic rules,Amman,Passengers vehicle (up to 9 seats),2,29,Male
Collision,2018-01-15 16:04,60,0,0,0,0,Two ways with median island,dry,KSA,unkown driver,asphalt,day,clear,flat straight,Tailgating,Amman,Passengers vehicle (up to 9 seats),2,118,Unkown
Collision,2018-01-15 16:04,60,0,0,0,0,Two ways,dry,Jordan,class 3,asphalt,sunset,clear,flat straight,Violation of traffic rules,Irbid,Passengers vehicle (up to 9 seats),2,34,Male
Collision,2018-01-15 16:04,60,0,0,0,0,Two ways,dry,Jordan,class4,asphalt,sunset,clear,flat straight,Violation of traffic rules,Irbid,Passengers vehicle (up to 9 seats),2,0,Unkown
Collision,2018-01-15 16:05,60,1,0,0,0,Two ways with median island,dry,Jordan,class 3,asphalt,day,clear,flat straight,Violation of traffic rules,Amman,Passengers vehicle (up to 9 seats),2,28,Female
Collision,2018-01-15 16:05,50,0,0,0,0,Two ways,dry,Jordan,class4,asphalt,day,clear,flat straight,Sharp curved,Amman,Truck,2,41,Male
Collision,2018-01-15 16:05,50,0,0,0,0,Two ways,dry,Jordan,class 3,asphalt,day,clear,flat straight,Violation of traffic rules,Amman,Truck,2,64,Male
Collision,2018-01-15 16:08,40,0,0,0,0,Two ways,dry,Jordan,class 3,asphalt,day,clear,flat straight,Sharp curved,Amman,Passengers vehicle (up to 9 seats),1,21,Male
Collision,2018-01-15 16:11,60,0,0,0,0,Two ways with median island,dry,Jordan,class 3,asphalt,day,clear,flat curved,Sharp curved,Amman,Passengers vehicle (up to 9 seats),1,69,Male
Collision,2018-01-15 17:13,50,0,0,0,0,Two ways,wet,Jordan,class 3,asphalt,sunset,clear,flat straight,Violation of traffic rules,Irbid,Passengers vehicle (up to 9 seats),2,21,Male
Collision,2018-01-15 17:13,50,0,0,0,0,Two ways,wet,Jordan,class 3,asphalt,sunset,clear,flat straight,Improper lane changes,Irbid,Passengers vehicle (up to 9 seats),2,35,Female
Collision,2018-01-15 16:12,40,0,0,0,0,Parking lot,dry,Jordan,class 3,concrrete,day,clear,flat straight,Improper reversing,Amman,Passengers vehicle (up to 9 seats),1,43,Male
Collision,2018-01-15 16:13,40,0,0,0,0,Two ways with median island,dry,Jordan,class5,asphalt,day,clear,flat straight,Violation of traffic rules,Amman,Passengers Van or small bus (10 to 30 seats),2,46,Male
Collision,2018-01-15 16:13,40,0,0,0,0,Two ways with median island,dry,Jordan,class4,asphalt,day,clear,flat straight,Neglecting traffic safety precautions,Amman,Truck,2,32,Male
Collision,2018-01-15 16:13,60,0,0,0,0,Two ways with median island,dry,Jordan,class 3,asphalt,day,clear,flat straight,Violation of traffic rules,Zarqa,Truck,2,48,Male
Collision,2018-01-15 16:13,60,0,0,0,0,Two ways with median island,dry,Jordan,class 3,asphalt,day,clear,flat straight,Violation of traffic rules,Zarqa,Truck,2,0,Unkown
Collision,2018-01-15 16:14,50,0,0,0,0,Two ways with median island,dry,Jordan,class4,asphalt,day,clear,flat straight,Violation of traffic rules,Amman,Passengers vehicle (up to 9 seats),2,25,Male
Collision,2018-01-15 16:14,50,0,0,0,0,Two ways with median island,dry,Jordan,class 3,asphalt,day,clear,flat straight,Improper lane changes,Amman,Passengers vehicle (up to 9 seats),2,27,Male
Collision,2018-01-15 16:16,50,0,0,0,0,Two ways,dry,KSA,unkown driver,asphalt,day,clear,flat straight,Violation of traffic rules,Amman,Passengers vehicle (up to 9 seats),2,118,Male
Collision,2018-01-15 16:16,50,0,0,0,0,Two ways,dry,Jordan,class 3,asphalt,day,clear,flat straight,Violation of traffic rules,Amman,Passengers vehicle (up to 9 seats),2,35,Male
Collision,2018-01-15 16:20,40,0,0,0,0,Two ways,dry,Jordan,class4,asphalt,day,clear,flat straight,Violation of traffic rules,Amman,Passenger and cargo vehicle,3,32,Unkown
Collision,2018-01-15 16:20,40,0,0,0,0,Two ways,dry,Jordan,class 3,asphalt,day,clear,flat straight,Violation of traffic rules,Amman,Passengers vehicle (up to 9 seats),3,0,Unkown
Collision,2018-01-15 16:20,40,0,0,0,0,Two ways,dry,Jordan,class 3,asphalt,day,clear,flat straight,Violation of traffic rules,Amman,Passengers vehicle (up to 9 seats),3,27,Male
Collision,2018-01-15 16:25,60,0,0,0,0,Two ways,dry,Jordan,class4,asphalt,day,clear,flat straight,Violation of traffic rules,Amman,Passengers vehicle (up to 9 seats),2,35,Male
Collision,2018-01-15 16:25,60,0,0,0,0,Two ways,dry,Jordan,class4,asphalt,day,clear,flat straight,Violation of traffic rules,Amman,Passengers vehicle (up to 9 seats),2,57,Male
Collision,2018-01-15 16:26,50,0,0,0,0,Two ways,dry,Jordan,class 3,asphalt,day,clear,flat straight,Violation of traffic rules,Amman,Passengers vehicle (up to 9 seats),2,0,Unkown
Collision,2018-01-15 16:26,50,0,0,0,0,Two ways,dry,Jordan,class 3,asphalt,day,clear,flat straight,Improper reversing,Amman,Passengers vehicle (up to 9 seats),2,28,Male
Collision,2018-01-15 16:27,60,0,0,0,0,Two ways with median island,dry,Jordan,class 3,asphalt,day,clear,flat straight,Violation of traffic rules,Amman,Passengers vehicle (up to 9 seats),2,35,Male
Collision,2018-01-15 16:27,60,0,0,0,0,Two ways with median island,dry,Jordan,class 3,asphalt,day,clear,flat straight,Neglecting traffic safety precautions,Amman,Passengers vehicle (up to 9 seats),2,118,Unkown
Collision,2018-01-15 19:27,60,0,0,0,0,Two ways with median island,dry,Jordan,class 3,asphalt,night with enough light,clear,flat straight,Tailgating,Amman,Passengers vehicle (up to 9 seats),3,21,Male
Collision,2018-01-15 19:27,60,0,0,0,0,Two ways with median island,dry,Jordan,class 3,asphalt,night with enough light,clear,flat straight,Violation of traffic rules,Amman,Passengers vehicle (up to 9 seats),3,28,Female
Collision,2018-01-15 19:27,60,0,0,0,0,Two ways with median island,dry,Jordan,class 3,asphalt,night with enough light,clear,flat straight,Violation of traffic rules,Amman,Passengers vehicle (up to 9 seats),3,0,Unkown
Collision,2018-01-15 16:29,50,0,0,0,0,Two ways,dry,Jordan,class 3,asphalt,day,clear,flat straight,Violation of traffic rules,Amman,Passengers vehicle (up to 9 seats),2,26,Male
Collision,2018-01-15 16:30,60,0,0,0,0,Two ways with median island,dry,Jordan,class4,asphalt,day,clear,flat straight,Tailgating,Zarqa,Truck,2,29,Male
Collision,2018-01-15 16:30,60,0,0,0,0,Two ways with median island,dry,Jordan,class 3,asphalt,day,clear,flat straight,Violation of traffic rules,Zarqa,Passengers vehicle (up to 9 seats),2,30,Male
Collision,2018-01-15 16:30,40,0,0,0,0,Two ways with median island,dry,Jordan,class4,asphalt,day,clear,flat straight,Violation of traffic rules,Zarqa,Truck,2,59,Male
Collision,2018-01-15 16:30,40,0,0,0,0,Two ways with median island,dry,Jordan,class 3,asphalt,day,clear,flat straight,Violation of traffic rules,Zarqa,Truck,2,26,Male
Collision,2018-01-15 12:34,60,0,0,0,0,Two ways,dry,Jordan,class4,asphalt,day,clear,flat straight,Violation of traffic rules,Amman,Passenger and cargo vehicle,2,23,Male
Collision,2018-01-15 12:34,60,0,0,0,0,Two ways,dry,Jordan,class 3,asphalt,day,clear,flat straight,Violation of traffic rules,Amman,Passengers vehicle (up to 9 seats),2,118,Male
Collision,2018-01-15 16:36,40,0,0,0,0,One way,wet,Jordan,class4,asphalt,day,clear,flat straight,Violation of traffic rules,Irbid,Passengers vehicle (up to 9 seats),2,45,Male
Collision,2018-01-15 16:36,40,0,0,0,0,One way,wet,Jordan,class4,asphalt,day,clear,flat straight,Violation of traffic rules,Irbid,Passengers vehicle (up to 9 seats),2,40,Male
Collision,2018-01-15 16:39,50,0,0,0,0,Two ways,wet,Jordan,class 3,asphalt,day,clear,flat straight,Violation of traffic rules,Amman,Passengers vehicle (up to 9 seats),2,0,Male
Collision,2018-01-15 16:39,50,0,0,0,0,Two ways,wet,Jordan,class 3,asphalt,day,clear,flat straight,Improper reversing,Amman,Passengers vehicle (up to 9 seats),2,35,Male
Collision,2018-01-15 16:40,60,0,0,0,0,Two ways with median island,wet,Jordan,class 3 auto,asphalt,night with enough light,rain,flat straight,Violation of traffic rules,Amman,Passengers vehicle (up to 9 seats),2,36,Female
Collision,2018-01-15 16:40,60,0,0,0,0,Two ways with median island,wet,Jordan,unkown driver,asphalt,night with enough light,rain,flat straight,Violation of traffic rules,Amman,Passengers vehicle (up to 9 seats),2,118,Male
Collision,2018-01-15 10:40,50,0,0,0,0,Two ways with median island,dry,Jordan,class 6ab,asphalt,day,clear,flat straight,Neglecting traffic safety precautions,Madaba,Truck,2,68,Male
Collision,2018-01-15 10:40,50,0,0,0,0,Two ways with median island,dry,Jordan,class 3,asphalt,day,clear,flat straight,Violation of traffic rules,Madaba,Passengers vehicle (up to 9 seats),2,37,Female
Collision,2018-01-15 16:43,40,0,0,0,0,Two ways,dry,Jordan,class 3,asphalt,sunset,rain,flat straight,Violation of traffic rules,Amman,Trailer private use,2,0,Unkown
Collision,2018-01-15 16:43,40,0,0,0,0,Two ways,dry,Jordan,class 3,asphalt,sunset,rain,flat straight,Improper reversing,Amman,Passengers vehicle (up to 9 seats),2,21,Male
Collision,2018-01-15 16:48,80,0,0,0,0,Two ways with median island,wet,Jordan,class5,asphalt,day,clear,flat straight,Violation of traffic rules,Balqa,Truck,2,46,Male
Collision,2018-01-15 16:48,80,0,0,0,0,Two ways with median island,wet,Jordan,class 3,asphalt,day,clear,flat straight,Violation of traffic rules,Balqa,Passengers vehicle (up to 9 seats),2,21,Male
Collision,2018-01-15 16:56,50,0,0,0,0,One way,dry,Jordan,class 3 auto,asphalt,night with enough light,clear,Upright straight,Violation of traffic rules,Amman,Passengers vehicle (up to 9 seats),2,25,Male
Collision,2018-01-15 16:56,50,0,0,0,0,One way,dry,Jordan,class 3,asphalt,night with enough light,clear,Upright straight,Violation of traffic rules,Amman,Passengers vehicle (up to 9 seats),2,25,Male
Collision,2018-01-15 16:59,70,0,0,0,0,Two ways with median island,dry,Jordan,class 3,asphalt,sunset,clear,flat straight,Violation of traffic rules,Zarqa,Passengers vehicle (up to 9 seats),2,39,Male
Collision,2018-01-15 16:59,70,0,0,0,0,Two ways with median island,dry,Jordan,class 3,asphalt,sunset,clear,flat straight,Violation of traffic rules,Zarqa,Passenger and cargo vehicle,2,51,Male
Collision,2018-01-15 17:06,50,0,0,0,0,Two ways,dry,Jordan,class4,asphalt,sunset,clear,flat straight,Tailgating,Amman,Passengers vehicle (up to 9 seats),2,37,Male
Collision,2018-01-15 17:06,50,0,0,0,0,Two ways,dry,Jordan,class5,asphalt,sunset,clear,flat straight,Violation of traffic rules,Amman,Passengers vehicle (up to 9 seats),2,68,Male
Collision,2018-01-15 17:07,40,0,0,0,0,Two ways with median island,dry,Jordan,class 3,asphalt,day,clear,flat straight,Tailgating,Amman,Passengers vehicle (up to 9 seats),2,30,Male
Collision,2018-01-15 17:07,40,0,0,0,0,Two ways with median island,dry,Jordan,class4,asphalt,day,clear,flat straight,Violation of traffic rules,Amman,Passengers vehicle (up to 9 seats),2,31,Male
Collision,2018-01-15 21:20,40,0,0,0,0,Parking lot,dry,Jordan,class 3,concrrete,night with enough light,clear,flat straight,Neglecting traffic safety precautions,Amman,Passengers vehicle (up to 9 seats),2,20,Female
Collision,2018-01-15 21:20,40,0,0,0,0,Parking lot,dry,Jordan,class 3,concrrete,night with enough light,clear,flat straight,Violation of traffic rules,Amman,Passengers vehicle (up to 9 seats),2,118,Male
Collision,2018-01-15 17:09,60,0,0,0,0,Two ways with median island,dry,Jordan,class 3,asphalt,sunset,clear,flat straight,Wrong way driving,Zarqa,Passengers vehicle (up to 9 seats),2,0,Unkown
Collision,2018-01-15 17:09,60,0,0,0,0,Two ways with median island,dry,Jordan,class 3,asphalt,sunset,clear,flat straight,Violation of traffic rules,Zarqa,Passengers vehicle (up to 9 seats),2,0,Unkown
Collision,2018-01-15 17:11,50,0,0,0,0,Two ways with median island,dry,Jordan,class 3,asphalt,sunset,clear,flat straight,Violation of traffic rules,Amman,Passengers vehicle (up to 9 seats),2,28,Male
Collision,2018-01-15 17:11,50,0,0,0,0,Two ways with median island,dry,Jordan,class 3,asphalt,sunset,clear,flat straight,Improper lane changes,Amman,Passengers vehicle (up to 9 seats),2,33,Male
Collision,2018-01-15 17:16,40,0,0,0,0,Parking lot,dry,Jordan,class 3,asphalt,night with enough light,clear,flat straight,Improper lane changes,Amman,Passengers vehicle (up to 9 seats),2,33,Male
Collision,2018-01-15 17:16,40,0,0,0,0,Parking lot,dry,Jordan,class 3,asphalt,night with enough light,clear,flat straight,Violation of traffic rules,Amman,Passengers vehicle (up to 9 seats),2,33,Female
Collision,2018-01-15 17:16,40,0,0,0,0,Two ways,dry,Jordan,class 3,asphalt,night with enough light,clear,flat straight,Violation of traffic rules,Amman,Passenger and cargo vehicle,2,31,Male
Collision,2018-01-15 17:16,40,0,0,0,0,Two ways,dry,Jordan,class 3,asphalt,night with enough light,clear,flat straight,Tailgating,Amman,Passengers vehicle (up to 9 seats),2,48,Male
Collision,2018-01-15 17:19,50,0,0,0,0,Two ways with median island,dry,Jordan,class 3,asphalt,night with enough light,clear,flat straight,Violation of traffic rules,Amman,Passengers vehicle (up to 9 seats),3,29,Male
Collision,2018-01-15 17:19,50,0,0,0,0,Two ways with median island,dry,Jordan,class 3,asphalt,night with enough light,clear,flat straight,Violation of traffic rules,Amman,Passengers vehicle (up to 9 seats),3,53,Male
Collision,2018-01-15 17:19,50,0,0,0,0,Two ways with median island,dry,Jordan,class4,asphalt,night with enough light,clear,flat straight,Tailgating,Amman,Passengers vehicle (up to 9 seats),3,34,Male
Collision,2018-01-15 17:19,60,0,0,0,0,Two ways with median island,dry,Jordan,class5,asphalt,sunset,clear,flat straight,Improper lane changes,Irbid,Passengers vehicle (up to 9 seats),2,25,Male
Collision,2018-01-15 17:19,60,0,0,0,0,Two ways with median island,dry,Jordan,class4,asphalt,sunset,clear,flat straight,Violation of traffic rules,Irbid,Passengers vehicle (up to 9 seats),2,28,Male
Collision,2018-01-15 17:20,60,0,0,0,0,Two ways with median island,dry,Jordan,class 3,asphalt,night with enough light,clear,flat straight,Running a stop sign,Amman,Passengers vehicle (up to 9 seats),2,33,Male
Collision,2018-01-15 17:20,60,0,0,0,0,Two ways with median island,dry,Jordan,class5,asphalt,night with enough light,clear,flat straight,Violation of traffic rules,Amman,Passengers vehicle (up to 9 seats),2,30,Male
Collision,2018-01-15 17:21,50,0,0,0,0,Two ways with median island,dry,Jordan,class 6ab,asphalt,day,clear,flat straight,Improper lane changes,Amman,Passengers Van or small bus (10 to 30 seats),2,42,Male
Collision,2018-01-15 17:21,50,0,0,0,0,Two ways with median island,dry,Jordan,class 3,asphalt,day,clear,flat straight,Violation of traffic rules,Amman,Passengers vehicle (up to 9 seats),2,24,Male
Collision,2018-01-15 17:21,40,0,0,0,0,Two ways with median island,dry,Jordan,class5,asphalt,day,clear,flat straight,Violation of traffic rules,Amman,Passengers vehicle (up to 9 seats),3,56,Male