Accident Type,Date,Speed (Km),Simple Injuries,Severe Injuries,Death,Medium Injuries,Road Lanes,Road Surfuce Description,Vehicle Country,Driver Licensee Type,Road Type,Light,Weather,Road Proerties,Driver Mistake,City,Vehicle type,Number of Cars,Driver Age,Sex
Collision,2018-01-17 14:06,40,0,0,0,0,Two ways,dry,Jordan,class 3,asphalt,day,clear,flat straight,Tailgating,Amman,Passengers vehicle (up to 9 seats),2,26,Female
Collision,2018-01-17 14:06,40,0,0,0,0,Two ways,dry,Jordan,unkown driver,asphalt,day,clear,flat straight,Violation of traffic rules,Amman,Passengers vehicle (up to 9 seats),2,118,Unkown
Collision,2018-01-17 14:08,60,0,0,0,0,Two ways with median island,wet,Jordan,class 3,asphalt,day,rain,flat straight,Violation of traffic rules,Irbid,Passengers vehicle (up to 9 seats),3,25,Male
Collision,2018-01-17 14:08,60,0,0,0,0,Two ways with median island,wet,Jordan,class5,asphalt,day,rain,flat straight,Tailgating,Irbid,Passengers vehicle (up to 9 seats),3,60,Male
Collision,2018-01-17 14:08,60,0,0,0,0,Two ways with median island,wet,Jordan,class 3,asphalt,day,rain,flat straight,Violation of traffic rules,Irbid,Passengers vehicle (up to 9 seats),3,26,Male
Collision,2018-01-17 14:15,70,0,0,0,0,Two ways with median island,dry,Jordan,class 3,asphalt,night without enough light,clear,flat straight,Violation of traffic rules,Amman,Passengers vehicle (up to 9 seats),2,0,Male
Collision,2018-01-17 14:15,70,0,0,0,0,Two ways with median island,dry,Jordan,class 3,asphalt,night without enough light,clear,flat straight,Tailgating,Amman,Passengers vehicle (up to 9 seats),2,49,Male
Collision,2018-01-17 14:20,40,1,0,0,0,Two ways,dry,Jordan,class 3,asphalt,day,clear,flat straight,Violation of traffic rules,Amman,Trailer private use,2,0,Unkown
Collision,2018-01-17 14:20,40,1,0,0,0,Two ways,dry,Jordan,class 6ab,asphalt,day,clear,flat straight,Neglecting traffic safety precautions,Amman,Trailer private use,2,60,Male
Collision,2018-01-17 12:22,60,0,0,0,0,Two ways with median island,dry,Jordan,class 3,asphalt,day,clear,flat straight,Violation of traffic rules,Zarqa,Motorcycle,2,0,Unkown
Collision,2018-01-17 12:22,60,0,0,0,0,Two ways with median island,dry,Jordan,class 6ab,asphalt,day,clear,flat straight,Neglecting traffic safety precautions,Zarqa,Trailer private use,2,51,Male
Collision,2018-01-17 14:23,40,0,0,0,0,One way,dry,Jordan,class 3,asphalt,day,clear,flat straight,Violation of traffic rules,Amman,Passengers vehicle (up to 9 seats),2,42,Female
Collision,2018-01-17 14:23,40,0,0,0,0,One way,dry,Jordan,class 3,asphalt,day,clear,flat straight,Violation of traffic rules,Amman,Passengers vehicle (up to 9 seats),2,37,Female
Collision,2018-01-17 14:26,40,0,0,0,0,Two ways,wet,Jordan,class4,asphalt,day,clear,flat straight,Violation of traffic rules,Irbid,Passengers vehicle (up to 9 seats),2,45,Male
Collision,2018-01-17 14:26,40,0,0,0,0,Two ways,wet,Jordan,class 3,asphalt,day,clear,flat straight,Running a stop sign,Irbid,Passengers vehicle (up to 9 seats),2,28,Male
Collision,2018-01-17 14:27,40,0,0,0,0,Two ways,dry,Jordan,class4,asphalt,day,clear,flat straight,Violation of traffic rules,Zarqa,Passengers vehicle (up to 9 seats),2,54,Male
Collision,2018-01-17 14:27,40,0,0,0,0,Two ways,dry,Jordan,class 3,asphalt,day,clear,flat straight,Tailgating,Zarqa,Passengers vehicle (up to 9 seats),2,27,Male
Collision,2018-01-17 14:28,40,0,0,0,0,Two ways,dry,Jordan,class 3,asphalt,day,clear,flat straight,Violation of traffic rules,Amman,Passengers vehicle (up to 9 seats),2,48,Male
Collision,2018-01-17 14:28,40,0,0,0,0,Two ways,dry,Jordan,class 3,asphalt,day,clear,flat straight,Violation of traffic rules,Amman,Passengers vehicle (up to 9 seats),2,44,Male
Collision,2018-01-17 14:30,50,0,0,0,0,Two ways,wet,Jordan,class5,asphalt,day,rain,flat straight,Violation of traffic rules,Balqa,Passengers vehicle (up to 9 seats),2,66,Male
Collision,2018-01-17 14:30,50,0,0,0,0,Two ways,wet,Jordan,class 3,asphalt,day,rain,flat straight,Improper reversing,Balqa,Passengers vehicle (up to 9 seats),2,62,Male
Collision,2018-01-17 14:33,40,0,0,0,0,One way,dry,Jordan,class 3,asphalt,day,clear,flat straight,Violation of traffic rules,Amman,Passengers vehicle (up to 9 seats),2,20,Male
Collision,2018-01-17 14:33,40,0,0,0,0,One way,dry,Jordan,class 3,asphalt,day,clear,flat straight,Running a stop sign,Amman,Passengers vehicle (up to 9 seats),2,34,Female
Collision,2018-01-17 14:33,50,0,0,0,0,Two ways with median island,dry,Jordan,class4,asphalt,day,clear,Upright straight,Disregarding traffic signs,Amman,Passengers vehicle (up to 9 seats),2,45,Male
Collision,2018-01-17 14:33,50,0,0,0,0,Two ways with median island,dry,Jordan,class 3,asphalt,day,clear,Upright straight,Disregarding traffic signs,Amman,Passengers vehicle (up to 9 seats),2,19,Male
Collision,2018-01-17 14:33,40,0,0,0,0,Two ways,dry,Jordan,class4,asphalt,day,clear,straight ramp,Neglecting traffic safety precautions,Amman,Truck,1,25,Male
Collision,2018-01-17 14:35,40,0,0,0,0,Two ways,dry,Jordan,class 3 auto,asphalt,day,clear,Upright straight,Violation of traffic rules,Amman,Passengers vehicle (up to 9 seats),2,118,Unkown
Collision,2018-01-17 14:35,40,0,0,0,0,Two ways,dry,Jordan,class4,asphalt,day,clear,Upright straight,Violation of traffic rules,Amman,Passenger and cargo vehicle,2,38,Male
Collision,2018-01-17 14:38,30,0,0,0,0,Public Parks,dry,Jordan,class 6b,concrrete,day,clear,flat straight,Neglecting traffic safety precautions,Aqaba,Trailer private use,1,33,Male
Collision,2018-01-17 14:38,50,1,0,0,0,Two ways,wet,Jordan,class 3,asphalt,day,clear,Upright curved,Improper lane changes,Irbid,Truck,2,118,Male
Collision,2018-01-17 14:38,50,1,0,0,0,Two ways,wet,Jordan,class 3,asphalt,day,clear,Upright curved,Violation of traffic rules,Irbid,Passengers vehicle (up to 9 seats),2,33,Female
Collision,2018-01-17 14:39,60,0,0,0,0,Two ways with median island,wet,Jordan,class4,asphalt,day,rain,flat straight,Violation of traffic rules,Amman,Passengers vehicle (up to 9 seats),2,55,Male
Collision,2018-01-17 14:39,60,0,0,0,0,Two ways with median island,wet,Jordan,class 3,asphalt,day,rain,flat straight,Neglecting traffic safety precautions,Amman,Passengers vehicle (up to 9 seats),2,29,Male
Collision,2018-01-17 14:42,50,0,0,0,0,Two ways with median island,wet,Jordan,class 3,asphalt,day,rain,flat straight,Violation of traffic rules,Amman,Passengers vehicle (up to 9 seats),2,58,Female
Collision,2018-01-17 14:42,50,0,0,0,0,Two ways with median island,wet,Jordan,class 3,asphalt,day,rain,flat straight,Violation of traffic rules,Amman,Passengers vehicle (up to 9 seats),2,0,Male
Collision,2018-01-17 14:42,60,0,0,0,0,Two ways,wet,Jordan,class 6ab,asphalt,day,clear,flat straight,Violation of traffic rules,Amman,Passengers vehicle (up to 9 seats),2,48,Male
Collision,2018-01-17 14:42,60,0,0,0,0,Two ways,wet,Jordan,class 3,asphalt,day,clear,flat straight,Tailgating,Amman,Truck,2,20,Unkown
Collision,2018-01-17 16:45,40,0,0,0,0,One way,dry,Jordan,class 3,asphalt,sunset,clear,flat straight,Violation of traffic rules,Amman,Passengers vehicle (up to 9 seats),2,41,Male
Collision,2018-01-17 16:45,40,0,0,0,0,One way,dry,Jordan,class 3,asphalt,sunset,clear,flat straight,Tailgating,Amman,Passengers vehicle (up to 9 seats),2,39,Male
Collision,2018-01-17 17:30,50,0,0,0,0,One way,wet,Jordan,class 3,asphalt,day,clear,flat straight,Violation of traffic rules,Amman,Passenger and cargo vehicle,2,0,Unkown
Collision,2018-01-17 17:30,50,0,0,0,0,One way,wet,Jordan,class 3,asphalt,day,clear,flat straight,Neglecting traffic safety precautions,Amman,Passengers vehicle (up to 9 seats),2,60,Male
Collision,2018-01-17 14:44,60,0,0,0,0,Two ways with median island,dry,Jordan,class 6a,asphalt,day,clear,flat straight,Violation of traffic rules,Amman,Passengers Van or small bus (10 to 30 seats),2,48,Male
Collision,2018-01-17 14:44,60,0,0,0,0,Two ways with median island,dry,Jordan,class 6b,asphalt,day,clear,flat straight,No TRUCK LOAD COVER AND TARPING,Amman,Trailer private use,2,41,Male
Collision,2018-01-17 17:00,50,0,0,0,0,Two ways with median island,dry,Jordan,class 3,asphalt,night with enough light,rain,flat straight,Improper lane changes,Irbid,Passengers vehicle (up to 9 seats),2,64,Male
Collision,2018-01-17 17:00,50,0,0,0,0,Two ways with median island,dry,Jordan,class 3,asphalt,night with enough light,rain,flat straight,Violation of traffic rules,Irbid,Passengers vehicle (up to 9 seats),2,29,Male
Collision,2018-01-17 14:44,40,0,0,0,0,Two ways with median island,dry,Jordan,class 3,asphalt,day,clear,flat straight,Improper lane changes,Balqa,Passengers vehicle (up to 9 seats),1,30,Male
Collision,2018-01-17 14:47,50,0,0,0,0,Two ways with median island,dry,Jordan,class 3 auto,asphalt,day,clear,flat straight,Violation of traffic rules,Irbid,Passengers vehicle (up to 9 seats),2,21,Male
Collision,2018-01-17 14:47,50,0,0,0,0,Two ways with median island,dry,Kuwait,class 3,asphalt,day,clear,flat straight,Violation of traffic rules,Irbid,Passengers vehicle (up to 9 seats),2,33,Male
Collision,2018-01-17 14:49,40,0,0,0,0,Two ways,dry,Jordan,class5,asphalt,night with enough light,clear,flat straight,Violation of traffic rules,Amman,Truck,2,36,Male
Collision,2018-01-17 14:49,40,0,0,0,0,Two ways,dry,Jordan,class5,asphalt,night with enough light,clear,flat straight,Violation of traffic rules,Amman,Passengers vehicle (up to 9 seats),2,40,Male
Collision,2018-01-17 14:50,50,0,0,0,0,Two ways,dry,Jordan,class 3,asphalt,night with enough light,clear,flat straight,Violation of traffic rules,Amman,Passengers vehicle (up to 9 seats),2,30,Male
Collision,2018-01-17 14:50,50,0,0,0,0,Two ways,dry,Jordan,class4,asphalt,night with enough light,clear,flat straight,Tailgating,Amman,Passengers vehicle (up to 9 seats),2,51,Male
Collision,2018-01-17 14:53,60,0,0,0,0,Two ways with median island,dry,Jordan,class 3,asphalt,day,rain,flat straight,Violation of traffic rules,al-karak,Passengers vehicle (up to 9 seats),2,33,Female
Collision,2018-01-17 14:53,60,0,0,0,0,Two ways with median island,dry,Jordan,class 3 auto,asphalt,day,rain,flat straight,Violation of traffic rules,al-karak,Passengers vehicle (up to 9 seats),2,28,Female
Collision,2018-01-17 14:56,60,0,0,0,0,Two ways with median island,wet,Jordan,class 3,asphalt,day,clear,flat straight,Violation of traffic rules,Irbid,Passengers vehicle (up to 9 seats),2,22,Female
Collision,2018-01-17 14:56,60,0,0,0,0,Two ways with median island,wet,Jordan,class 3,asphalt,day,clear,flat straight,Loss of control,Irbid,Passengers vehicle (up to 9 seats),2,20,Male
Collision,2018-01-17 14:56,50,0,0,0,0,Two ways with median island,wet,Libya,unkown driver,asphalt,day,rain,flat straight,Improper lane changes,Amman,Passengers vehicle (up to 9 seats),2,118,Unkown
Collision,2018-01-17 14:56,50,0,0,0,0,Two ways with median island,wet,Jordan,class 3,asphalt,day,rain,flat straight,Violation of traffic rules,Amman,Truck,2,0,Unkown
Run over,2018-01-17 14:56,80,1,0,0,0,Two ways with median island,wet,Jordan,class 6b,asphalt,day,clear,flat straight,Neglecting traffic safety precautions,Amman,Passenger and cargo vehicle,1,30,Male
Collision,2018-01-17 14:57,50,0,0,0,0,Two ways with median island,dry,Jordan,class4,asphalt,day,clear,flat straight,Neglecting traffic safety precautions,Amman,Passengers Van or small bus (10 to 30 seats),2,28,Male
Collision,2018-01-17 14:57,50,0,0,0,0,Two ways with median island,dry,Jordan,class 6ab,asphalt,day,clear,flat straight,Violation of traffic rules,Amman,Passenger and cargo vehicle,2,45,Male
Collision,2018-01-17 14:57,60,0,0,0,0,Two ways with median island,dry,Jordan,class 6b,asphalt,day,clear,flat straight,Violation of traffic rules,Amman,Passengers vehicle (up to 9 seats),2,58,Male
Collision,2018-01-17 14:57,60,0,0,0,0,Two ways with median island,dry,Jordan,class 3,asphalt,day,clear,flat straight,Improper reversing,Amman,Passenger and cargo vehicle,2,61,Male
Collision,2018-01-17 14:58,60,0,0,0,0,Two ways with median island,dry,Jordan,class5,asphalt,day,clear,flat straight,Tailgating,Irbid,Passengers Van or small bus (10 to 30 seats),3,54,Male
Collision,2018-01-17 14:58,60,0,0,0,0,Two ways with median island,dry,Jordan,class 3,asphalt,day,clear,flat straight,Violation of traffic rules,Irbid,Truck,3,39,Male
Collision,2018-01-17 14:58,60,0,0,0,0,Two ways with median island,dry,Jordan,class4,asphalt,day,clear,flat straight,Violation of traffic rules,Irbid,Passengers vehicle (up to 9 seats),3,39,Male
Collision,2018-01-17 15:00,50,0,0,0,0,Two ways,dry,Jordan,class 3,asphalt,day,fog,curved ramp,Violation of traffic rules,Balqa,Truck,2,22,Male
Collision,2018-01-17 15:00,50,0,0,0,0,Two ways,dry,Jordan,class 3,asphalt,day,fog,curved ramp,Improper lane changes,Balqa,Passengers vehicle (up to 9 seats),2,78,Male
Collision,2018-01-17 16:50,60,0,0,0,0,Two ways with median island,dry,Jordan,class 3,asphalt,sunset,clear,flat straight,Tailgating,Amman,Passengers vehicle (up to 9 seats),2,38,Male
Collision,2018-01-17 16:50,60,0,0,0,0,Two ways with median island,dry,Jordan,class 3,asphalt,sunset,clear,flat straight,Violation of traffic rules,Amman,Passengers vehicle (up to 9 seats),2,33,Female
Collision,2018-01-17 15:03,40,0,0,0,0,Two ways,dry,Jordan,class 3,asphalt,day,clear,flat straight,Improper lane changes,Amman,Passengers vehicle (up to 9 seats),2,118,Unkown
Collision,2018-01-17 15:03,40,0,0,0,0,Two ways,dry,Jordan,class 3,asphalt,day,clear,flat straight,Violation of traffic rules,Amman,Passengers vehicle (up to 9 seats),2,39,Female
Collision,2018-01-17 15:04,40,0,0,0,0,Two ways,dry,Jordan,class4,asphalt,day,clear,flat straight,Tailgating,Balqa,Passengers vehicle (up to 9 seats),2,45,Male
Collision,2018-01-17 15:04,40,0,0,0,0,Two ways,dry,Jordan,class 3,asphalt,day,clear,flat straight,Violation of traffic rules,Balqa,Passengers vehicle (up to 9 seats),2,63,Male
Collision,2018-01-17 15:05,40,0,0,0,0,Two ways,dry,Jordan,class4,asphalt,day,clear,flat straight,Violation of traffic rules,Amman,Passengers vehicle (up to 9 seats),2,28,Male
Collision,2018-01-17 15:05,40,0,0,0,0,Two ways,dry,Jordan,class 3,asphalt,day,clear,flat straight,Neglecting traffic safety precautions,Amman,Passengers vehicle (up to 9 seats),2,51,Female
Collision,2018-01-17 15:11,50,0,0,0,0,Two ways with median island,dry,Jordan,class4,asphalt,day,clear,flat straight,Violation of traffic rules,Amman,Passengers vehicle (up to 9 seats),2,24,Male
Collision,2018-01-17 15:11,50,0,0,0,0,Two ways with median island,dry,Jordan,class 3,asphalt,day,clear,flat straight,Tailgating,Amman,Passengers vehicle (up to 9 seats),2,20,Male
Collision,2018-01-17 15:16,50,0,0,0,0,Two ways,dry,Jordan,class4,asphalt,day,clear,flat straight,Violation of traffic rules,Amman,Passengers vehicle (up to 9 seats),3,48,Male
Collision,2018-01-17 15:16,50,0,0,0,0,Two ways,dry,Jordan,class 3,asphalt,day,clear,flat straight,Violation of traffic rules,Amman,Passengers vehicle (up to 9 seats),3,26,Male
Collision,2018-01-17 15:16,50,0,0,0,0,Two ways,dry,Jordan,class 3,asphalt,day,clear,flat straight,Tailgating,Amman,Passengers vehicle (up to 9 seats),3,22,Male
Collision,2018-01-17 15:18,50,0,0,0,0,Two ways with median island,wet,Jordan,class4,asphalt,day,clear,flat straight,Violation of traffic rules,Amman,Passengers vehicle (up to 9 seats),2,31,Male
Collision,2018-01-17 15:18,50,0,0,0,0,Two ways with median island,wet,Jordan,class 3,asphalt,day,clear,flat straight,Violation of traffic rules,Amman,Passengers vehicle (up to 9 seats),2,26,Male
Collision,2018-01-17 15:18,40,0,0,0,0,Two ways,dry,Jordan,class5,asphalt,day,clear,flat straight,Violation of traffic rules,Amman,Truck,2,82,Male
Collision,2018-01-17 15:18,40,0,0,0,0,Two ways,dry,Jordan,class 3,asphalt,day,clear,flat straight,Violation of traffic rules,Amman,Passengers vehicle (up to 9 seats),2,46,Female
Collision,2018-01-17 15:19,50,0,0,0,0,Two ways with median island,dry,Jordan,class 3,asphalt,day,clear,flat straight,Violation of traffic rules,Amman,Passengers vehicle (up to 9 seats),2,32,Male
Collision,2018-01-17 15:19,50,0,0,0,0,Two ways with median island,dry,Jordan,class 3,asphalt,day,clear,flat straight,Violation of traffic rules,Amman,Passengers vehicle (up to 9 seats),2,21,Male
Collision,2018-01-17 15:19,50,0,0,0,0,Two ways with median island,dry,Jordan,class 3,asphalt,day,clear,flat straight,Violation of traffic rules,Amman,Passengers vehicle (up to 9 seats),2,21,Male
Collision,2018-01-17 15:19,50,0,0,0,0,Two ways with median island,dry,Jordan,class 3,asphalt,day,clear,flat straight,Violation of traffic rules,Amman,Truck,2,118,Unkown
Collision,2018-01-17 15:21,40,0,0,0,0,One way,dry,Jordan,class 3,asphalt,day,clear,flat straight,Violation of traffic rules,Irbid,Passengers vehicle (up to 9 seats),2,38,Male
Collision,2018-01-17 15:21,40,0,0,0,0,One way,dry,Jordan,class 3,asphalt,day,clear,flat straight,Running a stop sign,Irbid,Passenger and cargo vehicle,2,0,Male
Collision,2018-01-17 15:22,50,0,0,0,0,One way,dry,Jordan,class4,asphalt,day,clear,flat straight,Tailgating,Amman,Passengers vehicle (up to 9 seats),2,47,Male
Collision,2018-01-17 15:22,50,0,0,0,0,One way,dry,Jordan,class 3,asphalt,day,clear,flat straight,Violation of traffic rules,Amman,Passenger and cargo vehicle,2,39,Male
Collision,2018-01-17 15:23,40,0,0,0,0,Two ways,dry,Jordan,class4,asphalt,day,clear,flat straight,Violation of traffic rules,Amman,Passengers vehicle (up to 9 seats),2,33,Male
Collision,2018-01-17 15:23,40,0,0,0,0,Two ways,dry,Jordan,class 3,asphalt,day,clear,flat straight,Improper lane changes,Amman,Passengers vehicle (up to 9 seats),2,118,Unkown
Collision,2018-01-17 15:24,50,0,0,0,0,Two ways with median island,dry,Jordan,class 3,asphalt,day,clear,flat straight,Violation of traffic rules,Zarqa,Passenger and cargo vehicle,2,43,Male
Collision,2018-01-17 15:24,50,0,0,0,0,Two ways with median island,dry,Jordan,class 3,asphalt,day,clear,flat straight,Tailgating,Zarqa,Passenger and cargo vehicle,2,46,Male
Collision,2018-01-17 15:25,60,2,0,0,0,Two ways with median island,wet,Jordan,class 3,asphalt,day,rain,flat straight,Violation of traffic rules,Mafraq,Passengers vehicle (up to 9 seats),2,36,Male
Collision,2018-01-17 15:25,60,2,0,0,0,Two ways with median island,wet,Jordan,class 3,asphalt,day,rain,flat straight,Violation of traffic rules,Mafraq,Truck,2,33,Male
Collision,2018-01-17 15:29,60,0,0,0,0,Two ways,wet,Jordan,class5,asphalt,day,rain,flat straight,Violation of traffic rules,Irbid,Passengers vehicle (up to 9 seats),2,61,Male
Collision,2018-01-17 15:29,60,0,0,0,0,Two ways,wet,Jordan,class 3,asphalt,day,rain,flat straight,Violation of traffic rules,Irbid,Passengers vehicle (up to 9 seats),2,31,Male
Collision,2018-01-17 15:29,50,0,0,0,0,Two ways with median island,dry,Jordan,class4,asphalt,day,clear,flat straight,Violation of traffic rules,Amman,Passenger and cargo vehicle,2,39,Male
Collision,2018-01-17 15:29,50,0,0,0,0,Two ways with median island,dry,Jordan,class4,asphalt,day,clear,flat straight,Violation of traffic rules,Amman,Passengers vehicle (up to 9 seats),2,30,Male
Collision,2018-01-17 15:32,40,0,0,0,0,Two ways with median island,dry,Jordan,class 3,asphalt,day,clear,flat straight,Violation of traffic rules,Amman,Passengers vehicle (up to 9 seats),2,55,Female
Collision,2018-01-17 15:32,40,0,0,0,0,Two ways with median island,dry,Jordan,class 3,asphalt,day,clear,flat straight,Tailgating,Amman,Passengers vehicle (up to 9 seats),2,37,Male
Collision,2018-01-17 15:36,50,0,0,0,0,Two ways with median island,dry,Jordan,class 3,asphalt,day,clear,flat straight,Violation of traffic rules,Amman,Truck,2,118,Male
Collision,2018-01-17 15:36,50,0,0,0,0,Two ways with median island,dry,Jordan,class 3,asphalt,day,clear,flat straight,Tailgating,Amman,Passengers vehicle (up to 9 seats),2,22,Male
Collision,2018-01-17 15:37,50,0,0,0,0,One way,dry,Jordan,class 3,asphalt,day,clear,flat straight,Violation of traffic rules,Amman,Passengers vehicle (up to 9 seats),2,45,Female
Collision,2018-01-17 15:37,50,0,0,0,0,One way,dry,Jordan,class 3,asphalt,day,clear,flat straight,Improper lane changes,Amman,Passengers vehicle (up to 9 seats),2,21,Male
Collision,2018-01-17 15:39,40,0,0,0,0,Two ways with median island,dry,Jordan,class 3,asphalt,day,clear,flat straight,Violation of traffic rules,Amman,Passengers vehicle (up to 9 seats),2,54,Female
Collision,2018-01-17 15:39,40,0,0,0,0,Two ways with median island,dry,Jordan,class 3,asphalt,day,clear,flat straight,Tailgating,Amman,Passengers vehicle (up to 9 seats),2,29,Male
Collision,2018-01-17 15:41,40,0,0,0,0,Two ways with median island,dry,Jordan,class 3,asphalt,day,clear,flat straight,Parking on bridges and inside tunnels,Amman,Passengers vehicle (up to 9 seats),2,26,Male
Collision,2018-01-17 15:41,40,0,0,0,0,Two ways with median island,dry,Jordan,class 3,asphalt,day,clear,flat straight,Neglecting traffic safety precautions,Amman,Passengers vehicle (up to 9 seats),2,118,Unkown
Collision,2018-01-17 15:41,60,0,0,0,0,Two ways,wet,Jordan,class 3,asphalt,day,clear,flat straight,Violation of traffic rules,Irbid,Passengers vehicle (up to 9 seats),2,21,Male
Collision,2018-01-17 15:41,60,0,0,0,0,Two ways,wet,Jordan,class 3,asphalt,day,clear,flat straight,Improper reversing,Irbid,Passengers vehicle (up to 9 seats),2,26,Male
Collision,2018-01-17 15:42,50,0,0,0,0,One way,dry,Jordan,class4,asphalt,night with enough light,clear,flat straight,Improper lane changes,Amman,Passengers vehicle (up to 9 seats),2,24,Male
Collision,2018-01-17 15:42,50,0,0,0,0,One way,dry,Jordan,class5,asphalt,night with enough light,clear,flat straight,Violation of traffic rules,Amman,Passengers vehicle (up to 9 seats),2,30,Male
Collision,2018-01-17 15:44,40,0,0,0,0,One way,dry,Jordan,class 3,asphalt,day,clear,flat straight,Neglecting traffic safety precautions,Amman,Passengers vehicle (up to 9 seats),1,25,Male
Collision,2018-01-17 15:44,50,0,0,0,0,Two ways with median island,wet,Jordan,class 3 auto,asphalt,day,rain,straight ramp,Violation of traffic rules,Amman,Passengers vehicle (up to 9 seats),2,20,Male
Collision,2018-01-17 15:44,50,0,0,0,0,Two ways with median island,wet,Jordan,class 3,asphalt,day,rain,straight ramp,Improper lane changes,Amman,Passengers vehicle (up to 9 seats),2,0,Male
Collision,2018-01-17 15:45,40,0,0,0,0,One way,dry,Jordan,class4,asphalt,day,clear,flat straight,Violation of traffic rules,Amman,Passengers vehicle (up to 9 seats),2,48,Male
Collision,2018-01-17 15:45,40,0,0,0,0,One way,dry,Jordan,class 3,asphalt,day,clear,flat straight,Violation of traffic rules,Amman,Passengers vehicle (up to 9 seats),2,118,Unkown
Collision,2018-01-17 15:45,50,0,0,0,0,One way,dry,Jordan,class 3,concrrete,night with enough light,clear,flat straight,Improper lane changes,Amman,Passengers vehicle (up to 9 seats),2,49,Male
Collision,2018-01-17 15:45,50,0,0,0,0,One way,dry,Jordan,class4,concrrete,night with enough light,clear,flat straight,Violation of traffic rules,Amman,Passengers vehicle (up to 9 seats),2,34,Male
Collision,2018-01-17 15:51,40,0,0,0,0,Two ways with median island,dry,Jordan,class 3,asphalt,day,clear,flat straight,Violation of traffic rules,Aqaba,Passengers vehicle (up to 9 seats),2,25,Male
Collision,2018-01-17 15:51,40,0,0,0,0,Two ways with median island,dry,Jordan,class 3,asphalt,day,clear,flat straight,Violation of traffic rules,Aqaba,Passengers vehicle (up to 9 seats),2,51,Male
Collision,2018-01-17 15:52,40,0,0,0,0,Two ways,dry,Jordan,class5,asphalt,day,clear,flat straight,Violation of traffic rules,Amman,Passengers vehicle (up to 9 seats),2,25,Male
Collision,2018-01-17 15:52,40,0,0,0,0,Two ways,dry,Jordan,class 3,asphalt,day,clear,flat straight,Loss of control,Amman,Truck,2,24,Male
Collision,2018-01-17 15:51,50,0,0,0,0,Two ways with median island,dry,Jordan,class4,asphalt,day,clear,flat straight,Tailgating,Irbid,Passengers vehicle (up to 9 seats),2,32,Male
Collision,2018-01-17 15:51,50,0,0,0,0,Two ways with median island,dry,Jordan,class 6ab,asphalt,day,clear,flat straight,Violation of traffic rules,Irbid,Passengers vehicle (up to 9 seats),2,59,Male
Collision,2018-01-17 15:56,40,0,0,0,0,Two ways,dry,Jordan,class 3,asphalt,day,clear,flat straight,Violation of traffic rules,Amman,Passengers vehicle (up to 9 seats),2,0,Unkown
Collision,2018-01-17 15:56,40,0,0,0,0,Two ways,dry,Jordan,class 3,asphalt,day,clear,flat straight,Violation of traffic rules,Amman,Passengers vehicle (up to 9 seats),2,73,Male
Collision,2018-01-17 15:57,60,0,0,0,0,Two ways with median island,dry,Jordan,class 3,asphalt,day,clear,flat straight,Violation of traffic rules,Amman,Passengers vehicle (up to 9 seats),2,36,Female
Collision,2018-01-17 15:57,60,0,0,0,0,Two ways with median island,dry,Jordan,class 3,asphalt,day,clear,flat straight,Improper reversing,Amman,Truck,2,28,Male
Collision,2018-01-17 15:57,40,0,0,0,0,Two ways with median island,dry,Jordan,class 3,asphalt,day,clear,flat straight,Violation of traffic rules,Aqaba,Truck,2,22,Male
Collision,2018-01-17 15:57,40,0,0,0,0,Two ways with median island,dry,Jordan,class 3,asphalt,day,clear,flat straight,Violation of traffic rules,Aqaba,Passengers vehicle (up to 9 seats),2,28,Male
Collision,2018-01-17 15:58,60,0,0,0,0,Two ways with median island,dry,Jordan,class 6ab,asphalt,day,clear,flat straight,Violation of traffic rules,Amman,Truck,2,44,Male
Collision,2018-01-17 15:58,60,0,0,0,0,Two ways with median island,dry,Jordan,class 3,asphalt,day,clear,flat straight,Wrong way driving,Amman,Truck,2,22,Male
Collision,2018-01-17 15:59,40,0,0,0,0,Two ways,dry,Jordan,class4,asphalt,day,clear,flat straight,Violation of traffic rules,Amman,Passengers vehicle (up to 9 seats),2,30,Male
Collision,2018-01-17 15:59,40,0,0,0,0,Two ways,dry,Jordan,class 3,asphalt,day,clear,flat straight,Tailgating,Amman,Passenger and cargo vehicle,2,118,Unkown
Collision,2018-01-17 15:59,40,0,0,0,0,Two ways,dry,Jordan,class 6a,asphalt,day,clear,flat straight,Violation of traffic rules,Amman,Passenger and cargo vehicle,2,41,Male
Collision,2018-01-17 15:59,40,0,0,0,0,Two ways,dry,Jordan,class 3,asphalt,day,clear,flat straight,Improper reversing,Amman,Truck,2,29,Male
Collision,2018-01-17 16:02,50,0,0,0,0,Two ways,wet,Jordan,class 3,asphalt,day,rain,flat straight,Violation of traffic rules,Irbid,Passengers vehicle (up to 9 seats),2,38,Male
Collision,2018-01-17 16:02,50,0,0,0,0,Two ways,wet,Jordan,class 3,asphalt,day,rain,flat straight,Improper reversing,Irbid,Truck,2,0,Male
Collision,2018-01-17 16:07,60,0,0,0,0,Two ways with median island,dry,Jordan,class 3,asphalt,day,clear,flat straight,Violation of traffic rules,Amman,Passengers vehicle (up to 9 seats),2,29,Male
Collision,2018-01-17 16:07,60,0,0,0,0,Two ways with median island,dry,Jordan,class 3,asphalt,day,clear,flat straight,Tailgating,Amman,Passengers vehicle (up to 9 seats),2,24,Male
Collision,2018-01-17 16:09,50,0,0,0,0,Two ways,wet,Jordan,class 3,asphalt,day,clear,Upright curved,Improper reversing,Irbid,Truck,2,0,Male
Collision,2018-01-17 16:09,50,0,0,0,0,Two ways,wet,Jordan,class 3,asphalt,day,clear,Upright curved,Violation of traffic rules,Irbid,Passengers vehicle (up to 9 seats),2,0,Male
Collision,2018-01-17 16:11,60,0,0,0,0,Two ways with median island,dry,Jordan,class4,asphalt,day,clear,flat straight,Violation of traffic rules,Amman,Passengers vehicle (up to 9 seats),3,45,Male
Collision,2018-01-17 16:11,60,0,0,0,0,Two ways with median island,dry,Jordan,class 3,asphalt,day,clear,flat straight,Tailgating,Amman,Passengers vehicle (up to 9 seats),3,38,Male
Collision,2018-01-17 16:11,60,0,0,0,0,Two ways with median island,dry,Jordan,class 3,asphalt,day,clear,flat straight,Violation of traffic rules,Amman,Passengers vehicle (up to 9 seats),3,37,Male