Accident Type,Date,Speed (Km),Simple Injuries,Severe Injuries,Death,Medium Injuries,Road Lanes,Road Surfuce Description,Vehicle Country,Driver Licensee Type,Road Type,Light,Weather,Road Proerties,Driver Mistake,City,Vehicle type,Number of Cars,Driver Age,Sex
Collision,2018-06-14 17:47,60,0,0,0,0,One way,dry,Jordan,class 3,asphalt,day,clear,flat straight,Improper lane changes,Amman,Passengers vehicle (up to 9 seats),2,29,Male
Collision,2018-06-14 17:10,60,0,0,0,0,Two ways with median island,dry,Jordan,class 3 auto,asphalt,day,clear,flat straight,Violation of traffic rules,Amman,Passengers vehicle (up to 9 seats),2,48,Female
Collision,2018-06-14 17:10,60,0,0,0,0,Two ways with median island,dry,Jordan,class 3,asphalt,day,clear,flat straight,Improper lane changes,Amman,Passengers vehicle (up to 9 seats),2,118,Female
Collision,2018-06-14 17:52,30,0,0,0,0,Two ways,dry,Jordan,class5,asphalt,day,clear,flat straight,Improper reversing,Amman,Passenger and cargo vehicle,2,68,Male
Collision,2018-06-14 17:52,30,0,0,0,0,Two ways,dry,Jordan,class 3,asphalt,day,clear,flat straight,Violation of traffic rules,Amman,Passengers vehicle (up to 9 seats),2,31,Female
Collision,2018-06-14 17:54,50,0,0,0,0,Two ways with median island,dry,Jordan,class 3,asphalt,day,clear,flat straight,Tailgating,Amman,Passengers vehicle (up to 9 seats),2,43,Male
Collision,2018-06-14 17:54,50,0,0,0,0,Two ways with median island,dry,Jordan,class 3,asphalt,day,clear,flat straight,Violation of traffic rules,Amman,Passengers vehicle (up to 9 seats),2,30,Male
Collision,2018-06-14 17:54,80,0,0,0,0,Two ways,dry,Jordan,class 3,asphalt,day,clear,flat straight,Improper lane changes,Tafila,Passengers vehicle (up to 9 seats),1,29,Male
Collision,2018-06-14 17:54,50,0,0,0,0,Two ways with median island,dry,Jordan,class 3,asphalt,day,clear,flat straight,Violation of traffic rules,Amman,Truck,2,0,Male
Collision,2018-06-14 17:54,50,0,0,0,0,Two ways with median island,dry,Jordan,class 3,asphalt,day,clear,flat straight,Improper lane changes,Amman,Passengers vehicle (up to 9 seats),2,29,Female
Collision,2018-06-14 17:56,40,0,0,0,0,Two ways,dry,Jordan,class4,asphalt,day,clear,flat straight,Violation of traffic rules,Amman,Passengers vehicle (up to 9 seats),2,34,Male
Collision,2018-06-14 17:56,40,0,0,0,0,Two ways,dry,Jordan,class 3,asphalt,day,clear,flat straight,Wrong way driving,Amman,Truck,2,30,Male
Collision,2018-06-14 17:59,50,0,0,0,0,Two ways,dry,Jordan,class 3,asphalt,day,clear,flat straight,Tailgating,Amman,Truck,2,26,Male
Collision,2018-06-14 17:59,50,0,0,0,0,Two ways,dry,Jordan,class 3,asphalt,day,clear,flat straight,Violation of traffic rules,Amman,Passengers vehicle (up to 9 seats),2,40,Male
Collision,2018-06-14 18:01,40,0,0,0,0,Two ways,dry,Jordan,class 3 auto,asphalt,day,clear,flat straight,Neglecting traffic safety precautions,Jerash,Passengers vehicle (up to 9 seats),2,32,Male
Collision,2018-06-14 18:01,40,0,0,0,0,Two ways,dry,Jordan,class4,asphalt,day,clear,flat straight,Violation of traffic rules,Jerash,Passengers vehicle (up to 9 seats),2,29,Male
Collision,2018-06-14 18:05,50,0,0,0,0,Two ways with median island,dry,Jordan,class 3 auto,asphalt,day,clear,flat straight,Neglecting traffic safety precautions,Amman,Passengers vehicle (up to 9 seats),1,28,Female
Collision,2018-06-14 18:03,50,0,0,0,0,Two ways with median island,dry,Jordan,class 3,asphalt,day,clear,Upright straight,Tailgating,Amman,Passengers vehicle (up to 9 seats),2,55,Male
Collision,2018-06-14 18:03,50,0,0,0,0,Two ways with median island,dry,Jordan,class5,asphalt,day,clear,Upright straight,Violation of traffic rules,Amman,Passengers vehicle (up to 9 seats),2,38,Male
Collision,2018-06-14 18:05,50,0,0,0,0,Two ways,dry,Jordan,class 3,asphalt,day,clear,flat straight,Violation of traffic rules,Amman,Passengers vehicle (up to 9 seats),2,0,Unkown
Collision,2018-06-14 18:05,50,0,0,0,0,Two ways,dry,Jordan,class5,asphalt,day,clear,flat straight,Neglecting traffic safety precautions,Amman,Truck,2,50,Male
Collision,2018-06-14 18:06,50,0,0,0,0,Two ways with median island,dry,Jordan,class 3,asphalt,day,clear,flat straight,Tailgating,Amman,Passengers vehicle (up to 9 seats),2,46,Male
Collision,2018-06-14 18:06,50,0,0,0,0,Two ways with median island,dry,Jordan,class5,asphalt,day,clear,flat straight,Violation of traffic rules,Amman,Passengers vehicle (up to 9 seats),2,59,Male
Collision,2018-06-14 18:07,50,0,0,0,0,Two ways with median island,dry,Jordan,class 3,asphalt,day,clear,flat straight,Violation of traffic rules,Amman,Passenger and cargo vehicle,2,33,Male
Collision,2018-06-14 18:07,50,0,0,0,0,Two ways with median island,dry,Jordan,class5,asphalt,day,clear,flat straight,Tailgating,Amman,Truck,2,46,Male
Collision,2018-06-14 18:08,40,0,0,0,0,One way,dry,Jordan,class 3,asphalt,day,clear,flat straight,Running a stop sign,Amman,Passengers vehicle (up to 9 seats),2,58,Male
Collision,2018-06-14 18:08,40,0,0,0,0,One way,dry,Jordan,class 3,asphalt,day,clear,flat straight,Violation of traffic rules,Amman,Passengers vehicle (up to 9 seats),2,0,Unkown
Collision,2018-06-14 18:08,40,0,0,0,0,Two ways,dry,Jordan,class 3,asphalt,day,clear,flat straight,Violation of traffic rules,Amman,Passengers vehicle (up to 9 seats),2,25,Male
Collision,2018-06-14 18:08,40,0,0,0,0,Two ways,dry,Jordan,class 3,asphalt,day,clear,flat straight,Running a stop sign,Amman,Passengers vehicle (up to 9 seats),2,31,Female
Run over,2018-06-14 18:12,40,0,0,1,0,Two ways,dry,Jordan,class 3,asphalt,day,clear,flat straight,Neglecting traffic safety precautions,Zarqa,Truck,1,18,Male
Collision,2018-06-14 18:12,40,0,0,0,0,One way,dry,Jordan,class5,asphalt,day,clear,flat straight,Violation of traffic rules,Amman,Passengers vehicle (up to 9 seats),2,42,Male
Collision,2018-06-14 18:12,40,0,0,0,0,One way,dry,Jordan,class 3,asphalt,day,clear,flat straight,Improper reversing,Amman,Passengers vehicle (up to 9 seats),2,45,Male
Collision,2018-06-14 18:18,50,0,0,0,0,Two ways with median island,dry,Jordan,class 6ab,asphalt,night with enough light,clear,flat straight,Neglecting traffic safety precautions,Amman,Bus (> 30 seats),2,40,Male
Collision,2018-06-14 18:18,50,0,0,0,0,Two ways with median island,dry,Jordan,class 3,asphalt,night with enough light,clear,flat straight,Violation of traffic rules,Amman,Passengers vehicle (up to 9 seats),2,32,Male
Collision,2018-06-14 17:00,50,0,0,0,0,Two ways with median island,dry,Jordan,class 1,asphalt,day,clear,flat straight,Violation of traffic rules,Amman,Motorcycle,2,31,Male
Collision,2018-06-14 17:00,50,0,0,0,0,Two ways with median island,dry,Jordan,class 3,asphalt,day,clear,flat straight,Improper reversing,Amman,Passengers vehicle (up to 9 seats),2,50,Male
Collision,2018-06-14 18:20,50,0,0,0,0,Two ways with median island,dry,Jordan,class5,asphalt,day,clear,flat straight,Violation of traffic rules,Amman,Passengers Van or small bus (10 to 30 seats),2,38,Male
Collision,2018-06-14 18:20,50,0,0,0,0,Two ways with median island,dry,Jordan,class 3,asphalt,day,clear,flat straight,Tailgating,Amman,Passenger and cargo vehicle,2,18,Male
Collision,2018-06-14 18:21,50,0,0,0,0,Two ways with median island,dry,Jordan,class4,asphalt,day,clear,flat straight,Violation of traffic rules,Amman,Truck,2,22,Male
Collision,2018-06-14 18:21,50,0,0,0,0,Two ways with median island,dry,Jordan,class 3,asphalt,day,clear,flat straight,Neglecting traffic safety precautions,Amman,Passengers vehicle (up to 9 seats),2,34,Male
Collision,2018-06-14 21:21,50,0,0,0,0,Two ways with median island,dry,Jordan,class4,asphalt,day,clear,Upright straight,Violation of traffic rules,Amman,Passengers vehicle (up to 9 seats),2,35,Male
Collision,2018-06-14 21:21,50,0,0,0,0,Two ways with median island,dry,Jordan,class4,asphalt,day,clear,Upright straight,Tailgating,Amman,Truck,2,23,Male
Collision,2018-06-14 18:22,50,0,0,0,0,Two ways,dry,Jordan,class 3,asphalt,day,clear,flat straight,Improper lane changes,Amman,Passengers vehicle (up to 9 seats),2,0,Male
Collision,2018-06-14 18:22,50,0,0,0,0,Two ways,dry,Jordan,class 3,asphalt,day,clear,flat straight,Violation of traffic rules,Amman,Passengers vehicle (up to 9 seats),2,35,Male
Collision,2018-06-14 18:25,40,0,0,0,0,Two ways with median island,dry,Jordan,class 3 auto,asphalt,day,clear,flat straight,Passing in intersection,Amman,Passengers vehicle (up to 9 seats),2,0,Unkown
Collision,2018-06-14 18:25,40,0,0,0,0,Two ways with median island,dry,Jordan,class 3,asphalt,day,clear,flat straight,Violation of traffic rules,Amman,Passengers vehicle (up to 9 seats),2,43,Female
Collision,2018-06-14 18:25,40,0,0,0,0,Two ways with median island,dry,Jordan,class4,asphalt,day,clear,straight ramp,Violation of traffic rules,Amman,Passengers vehicle (up to 9 seats),2,35,Male
Collision,2018-06-14 18:25,40,0,0,0,0,Two ways with median island,dry,Jordan,class 3,asphalt,day,clear,straight ramp,Improper reversing,Amman,Passengers vehicle (up to 9 seats),2,0,Unkown
Collision,2018-06-14 18:27,60,0,0,0,0,Two ways with median island,dry,Jordan,class 3,asphalt,day,clear,flat straight,Violation of traffic rules,Amman,Passengers vehicle (up to 9 seats),2,31,Male
Collision,2018-06-14 18:27,60,0,0,0,0,Two ways with median island,dry,Jordan,class 3,asphalt,day,clear,flat straight,Improper lane changes,Amman,Passengers vehicle (up to 9 seats),2,0,Unkown
Collision,2018-06-14 18:26,40,0,0,0,0,Two ways,dry,Jordan,class4,asphalt,day,clear,flat straight,Violation of traffic rules,Zarqa,Passengers vehicle (up to 9 seats),2,57,Male
Collision,2018-06-14 18:26,40,0,0,0,0,Two ways,dry,Jordan,class 3,asphalt,day,clear,flat straight,Tailgating,Zarqa,Passengers vehicle (up to 9 seats),2,0,Male
Collision,2018-06-15 1:40,70,0,0,0,0,Two ways with median island,dry,Jordan,class 3,asphalt,night with enough light,clear,straight ramp,Violation of traffic rules,Amman,Passengers vehicle (up to 9 seats),2,50,Male
Collision,2018-06-15 1:40,70,0,0,0,0,Two ways with median island,dry,Jordan,class 3,asphalt,night with enough light,clear,straight ramp,Tailgating,Amman,Passengers vehicle (up to 9 seats),2,18,Male
Collision,2018-06-14 18:29,40,0,0,0,0,Two ways with median island,dry,Jordan,class4,asphalt,day,clear,flat straight,Violation of traffic rules,Amman,Passengers vehicle (up to 9 seats),2,27,Male
Collision,2018-06-14 18:29,40,0,0,0,0,Two ways with median island,dry,Jordan,class 3,asphalt,day,clear,flat straight,Neglecting traffic safety precautions,Amman,Passengers vehicle (up to 9 seats),2,0,Unkown
Collision,2018-06-14 18:29,50,0,0,0,0,Two ways with median island,dry,Jordan,class 3 auto,asphalt,day,clear,flat straight,Violation of traffic rules,Amman,Passengers vehicle (up to 9 seats),2,24,Male
Collision,2018-06-14 18:29,50,0,0,0,0,Two ways with median island,dry,Jordan,class 3,asphalt,day,clear,flat straight,Running a stop sign,Amman,Passengers vehicle (up to 9 seats),2,118,Unkown
Collision,2018-06-14 18:26,50,0,0,0,0,Two ways,dry,Jordan,class 6ab,Dirt,day,clear,straight ramp,Violation of traffic rules,Balqa,Passengers vehicle (up to 9 seats),3,60,Male
Collision,2018-06-14 18:26,50,0,0,0,0,Two ways,dry,Jordan,class 3,Dirt,day,clear,straight ramp,Violation of traffic rules,Balqa,Passengers vehicle (up to 9 seats),3,26,Unkown
Collision,2018-06-14 18:26,50,0,0,0,0,Two ways,dry,Jordan,class 3,Dirt,day,clear,straight ramp,Violation of traffic rules,Balqa,Passengers vehicle (up to 9 seats),3,35,Male
Collision,2018-06-14 18:32,60,0,0,0,0,Two ways with median island,dry,Jordan,class 3,asphalt,day,clear,flat straight,Violation of traffic rules,Irbid,Passengers vehicle (up to 9 seats),2,28,Male
Collision,2018-06-14 18:32,60,0,0,0,0,Two ways with median island,dry,Jordan,class 3,asphalt,day,clear,flat straight,Tailgating,Irbid,Passengers vehicle (up to 9 seats),2,52,Male
Collision,2018-06-14 18:34,40,0,0,0,0,Two ways,dry,Jordan,class5,asphalt,day,clear,flat straight,Neglecting traffic safety precautions,Amman,Truck,2,47,Male
Collision,2018-06-14 18:34,40,0,0,0,0,Two ways,dry,Jordan,class 3,asphalt,day,clear,flat straight,Violation of traffic rules,Amman,Passengers vehicle (up to 9 seats),2,39,Male
Collision,2018-06-14 18:36,40,0,0,0,0,Two ways,dry,Jordan,class5,asphalt,day,clear,Upright straight,Improper reversing,Amman,Truck,2,25,Male
Collision,2018-06-14 18:36,40,0,0,0,0,Two ways,dry,Jordan,class 3,asphalt,day,clear,Upright straight,Violation of traffic rules,Amman,Passengers vehicle (up to 9 seats),2,46,Female
Collision,2018-06-14 18:36,50,0,0,0,0,Two ways with median island,dry,Jordan,class 3,asphalt,day,clear,Upright straight,Violation of traffic rules,Amman,Passenger and cargo vehicle,2,41,Male
Collision,2018-06-14 18:36,50,0,0,0,0,Two ways with median island,dry,Jordan,class 3,asphalt,day,clear,Upright straight,Violation of traffic rules,Amman,Passengers vehicle (up to 9 seats),2,24,Male
Collision,2018-06-14 18:37,50,0,0,0,0,Two ways,dry,Jordan,class 3 auto,asphalt,day,clear,flat straight,Violation of traffic rules,Amman,Passengers vehicle (up to 9 seats),2,27,Female
Collision,2018-06-14 18:37,50,0,0,0,0,Two ways,dry,Jordan,class 3,asphalt,day,clear,flat straight,Improper reversing,Amman,Passengers vehicle (up to 9 seats),2,0,Unkown
Collision,2018-06-14 18:37,50,0,0,0,0,Two ways,dry,Jordan,class 6a,asphalt,day,clear,Upright straight,Neglecting traffic safety precautions,Amman,Truck,2,42,Male
Collision,2018-06-14 18:37,50,0,0,0,0,Two ways,dry,Jordan,class 3,asphalt,day,clear,Upright straight,Violation of traffic rules,Amman,Passengers vehicle (up to 9 seats),2,78,Male
Collision,2018-06-14 18:40,40,0,0,0,0,Two ways,dry,Jordan,class 3,asphalt,day,clear,flat straight,Violation of traffic rules,Amman,Truck,2,32,Male
Collision,2018-06-14 18:40,40,0,0,0,0,Two ways,dry,Jordan,class 3,asphalt,day,clear,flat straight,Open door while driving or parking,Amman,Passengers vehicle (up to 9 seats),2,47,Female
Collision,2018-06-14 19:11,60,0,0,0,0,Two ways with median island,dry,Jordan,class 3 auto,asphalt,day,clear,flat straight,Violation of traffic rules,Amman,Passengers vehicle (up to 9 seats),2,21,Male
Collision,2018-06-14 19:11,60,0,0,0,0,Two ways with median island,dry,Jordan,class 3,asphalt,day,clear,flat straight,Improper reversing,Amman,Passengers vehicle (up to 9 seats),2,118,Unkown
Collision,2018-06-14 18:43,60,0,0,0,0,Two ways with median island,dry,Jordan,class 3,asphalt,day,clear,flat straight,Violation of traffic rules,Balqa,Passengers vehicle (up to 9 seats),2,22,Male
Collision,2018-06-14 18:43,60,0,0,0,0,Two ways with median island,dry,Jordan,class 3,asphalt,day,clear,flat straight,Improper lane changes,Balqa,Truck,2,20,Male
Collision,2018-06-14 18:43,50,0,0,0,0,Two ways with median island,dry,Jordan,class 3,asphalt,day,clear,flat straight,Neglecting traffic safety precautions,Amman,Passengers vehicle (up to 9 seats),2,36,Male
Collision,2018-06-14 18:43,50,0,0,0,0,Two ways with median island,dry,Jordan,class 3,asphalt,day,clear,flat straight,Neglecting traffic safety precautions,Amman,Truck,2,31,Male
Collision,2018-06-14 18:46,60,0,0,0,0,Two ways with median island,dry,Jordan,class 3,asphalt,night with enough light,clear,flat straight,Violation of traffic rules,Amman,Passengers vehicle (up to 9 seats),2,23,Male
Collision,2018-06-14 18:46,60,0,0,0,0,Two ways with median island,dry,Jordan,class 3,asphalt,night with enough light,clear,flat straight,Neglecting traffic safety precautions,Amman,Passenger and cargo vehicle,2,60,Male
Collision,2018-06-14 18:46,50,0,0,0,0,Two ways with median island,dry,Jordan,class 3,asphalt,day,clear,flat straight,Violation of traffic rules,Amman,Passengers vehicle (up to 9 seats),2,36,Male
Collision,2018-06-14 18:46,50,0,0,0,0,Two ways with median island,dry,Jordan,class 3,asphalt,day,clear,flat straight,Improper lane changes,Amman,Truck,2,0,Unkown
Collision,2018-06-14 18:48,60,0,0,0,0,Two ways with median island,dry,Jordan,class 3 auto,asphalt,day,clear,flat straight,Violation of traffic rules,Amman,Passengers vehicle (up to 9 seats),2,25,Female
Collision,2018-06-14 18:48,60,0,0,0,0,Two ways with median island,dry,Jordan,class 3,asphalt,day,clear,flat straight,Neglecting traffic safety precautions,Amman,Passengers vehicle (up to 9 seats),2,32,Male
Collision,2018-06-14 18:47,50,0,0,0,0,Two ways with median island,dry,Jordan,class 3,asphalt,day,clear,flat straight,Improper lane changes,Amman,Passengers vehicle (up to 9 seats),2,0,Unkown
Collision,2018-06-14 18:47,50,0,0,0,0,Two ways with median island,dry,Jordan,class 3,asphalt,day,clear,flat straight,Violation of traffic rules,Amman,Passengers vehicle (up to 9 seats),2,0,Unkown
Collision,2018-06-14 18:49,60,0,0,0,0,Two ways with median island,dry,Jordan,class 3,asphalt,day,clear,flat straight,Violation of traffic rules,Jerash,Passengers vehicle (up to 9 seats),2,38,Male
Collision,2018-06-14 18:49,60,0,0,0,0,Two ways with median island,dry,Jordan,class 3,asphalt,day,clear,flat straight,Tailgating,Jerash,Passengers vehicle (up to 9 seats),2,19,Male
Collision,2018-06-14 18:50,60,0,0,0,0,Two ways with median island,dry,Jordan,class 6ab,asphalt,day,clear,flat straight,Improper lane changes,Amman,Bus (> 30 seats),2,48,Male
Collision,2018-06-14 18:50,60,0,0,0,0,Two ways with median island,dry,Jordan,class 3,asphalt,day,clear,flat straight,Violation of traffic rules,Amman,Passengers vehicle (up to 9 seats),2,26,Male
Collision,2018-06-14 18:51,40,0,0,0,0,Two ways,dry,Jordan,class 3,asphalt,day,clear,flat straight,Violation of traffic rules,Irbid,Passengers vehicle (up to 9 seats),2,21,Male
Collision,2018-06-14 18:51,40,0,0,0,0,Two ways,dry,Jordan,class 3,asphalt,day,clear,flat straight,Improper lane changes,Irbid,Passenger and cargo vehicle,2,24,Male
Collision,2018-06-14 18:53,50,0,0,0,0,Two ways with median island,dry,Jordan,class4,asphalt,day,clear,flat straight,Neglecting traffic safety precautions,Amman,Passengers vehicle (up to 9 seats),2,45,Male
Collision,2018-06-14 18:53,50,0,0,0,0,Two ways with median island,dry,Jordan,class 3,asphalt,day,clear,flat straight,Violation of traffic rules,Amman,Truck,2,50,Male
Collision,2018-06-14 18:53,80,0,0,1,2,Two ways,dry,Jordan,class 3,asphalt,day,clear,flat straight,Improper lane changes,Mafraq,Passengers vehicle (up to 9 seats),1,47,Male
Collision,2018-06-14 18:55,50,0,0,0,0,Two ways with median island,dry,Jordan,class 6a,asphalt,day,clear,flat straight,Violation of traffic rules,Amman,Passenger and cargo vehicle,2,45,Male
Collision,2018-06-14 18:55,50,0,0,0,0,Two ways with median island,dry,Jordan,class 3,asphalt,day,clear,flat straight,Violation of traffic rules,Amman,Passenger and cargo vehicle,2,40,Male
Collision,2018-06-14 18:56,60,0,0,0,0,Two ways with median island,dry,Jordan,class4,asphalt,day,clear,flat straight,Violation of traffic rules,Zarqa,Passengers vehicle (up to 9 seats),2,28,Male
Collision,2018-06-14 18:56,60,0,0,0,0,Two ways with median island,dry,Jordan,class5,asphalt,day,clear,flat straight,Neglecting traffic safety precautions,Zarqa,Passengers vehicle (up to 9 seats),2,57,Male
Collision,2018-06-14 18:57,40,0,0,0,0,Two ways,dry,Jordan,class 3,asphalt,day,clear,flat straight,Violation of traffic rules,Amman,Passengers vehicle (up to 9 seats),2,44,Female
Collision,2018-06-14 18:57,40,0,0,0,0,Two ways,dry,Jordan,class4,asphalt,day,clear,flat straight,Open door while driving or parking,Amman,Passengers vehicle (up to 9 seats),2,29,Male
Collision,2018-06-14 18:56,40,0,0,0,0,Two ways,dry,Jordan,class 3,asphalt,day,clear,flat straight,Violation of traffic rules,Irbid,Passengers vehicle (up to 9 seats),2,39,Male
Collision,2018-06-14 18:56,40,0,0,0,0,Two ways,dry,Jordan,class4,asphalt,day,clear,flat straight,Violation of traffic rules,Irbid,Passengers vehicle (up to 9 seats),2,31,Male
Collision,2018-06-14 19:00,50,0,0,0,0,Two ways,dry,Jordan,class 3,asphalt,day,clear,flat straight,Violation of traffic rules,Amman,Passengers vehicle (up to 9 seats),2,35,Male
Collision,2018-06-14 19:00,50,0,0,0,0,Two ways,dry,Jordan,class 3,asphalt,day,clear,flat straight,Violation of traffic rules,Amman,Passengers vehicle (up to 9 seats),2,43,Male
Collision,2018-06-14 19:01,30,0,0,0,0,Two ways with median island,dry,Oman,class 3,asphalt,day,clear,flat straight,Violation of traffic rules,Amman,Passengers vehicle (up to 9 seats),2,0,Unkown
Collision,2018-06-14 19:01,30,0,0,0,0,Two ways with median island,dry,Jordan,class 3,asphalt,day,clear,flat straight,Improper reversing,Amman,Passengers vehicle (up to 9 seats),2,0,Unkown
Collision,2018-06-14 19:01,30,0,0,0,0,One way,dry,Jordan,unkown driver,asphalt,day,clear,flat straight,Violation of traffic rules,Amman,Passengers vehicle (up to 9 seats),2,118,Female
Collision,2018-06-14 19:01,30,0,0,0,0,One way,dry,Jordan,class 3,asphalt,day,clear,flat straight,Wrong way driving,Amman,Passengers vehicle (up to 9 seats),2,35,Female
Collision,2018-06-14 19:02,50,0,0,0,0,Two ways with median island,dry,Jordan,class4,asphalt,day,clear,flat straight,Improper lane changes,Amman,Passengers vehicle (up to 9 seats),2,39,Male
Collision,2018-06-14 19:02,50,0,0,0,0,Two ways with median island,dry,Jordan,class5,asphalt,day,clear,flat straight,Violation of traffic rules,Amman,Passengers Van or small bus (10 to 30 seats),2,50,Male
Collision,2018-06-14 19:05,60,0,0,0,0,Two ways with median island,dry,Jordan,class 3,asphalt,day,clear,flat straight,Improper lane changes,Amman,Passengers vehicle (up to 9 seats),2,21,Male
Collision,2018-06-14 19:05,60,0,0,0,0,Two ways with median island,dry,Jordan,class 3 auto,asphalt,day,clear,flat straight,Violation of traffic rules,Amman,Passengers vehicle (up to 9 seats),2,29,Female
Collision,2018-06-14 19:09,60,0,0,0,0,Two ways with median island,dry,Jordan,class 3,asphalt,day,clear,flat straight,Violation of traffic rules,Amman,Passengers vehicle (up to 9 seats),3,24,Male
Collision,2018-06-14 19:09,60,0,0,0,0,Two ways with median island,dry,Jordan,class 6a,asphalt,day,clear,flat straight,Violation of traffic rules,Amman,Passengers vehicle (up to 9 seats),3,39,Male
Collision,2018-06-14 19:09,60,0,0,0,0,Two ways with median island,dry,Jordan,class 3,asphalt,day,clear,flat straight,Tailgating,Amman,Passengers vehicle (up to 9 seats),3,35,Male
Collision,2018-06-14 19:14,50,0,0,0,0,Two ways,dry,Jordan,class 3,asphalt,night with enough light,clear,flat straight,Violation of traffic rules,Amman,Passengers vehicle (up to 9 seats),2,31,Male
Collision,2018-06-14 19:14,50,0,0,0,0,Two ways,dry,Jordan,class 3,asphalt,night with enough light,clear,flat straight,Tailgating,Amman,Passenger and cargo vehicle,2,31,Male
Collision,2018-06-14 19:14,60,0,0,0,0,Two ways with median island,dry,Jordan,class 3 auto,asphalt,day,clear,flat straight,Running a stop sign,Amman,Passengers vehicle (up to 9 seats),2,0,Female
Collision,2018-06-14 19:14,60,0,0,0,0,Two ways with median island,dry,Jordan,class 3,asphalt,day,clear,flat straight,Violation of traffic rules,Amman,Passengers vehicle (up to 9 seats),2,34,Male
Collision,2018-06-14 19:16,60,0,0,0,0,Two ways with median island,dry,Jordan,unkown driver,asphalt,day,clear,flat straight,Violation of traffic rules,Irbid,Passengers vehicle (up to 9 seats),2,118,Unkown
Collision,2018-06-14 19:16,60,0,0,0,0,Two ways with median island,dry,Jordan,class 3,asphalt,day,clear,flat straight,Neglecting traffic safety precautions,Irbid,Passengers vehicle (up to 9 seats),2,42,Male
Collision,2018-06-14 19:16,40,0,0,0,0,Two ways with median island,dry,Jordan,class 3,asphalt,day,clear,flat straight,Violation of traffic rules,Balqa,Passengers vehicle (up to 9 seats),2,64,Male
Collision,2018-06-14 19:16,40,0,0,0,0,Two ways with median island,dry,Jordan,class 3,asphalt,day,clear,flat straight,Violation of traffic rules,Balqa,Passengers vehicle (up to 9 seats),2,43,Male
Collision,2018-06-14 19:21,60,0,0,0,0,Two ways with median island,dry,Jordan,class4,asphalt,day,clear,flat straight,Violation of traffic rules,Irbid,Passengers vehicle (up to 9 seats),2,26,Male
Collision,2018-06-14 19:21,60,0,0,0,0,Two ways with median island,dry,Jordan,class 3,asphalt,day,clear,flat straight,Tailgating,Irbid,Passenger and cargo vehicle,2,50,Male
Collision,2018-06-14 19:22,40,0,0,0,0,Two ways with median island,dry,Jordan,class 3 auto,asphalt,sunset,clear,flat straight,Violation of traffic rules,Amman,Passengers vehicle (up to 9 seats),2,0,Unkown
Collision,2018-06-14 19:22,40,0,0,0,0,Two ways with median island,dry,Jordan,class 3,asphalt,sunset,clear,flat straight,Neglecting traffic safety precautions,Amman,Passengers vehicle (up to 9 seats),2,38,Female
Collision,2018-06-14 19:23,60,0,0,0,0,Two ways with median island,dry,Jordan,class4,asphalt,day,clear,flat straight,Violation of traffic rules,Amman,Passengers vehicle (up to 9 seats),2,23,Male
Collision,2018-06-14 19:23,60,0,0,0,0,Two ways with median island,dry,Jordan,class 3,asphalt,day,clear,flat straight,Tailgating,Amman,Passengers vehicle (up to 9 seats),2,26,Male
Collision,2018-06-14 19:25,50,0,0,0,0,Two ways with median island,dry,Jordan,class5,asphalt,sunset,clear,flat straight,Tailgating,Amman,Truck,2,26,Male
Collision,2018-06-14 19:25,50,0,0,0,0,Two ways with median island,dry,Jordan,class 3,asphalt,sunset,clear,flat straight,Violation of traffic rules,Amman,Passengers vehicle (up to 9 seats),2,25,Male
Collision,2018-06-14 19:26,30,0,0,0,0,Public Parks,dry,Jordan,class 3,asphalt,day,clear,flat straight,Neglecting traffic safety precautions,Amman,Passengers vehicle (up to 9 seats),2,35,Male
Collision,2018-06-14 19:26,30,0,0,0,0,Public Parks,dry,Jordan,class 3,asphalt,day,clear,flat straight,Neglecting traffic safety precautions,Amman,Passengers vehicle (up to 9 seats),2,27,Male
Collision,2018-06-14 19:26,50,0,0,0,0,Two ways,dry,Jordan,class 3 auto,asphalt,day,clear,flat straight,Running a stop sign,Amman,Passengers vehicle (up to 9 seats),2,22,Female
Collision,2018-06-14 19:26,50,0,0,0,0,Two ways,dry,Jordan,class 3,asphalt,day,clear,flat straight,Violation of traffic rules,Amman,Passengers vehicle (up to 9 seats),2,30,Female
Collision,2018-06-14 19:31,60,0,0,0,0,Two ways,dry,Jordan,class 3,asphalt,night without enough light,clear,flat straight,Violation of traffic rules,Amman,Passenger and cargo vehicle,2,24,Male
Collision,2018-06-14 19:31,60,0,0,0,0,Two ways,dry,Jordan,class 3,asphalt,night without enough light,clear,flat straight,Violation of traffic rules,Amman,Truck,2,20,Male
Collision,2018-06-14 19:31,60,0,0,0,0,Two ways with median island,dry,KSA,unkown driver,asphalt,day,clear,flat straight,Neglecting traffic safety precautions,Irbid,Passengers Van or small bus (10 to 30 seats),4,52,Unkown
Collision,2018-06-14 19:31,60,0,0,0,0,Two ways with median island,dry,Jordan,class 3,asphalt,day,clear,flat straight,Violation of traffic rules,Irbid,Passengers vehicle (up to 9 seats),4,28,Female
Collision,2018-06-14 19:31,60,0,0,0,0,Two ways with median island,dry,Jordan,class 3,asphalt,day,clear,flat straight,Violation of traffic rules,Irbid,Passenger and cargo vehicle,4,21,Unkown
Collision,2018-06-14 19:31,60,0,0,0,0,Two ways with median island,dry,Jordan,class 3,asphalt,day,clear,flat straight,Violation of traffic rules,Irbid,Passengers vehicle (up to 9 seats),4,55,Male
Collision,2018-06-14 19:35,40,0,0,0,0,Two ways with median island,dry,Jordan,class 3,asphalt,sunset,clear,flat straight,Neglecting traffic safety precautions,Amman,Passengers vehicle (up to 9 seats),2,20,Male
Collision,2018-06-14 19:35,40,0,0,0,0,Two ways with median island,dry,Jordan,class 3,asphalt,sunset,clear,flat straight,Violation of traffic rules,Amman,Passengers vehicle (up to 9 seats),2,31,Female