Accident Type,Date,Speed (Km),Simple Injuries,Severe Injuries,Death,Medium Injuries,Road Lanes,Road Surfuce Description,Vehicle Country,Driver Licensee Type,Road Type,Light,Weather,Road Proerties,Driver Mistake,City,Vehicle type,Number of Cars,Driver Age,Sex
Collision,2018-01-18 16:04,30,0,0,0,0,Two ways,dry,Jordan,class 3,asphalt,day,clear,flat straight,Violation of traffic rules,Amman,Passengers vehicle (up to 9 seats),2,0,Unkown
Collision,2018-01-18 16:04,30,0,0,0,0,Two ways,dry,Jordan,class 3,asphalt,day,clear,flat straight,Improper reversing,Amman,Passengers vehicle (up to 9 seats),2,40,Male
Collision,2018-01-18 19:50,60,0,0,0,0,Two ways with median island,dry,Jordan,class5,asphalt,night with enough light,clear,flat straight,Neglecting traffic safety precautions,Amman,Truck,2,37,Male
Collision,2018-01-18 19:50,60,0,0,0,0,Two ways with median island,dry,Jordan,class 3,asphalt,night with enough light,clear,flat straight,Violation of traffic rules,Amman,Passengers vehicle (up to 9 seats),2,23,Male
Collision,2018-01-18 16:09,50,0,0,0,0,Two ways with median island,dry,Jordan,class4,asphalt,day,clear,Upright straight,Violation of traffic rules,Amman,Passenger and cargo vehicle,2,34,Male
Collision,2018-01-18 16:09,50,0,0,0,0,Two ways with median island,dry,Jordan,class 3 auto,asphalt,day,clear,Upright straight,Violation of traffic rules,Amman,Passengers vehicle (up to 9 seats),2,29,Female
Collision,2018-01-18 16:10,60,0,0,0,0,Two ways with median island,dry,Jordan,class4,asphalt,day,clear,flat straight,Violation of traffic rules,Amman,Passengers vehicle (up to 9 seats),2,47,Male
Collision,2018-01-18 16:10,60,0,0,0,0,Two ways with median island,dry,Jordan,class4,asphalt,day,clear,flat straight,Neglecting traffic safety precautions,Amman,Passengers vehicle (up to 9 seats),2,52,Male
Collision,2018-01-18 16:15,70,0,0,0,0,Two ways with median island,dry,Jordan,class 3,asphalt,day,clear,flat straight,Running a stop sign,Amman,Passengers vehicle (up to 9 seats),2,50,Female
Collision,2018-01-18 16:15,70,0,0,0,0,Two ways with median island,dry,Jordan,class 3,asphalt,day,clear,flat straight,Violation of traffic rules,Amman,Passengers vehicle (up to 9 seats),2,0,Unkown
Collision,2018-01-18 16:12,50,0,0,0,0,Two ways with median island,dry,Jordan,class4,asphalt,day,clear,flat straight,Violation of traffic rules,Irbid,Passenger and cargo vehicle,2,61,Male
Collision,2018-01-18 16:12,50,0,0,0,0,Two ways with median island,dry,Jordan,class 3,asphalt,day,clear,flat straight,Neglecting traffic safety precautions,Irbid,Passengers vehicle (up to 9 seats),2,19,Male
Collision,2018-01-18 16:18,60,0,0,0,0,Two ways with median island,dry,Jordan,class 3 auto,asphalt,day,clear,flat straight,Improper lane changes,Balqa,Passengers vehicle (up to 9 seats),3,22,Female
Collision,2018-01-18 16:18,60,0,0,0,0,Two ways with median island,dry,Jordan,class 3,asphalt,day,clear,flat straight,Violation of traffic rules,Balqa,Passengers vehicle (up to 9 seats),3,36,Male
Collision,2018-01-18 16:18,60,0,0,0,0,Two ways with median island,dry,Jordan,class4,asphalt,day,clear,flat straight,Violation of traffic rules,Balqa,Passengers vehicle (up to 9 seats),3,35,Male
Collision,2018-01-18 16:21,40,0,0,0,0,Two ways,dry,Jordan,class 3,asphalt,day,clear,flat straight,Neglecting traffic safety precautions,Amman,Passengers vehicle (up to 9 seats),2,44,Female
Collision,2018-01-18 16:21,40,0,0,0,0,Two ways,dry,Jordan,class 3,asphalt,day,clear,flat straight,Violation of traffic rules,Amman,Passengers vehicle (up to 9 seats),2,0,Male
Collision,2018-01-18 16:24,50,0,0,0,0,Two ways,dry,Jordan,class 1,asphalt,day,clear,flat straight,Improper lane changes,Amman,Motorcycle,2,0,Male
Collision,2018-01-18 16:24,50,0,0,0,0,Two ways,dry,Jordan,class 3,asphalt,day,clear,flat straight,Violation of traffic rules,Amman,Passengers vehicle (up to 9 seats),2,23,Male
Collision,2018-01-18 16:25,50,0,0,0,0,Two ways with median island,dry,Jordan,class4,asphalt,day,clear,flat straight,Violation of traffic rules,Amman,Passengers vehicle (up to 9 seats),2,43,Male
Collision,2018-01-18 16:25,50,0,0,0,0,Two ways with median island,dry,Jordan,class 3,asphalt,day,clear,flat straight,Tailgating,Amman,Passengers vehicle (up to 9 seats),2,35,Male
Collision,2018-01-18 15:45,60,0,0,0,0,Two ways with median island,dry,Jordan,class4,asphalt,day,clear,Upright straight,Neglecting traffic safety precautions,Maan,Truck,1,56,Male
Collision,2018-01-18 16:29,40,0,0,0,0,Two ways with median island,dry,Jordan,class 3,asphalt,day,clear,flat straight,Violation of traffic rules,Amman,Passengers vehicle (up to 9 seats),2,27,Male
Collision,2018-01-18 16:29,40,0,0,0,0,Two ways with median island,dry,Jordan,class 3,asphalt,day,clear,flat straight,Violation of traffic rules,Amman,Passengers vehicle (up to 9 seats),2,25,Male
Collision,2018-01-18 16:30,40,0,0,0,0,Two ways,dry,Jordan,clas2ab,asphalt,day,clear,flat straight,Violation of traffic rules,Amman,Passengers vehicle (up to 9 seats),2,38,Male
Collision,2018-01-18 16:30,40,0,0,0,0,Two ways,dry,Jordan,class 3,asphalt,day,clear,flat straight,Violation of traffic rules,Amman,Truck,2,45,Male
Collision,2018-01-18 16:31,40,0,0,0,0,Two ways with median island,dry,Jordan,class 3,asphalt,day,clear,flat straight,Violation of traffic rules,Zarqa,Passengers vehicle (up to 9 seats),2,29,Female
Collision,2018-01-18 16:31,40,0,0,0,0,Two ways with median island,dry,Jordan,class 3,asphalt,day,clear,flat straight,Violation of traffic rules,Zarqa,Truck,2,0,Unkown
Collision,2018-01-18 16:32,70,0,0,0,0,Two ways with median island,dry,Jordan,class4,asphalt,day,clear,flat straight,Violation of traffic rules,Amman,Passengers vehicle (up to 9 seats),2,26,Male
Collision,2018-01-18 16:32,70,0,0,0,0,Two ways with median island,dry,Jordan,class 3,asphalt,day,clear,flat straight,Tailgating,Amman,Passengers vehicle (up to 9 seats),2,25,Male
Collision,2018-01-18 16:32,40,0,0,0,0,Two ways with median island,dry,Jordan,class 3,asphalt,day,clear,flat straight,Violation of traffic rules,Amman,Passengers vehicle (up to 9 seats),2,30,Male
Collision,2018-01-18 16:32,40,0,0,0,0,Two ways with median island,dry,Jordan,class 3,asphalt,day,clear,flat straight,Neglecting traffic safety precautions,Amman,Passengers vehicle (up to 9 seats),2,118,Unkown
Collision,2018-01-18 16:33,50,0,0,0,0,Two ways with median island,dry,KSA,unkown driver,asphalt,day,clear,flat straight,Violation of traffic rules,Zarqa,Truck with trailer,2,118,Unkown
Collision,2018-01-18 16:33,50,0,0,0,0,Two ways with median island,dry,Jordan,class 3,asphalt,day,clear,flat straight,Violation of traffic rules,Zarqa,Passenger and cargo vehicle,2,40,Male
Collision,2018-01-18 16:35,60,0,0,0,0,Two ways with median island,dry,Jordan,class 3,asphalt,day,clear,flat straight,Violation of traffic rules,Amman,Truck,2,27,Male
Collision,2018-01-18 16:35,60,0,0,0,0,Two ways with median island,dry,Jordan,class 3,asphalt,day,clear,flat straight,Tailgating,Amman,Passengers vehicle (up to 9 seats),2,0,Unkown
Collision,2018-01-18 17:37,50,0,0,0,0,Two ways with median island,dry,Jordan,class 3,asphalt,day,clear,flat straight,Violation of traffic rules,Zarqa,Passengers vehicle (up to 9 seats),2,30,Male
Collision,2018-01-18 17:37,50,0,0,0,0,Two ways with median island,dry,Jordan,class 3,asphalt,day,clear,flat straight,Neglecting traffic safety precautions,Zarqa,Truck,2,49,Male
Collision,2018-01-18 16:38,40,0,0,0,0,Two ways with median island,dry,Jordan,class4,asphalt,day,clear,flat straight,Violation of traffic rules,Amman,Passengers vehicle (up to 9 seats),2,35,Male
Collision,2018-01-18 16:38,40,0,0,0,0,Two ways with median island,dry,Jordan,class 6a,asphalt,day,clear,flat straight,Violation of traffic rules,Amman,Passengers vehicle (up to 9 seats),2,38,Male
Collision,2018-01-18 16:38,40,0,0,0,0,Two ways,dry,Jordan,class 3,asphalt,day,clear,straight ramp,Violation of traffic rules,Amman,Passengers vehicle (up to 9 seats),2,33,Male
Collision,2018-01-18 16:38,40,0,0,0,0,Two ways,dry,Jordan,class 3,asphalt,day,clear,straight ramp,Passing in intersection,Amman,Passengers vehicle (up to 9 seats),2,19,Male
Collision,2018-01-18 16:37,40,0,0,0,0,Public Parks,dry,Jordan,class 3,asphalt,day,clear,flat straight,Improper reversing,Amman,Passengers vehicle (up to 9 seats),2,27,Male
Collision,2018-01-18 16:37,40,0,0,0,0,Public Parks,dry,Jordan,class 3,asphalt,day,clear,flat straight,Improper reversing,Amman,Passengers vehicle (up to 9 seats),2,20,Male
Collision,2018-01-18 16:42,70,0,0,0,0,Two ways with median island,dry,Jordan,class5,asphalt,day,clear,flat straight,Violation of traffic rules,Amman,Passengers vehicle (up to 9 seats),2,44,Male
Collision,2018-01-18 16:42,70,0,0,0,0,Two ways with median island,dry,Jordan,class 6ab,asphalt,day,clear,flat straight,Open door while driving or parking,Amman,Passenger and cargo vehicle,2,57,Male
Collision,2018-01-18 16:42,40,0,0,0,0,Two ways,dry,Jordan,class4,asphalt,day,clear,flat straight,Neglecting traffic safety precautions,Amman,Passengers vehicle (up to 9 seats),2,55,Male
Collision,2018-01-18 16:42,40,0,0,0,0,Two ways,dry,Jordan,class 3,asphalt,day,clear,flat straight,Violation of traffic rules,Amman,Passengers vehicle (up to 9 seats),2,0,Unkown
Collision,2018-01-18 16:43,40,0,0,0,0,Two ways,dry,Jordan,class 3 auto,asphalt,day,clear,flat straight,Violation of traffic rules,Amman,Passengers vehicle (up to 9 seats),3,32,Female
Collision,2018-01-18 16:43,40,0,0,0,0,Two ways,dry,Jordan,class 3,asphalt,day,clear,flat straight,Violation of traffic rules,Amman,Passengers vehicle (up to 9 seats),3,37,Female
Collision,2018-01-18 16:43,40,0,0,0,0,Two ways,dry,Jordan,class5,asphalt,day,clear,flat straight,Violation of traffic rules,Amman,Passengers vehicle (up to 9 seats),3,33,Male
Collision,2018-01-18 16:50,40,0,0,0,0,Two ways,dry,Jordan,class 3,asphalt,sunset,clear,Upright straight,Violation of traffic rules,al-karak,Passengers vehicle (up to 9 seats),2,22,Male
Collision,2018-01-18 16:50,40,0,0,0,0,Two ways,dry,Jordan,class 3 auto,asphalt,sunset,clear,Upright straight,Improper reversing,al-karak,Passengers vehicle (up to 9 seats),2,46,Female
Collision,2018-01-18 16:39,40,0,0,0,0,One way,dry,Jordan,class 3,asphalt,day,clear,flat straight,Violation of traffic rules,Amman,Truck,2,47,Male
Collision,2018-01-18 16:39,40,0,0,0,0,One way,dry,Jordan,class4,asphalt,day,clear,flat straight,Violation of traffic rules,Amman,Passengers vehicle (up to 9 seats),2,31,Male
Collision,2018-01-18 16:52,40,0,0,0,0,Two ways,dry,Jordan,class 3,asphalt,day,clear,flat straight,Neglecting traffic safety precautions,Madaba,Passengers vehicle (up to 9 seats),2,25,Male
Collision,2018-01-18 16:52,40,0,0,0,0,Two ways,dry,Jordan,class 3,asphalt,day,clear,flat straight,Violation of traffic rules,Madaba,Passengers vehicle (up to 9 seats),2,25,Male
Collision,2018-01-18 16:52,60,0,0,0,0,Two ways with median island,dry,Jordan,class 6a,asphalt,day,clear,flat straight,Violation of traffic rules,Amman,Bus (> 30 seats),2,45,Male
Collision,2018-01-18 16:52,60,0,0,0,0,Two ways with median island,dry,KSA,class 3,asphalt,day,clear,flat straight,Improper lane changes,Amman,Passengers vehicle (up to 9 seats),2,118,Unkown
Collision,2018-01-18 16:54,70,0,0,0,0,Two ways with median island,dry,Jordan,class 3 auto,asphalt,sunset,clear,flat straight,Tailgating,Zarqa,Passengers vehicle (up to 9 seats),3,0,Unkown
Collision,2018-01-18 16:54,70,0,0,0,0,Two ways with median island,dry,Jordan,class 3,asphalt,sunset,clear,flat straight,Violation of traffic rules,Zarqa,Passengers vehicle (up to 9 seats),3,0,Unkown
Collision,2018-01-18 16:54,70,0,0,0,0,Two ways with median island,dry,Jordan,class 3,asphalt,sunset,clear,flat straight,Tailgating,Zarqa,Passengers vehicle (up to 9 seats),3,23,Male
Collision,2018-01-18 16:57,50,0,0,0,0,Two ways with median island,dry,Jordan,class4,asphalt,day,clear,flat straight,Violation of traffic rules,Amman,Truck,2,31,Male
Collision,2018-01-18 16:57,50,0,0,0,0,Two ways with median island,dry,Jordan,class 3,asphalt,day,clear,flat straight,Neglecting traffic safety precautions,Amman,Passengers vehicle (up to 9 seats),2,58,Male
Collision,2018-01-18 16:59,40,0,0,0,0,Two ways with median island,dry,Jordan,class 6a,asphalt,night with enough light,clear,flat straight,Violation of traffic rules,Irbid,Passengers vehicle (up to 9 seats),2,47,Male
Collision,2018-01-18 16:59,40,0,0,0,0,Two ways with median island,dry,Jordan,class 3,asphalt,night with enough light,clear,flat straight,Improper reversing,Irbid,Passengers vehicle (up to 9 seats),2,41,Male
Collision,2018-01-18 17:03,50,0,0,0,0,Two ways,dry,Jordan,class 3 auto,asphalt,night with enough light,clear,flat straight,Running a stop sign,Amman,Passengers vehicle (up to 9 seats),2,38,Female
Collision,2018-01-18 17:03,50,0,0,0,0,Two ways,dry,Jordan,class5,asphalt,night with enough light,clear,flat straight,Violation of traffic rules,Amman,Passengers vehicle (up to 9 seats),2,56,Male
Collision,2018-01-18 17:05,70,0,0,0,0,Two ways with median island,dry,Jordan,class 3,asphalt,day,clear,flat straight,Violation of traffic rules,Amman,Passengers vehicle (up to 9 seats),2,24,Male
Collision,2018-01-18 17:05,70,0,0,0,0,Two ways with median island,dry,Jordan,class 3 auto,asphalt,day,clear,flat straight,Tailgating,Amman,Passengers vehicle (up to 9 seats),2,118,Unkown
Collision,2018-01-18 17:06,50,0,0,0,0,Two ways,wet,Jordan,class 3,asphalt,day,clear,straight ramp,Violation of traffic rules,Irbid,Truck,2,0,Unkown
Collision,2018-01-18 17:06,50,0,0,0,0,Two ways,wet,Jordan,class4,asphalt,day,clear,straight ramp,Running a stop sign,Irbid,Passengers vehicle (up to 9 seats),2,39,Male
Collision,2018-01-18 17:08,40,0,0,0,0,Two ways with median island,dry,Jordan,class 6ab,asphalt,day,clear,flat straight,Violation of traffic rules,Amman,Passenger and cargo vehicle,2,48,Male
Collision,2018-01-18 17:08,40,0,0,0,0,Two ways with median island,dry,Jordan,class 3,asphalt,day,clear,flat straight,Violation of traffic rules,Amman,Passengers vehicle (up to 9 seats),2,25,Male
Collision,2018-01-18 17:07,50,0,0,0,0,Two ways,dry,Jordan,class 3,asphalt,day,clear,flat straight,Violation of traffic rules,Amman,Passengers vehicle (up to 9 seats),2,20,Male
Collision,2018-01-18 17:07,50,0,0,0,0,Two ways,dry,Jordan,class 3,asphalt,day,clear,flat straight,Improper lane changes,Amman,Passengers vehicle (up to 9 seats),2,0,Male
Collision,2018-01-18 17:11,40,0,0,0,0,Two ways,dry,Jordan,class 6a,asphalt,sunset,clear,flat straight,Neglecting traffic safety precautions,Amman,Bus (> 30 seats),2,49,Male
Collision,2018-01-18 17:11,40,0,0,0,0,Two ways,dry,Jordan,class 3,asphalt,sunset,clear,flat straight,Violation of traffic rules,Amman,Passengers vehicle (up to 9 seats),2,0,Unkown
Collision,2018-01-18 17:22,60,0,0,0,0,Two ways with median island,dry,Jordan,class 3,asphalt,sunset,clear,Upright straight,Tailgating,Amman,Passengers vehicle (up to 9 seats),2,0,Unkown
Collision,2018-01-18 17:22,60,0,0,0,0,Two ways with median island,dry,Jordan,class 3,asphalt,sunset,clear,Upright straight,Violation of traffic rules,Amman,Passengers vehicle (up to 9 seats),2,40,Female
Collision,2018-01-18 17:31,40,0,0,0,0,Two ways with median island,dry,Jordan,class4,asphalt,day,clear,flat straight,Violation of traffic rules,Amman,Truck,3,29,Male
Collision,2018-01-19 11:08,40,0,0,0,0,Two ways,wet,Jordan,class 3,asphalt,day,rain,flat straight,Violation of traffic rules,Madaba,Passenger and cargo vehicle,2,0,Unkown
Collision,2018-01-18 17:31,40,0,0,0,0,Two ways with median island,dry,Jordan,class 3,asphalt,day,clear,flat straight,Violation of traffic rules,Amman,Passengers vehicle (up to 9 seats),3,27,Male
Collision,2018-01-18 17:32,50,0,0,0,0,Two ways with median island,dry,Jordan,class 3,asphalt,night with enough light,clear,flat straight,Neglecting traffic safety precautions,Amman,Passengers vehicle (up to 9 seats),2,44,Male
Collision,2018-01-18 17:32,50,0,0,0,0,Two ways with median island,dry,Jordan,class 3,asphalt,night with enough light,clear,flat straight,Violation of traffic rules,Amman,Passengers vehicle (up to 9 seats),2,31,Male
Collision,2018-01-18 17:41,60,0,0,0,0,Two ways with median island,dry,Jordan,class 6b,asphalt,night with enough light,clear,flat straight,Violation of traffic rules,Amman,Passengers vehicle (up to 9 seats),2,38,Male
Collision,2018-01-18 17:41,60,0,0,0,0,Two ways with median island,dry,Jordan,class 3,asphalt,night with enough light,clear,flat straight,Tailgating,Amman,Passengers vehicle (up to 9 seats),2,118,Unkown
Collision,2018-01-18 17:43,40,0,0,0,0,Two ways with median island,dry,Jordan,class4,asphalt,day,clear,flat straight,Violation of traffic rules,Amman,Truck,2,28,Male
Collision,2018-01-18 17:43,40,0,0,0,0,Two ways with median island,dry,Jordan,class 3,asphalt,day,clear,flat straight,Violation of traffic rules,Amman,Passengers vehicle (up to 9 seats),2,30,Male
Collision,2018-01-18 19:47,40,0,0,0,0,Two ways,dry,Jordan,class4,asphalt,night with enough light,clear,flat straight,Improper lane changes,Amman,Truck,2,33,Male
Collision,2018-01-18 19:47,40,0,0,0,0,Two ways,dry,Jordan,class 3,asphalt,night with enough light,clear,flat straight,Violation of traffic rules,Amman,Passengers vehicle (up to 9 seats),2,65,Male
Collision,2018-01-18 17:49,50,0,0,0,0,Two ways,dry,Jordan,class4,asphalt,day,clear,flat straight,Neglecting traffic safety precautions,Amman,Truck,2,43,Male
Collision,2018-01-18 17:49,50,0,0,0,0,Two ways,dry,Jordan,class 3,asphalt,day,clear,flat straight,Violation of traffic rules,Amman,Passengers vehicle (up to 9 seats),2,40,Male
Collision,2018-01-18 17:51,70,0,0,0,0,Two ways with median island,dry,Jordan,class 3,asphalt,night with enough light,clear,flat straight,Violation of traffic rules,Amman,Passengers vehicle (up to 9 seats),2,19,Male
Collision,2018-01-18 17:51,70,0,0,0,0,Two ways with median island,dry,Jordan,class 3,asphalt,night with enough light,clear,flat straight,Neglecting traffic safety precautions,Amman,Truck,2,33,Male
Collision,2018-01-18 17:57,40,0,0,0,0,Two ways with median island,dry,Jordan,class 3 auto,asphalt,night with enough light,clear,flat straight,Violation of traffic rules,Irbid,Passengers vehicle (up to 9 seats),2,47,Female
Collision,2018-01-18 17:57,40,0,0,0,0,Two ways with median island,dry,Jordan,class4,asphalt,night with enough light,clear,flat straight,Improper lane changes,Irbid,Truck,2,54,Male
Collision,2018-01-18 17:58,60,0,0,0,0,Two ways with median island,dry,Jordan,class 3,asphalt,night with enough light,clear,flat straight,Neglecting traffic safety precautions,Amman,Passengers vehicle (up to 9 seats),1,29,Female
Collision,2018-01-18 18:01,50,0,0,0,0,Two ways,dry,Jordan,class 3,asphalt,night with enough light,clear,flat straight,Violation of traffic rules,Amman,Passenger and cargo vehicle,2,26,Male
Collision,2018-01-18 18:01,50,0,0,0,0,Two ways,dry,Jordan,class 3,asphalt,night with enough light,clear,flat straight,Violation of traffic rules,Amman,Passengers vehicle (up to 9 seats),2,29,Female
Collision,2018-01-18 20:30,40,0,0,0,0,Two ways,dry,Jordan,class4,asphalt,night with enough light,clear,flat straight,Tailgating,Amman,Passengers vehicle (up to 9 seats),2,34,Male
Collision,2018-01-18 20:30,40,0,0,0,0,Two ways,dry,Jordan,class 3,asphalt,night with enough light,clear,flat straight,Violation of traffic rules,Amman,Passengers vehicle (up to 9 seats),2,43,Male
Collision,2018-01-18 18:01,50,0,0,0,0,Two ways with median island,dry,Jordan,class 3,asphalt,night with enough light,clear,flat straight,Improper lane changes,Amman,Passengers vehicle (up to 9 seats),2,30,Male
Collision,2018-01-18 18:01,50,0,0,0,0,Two ways with median island,dry,Jordan,class 3,asphalt,night with enough light,clear,flat straight,Violation of traffic rules,Amman,Passengers vehicle (up to 9 seats),2,29,Male
Collision,2018-01-18 18:07,50,0,0,0,0,Two ways with median island,dry,Jordan,class5,asphalt,night with enough light,clear,flat straight,Unsafe turnaround,Amman,Passengers vehicle (up to 9 seats),2,53,Male
Collision,2018-01-18 18:07,50,0,0,0,0,Two ways with median island,dry,Jordan,class 3,asphalt,night with enough light,clear,flat straight,Violation of traffic rules,Amman,Passengers vehicle (up to 9 seats),2,33,Female
Collision,2018-01-18 18:09,60,0,0,0,0,Two ways with median island,dry,Jordan,class 3,asphalt,night without enough light,clear,flat straight,Violation of traffic rules,Zarqa,Truck,2,20,Male
Collision,2018-01-18 18:09,60,0,0,0,0,Two ways with median island,dry,Jordan,class 3,asphalt,night without enough light,clear,flat straight,Improper lane changes,Zarqa,Truck,2,118,Male
Collision,2018-01-19 0:01,40,0,0,0,0,Two ways,dry,Jordan,class 3,asphalt,sunset,clear,flat straight,Tailgating,Amman,Passenger and cargo vehicle,2,118,Unkown
Collision,2018-01-19 0:01,40,0,0,0,0,Two ways,dry,Jordan,class 3,asphalt,sunset,clear,flat straight,Violation of traffic rules,Amman,Passengers vehicle (up to 9 seats),2,24,Male
Collision,2018-01-18 18:12,50,0,0,0,0,Two ways with median island,dry,Jordan,class 3,asphalt,day,clear,flat straight,Improper lane changes,Amman,Passenger and cargo vehicle,2,63,Male
Collision,2018-01-18 18:12,50,0,0,0,0,Two ways with median island,dry,Jordan,class 3,asphalt,day,clear,flat straight,Improper lane changes,Amman,Passengers vehicle (up to 9 seats),2,54,Female
Collision,2018-01-19 2:12,40,0,0,0,0,Two ways with median island,dry,Jordan,class 3 auto,asphalt,night with enough light,clear,flat straight,Violation of traffic rules,Irbid,Passengers vehicle (up to 9 seats),2,35,Female
Collision,2018-01-19 2:12,40,0,0,0,0,Two ways with median island,dry,Jordan,class 3,asphalt,night with enough light,clear,flat straight,Tailgating,Irbid,Passengers vehicle (up to 9 seats),2,0,Unkown
Collision,2018-01-18 18:14,100,0,0,0,0,Two ways with median island,dry,Jordan,class 3,asphalt,night without enough light,clear,flat straight,Improper lane changes,Aqaba,Passengers vehicle (up to 9 seats),2,55,Male
Collision,2018-01-18 18:14,100,0,0,0,0,Two ways with median island,dry,Jordan,class 6b,asphalt,night without enough light,clear,flat straight,Violation of traffic rules,Aqaba,Trailer private use,2,42,Male
Collision,2018-01-18 18:20,40,0,0,0,0,Parking lot,dry,Jordan,class 3,asphalt,night with enough light,clear,flat straight,Violation of traffic rules,Amman,Passengers vehicle (up to 9 seats),2,0,Unkown
Collision,2018-01-18 18:20,40,0,0,0,0,Parking lot,dry,Jordan,class 3,asphalt,night with enough light,clear,flat straight,Neglecting traffic safety precautions,Amman,Passengers vehicle (up to 9 seats),2,46,Male
Collision,2018-01-18 18:21,40,0,0,0,0,Two ways with median island,dry,Jordan,class4,asphalt,night with enough light,clear,flat straight,Violation of traffic rules,Irbid,Passengers vehicle (up to 9 seats),2,24,Male
Collision,2018-01-18 18:21,40,0,0,0,0,Two ways with median island,dry,Jordan,class 3,asphalt,night with enough light,clear,flat straight,Neglecting traffic safety precautions,Irbid,Passengers vehicle (up to 9 seats),2,46,Male
Collision,2018-01-18 18:21,30,0,0,0,0,One way,dry,Jordan,class 3,asphalt,night without enough light,clear,straight ramp,Violation of traffic rules,Irbid,Truck,2,0,Unkown
Collision,2018-01-18 18:21,30,0,0,0,0,One way,dry,Jordan,class 3,asphalt,night without enough light,clear,straight ramp,Improper reversing,Irbid,Truck,2,31,Male
Collision,2018-01-18 18:20,50,0,0,0,0,Two ways with median island,dry,Jordan,class4,asphalt,night with enough light,clear,flat straight,Violation of traffic rules,Amman,Passenger and cargo vehicle,2,41,Male
Collision,2018-01-18 18:20,50,0,0,0,0,Two ways with median island,dry,Jordan,class 3,asphalt,night with enough light,clear,flat straight,Violation of traffic rules,Amman,Truck,2,21,Male
Collision,2018-01-18 18:39,50,0,0,0,0,Two ways with median island,dry,Jordan,class 3,asphalt,night with enough light,clear,flat straight,Improper lane changes,Amman,Passengers vehicle (up to 9 seats),2,118,Unkown
Collision,2018-01-18 18:39,50,0,0,0,0,Two ways with median island,dry,Jordan,class 3,asphalt,night with enough light,clear,flat straight,Violation of traffic rules,Amman,Passengers vehicle (up to 9 seats),2,32,Female
Collision,2018-01-18 18:39,30,0,0,0,0,Two ways,dry,Jordan,class 3,asphalt,night without enough light,clear,flat straight,"Speeding in school zone,innterssecctions and curved roads",Zarqa,Passenger and cargo vehicle,2,24,Male
Collision,2018-01-18 18:39,30,0,0,0,0,Two ways,dry,Jordan,class 3,asphalt,night without enough light,clear,flat straight,Violation of traffic rules,Zarqa,Passengers vehicle (up to 9 seats),2,44,Male
Collision,2018-01-18 18:43,60,0,0,0,0,Two ways,dry,Jordan,class4,asphalt,night without enough light,clear,flat straight,Improper lane changes,al-karak,Truck,2,22,Male
Collision,2018-01-18 18:43,60,0,0,0,0,Two ways,dry,Jordan,class4,asphalt,night without enough light,clear,flat straight,Violation of traffic rules,al-karak,Passengers vehicle (up to 9 seats),2,23,Male
Collision,2018-01-18 18:45,80,0,0,0,0,Two ways with median island,dry,Jordan,class 3,asphalt,night with enough light,clear,flat straight,Improper lane changes,Balqa,Passengers vehicle (up to 9 seats),1,27,Male
Collision,2018-01-18 18:42,50,0,0,0,0,Two ways with median island,dry,Jordan,class4,asphalt,night with enough light,clear,flat straight,Open door while driving or parking,Amman,Passenger and cargo vehicle,2,27,Male
Collision,2018-01-18 18:42,50,0,0,0,0,Two ways with median island,dry,Jordan,class 3,asphalt,night with enough light,clear,flat straight,Violation of traffic rules,Amman,Passengers vehicle (up to 9 seats),2,27,Male
Collision,2018-01-18 18:47,40,0,0,0,0,Two ways,dry,Jordan,class 3,asphalt,night with enough light,clear,flat straight,Violation of traffic rules,Amman,Truck,2,0,Unkown
Collision,2018-01-18 18:47,40,0,0,0,0,Two ways,dry,Jordan,class 3,asphalt,night with enough light,clear,flat straight,Open door while driving or parking,Amman,Passengers vehicle (up to 9 seats),2,21,Male
Collision,2018-01-18 18:50,50,0,0,0,0,Two ways,dry,Jordan,class 3,asphalt,night with enough light,clear,flat straight,Violation of traffic rules,Amman,Passengers vehicle (up to 9 seats),2,19,Male
Collision,2018-01-18 18:50,50,0,0,0,0,Two ways,dry,Jordan,class 3,asphalt,night with enough light,clear,flat straight,Violation of traffic rules,Amman,Passengers vehicle (up to 9 seats),2,22,Male
Run over,2018-01-18 18:56,40,1,0,0,0,Two ways,dry,Jordan,class 3,asphalt,day,clear,flat straight,Neglecting traffic safety precautions,Amman,Truck,1,118,Male
Collision,2018-01-18 18:58,90,0,0,0,0,Two ways with median island,dry,Jordan,class 3 auto,asphalt,night without enough light,clear,Upright straight,Violation of traffic rules,Balqa,Passengers vehicle (up to 9 seats),3,23,Female
Collision,2018-01-18 18:58,90,0,0,0,0,Two ways with median island,dry,Jordan,class 3,asphalt,night without enough light,clear,Upright straight,Violation of traffic rules,Balqa,Passengers vehicle (up to 9 seats),3,21,Male
Collision,2018-01-18 18:58,90,0,0,0,0,Two ways with median island,dry,Jordan,class 3,asphalt,night without enough light,clear,Upright straight,Violation of traffic rules,Balqa,Passengers vehicle (up to 9 seats),3,30,Male
Collision,2018-01-22 17:02,60,0,0,0,0,Two ways with median island,dry,Jordan,class4,asphalt,night with enough light,clear,flat straight,Violation of traffic rules,Amman,Passengers vehicle (up to 9 seats),2,43,Male
Collision,2018-01-22 17:02,60,0,0,0,0,Two ways with median island,dry,Jordan,class 3,asphalt,night with enough light,clear,flat straight,Tailgating,Amman,Passengers vehicle (up to 9 seats),2,30,Male