Accident Type,Date,Speed (Km),Simple Injuries,Severe Injuries,Death,Medium Injuries,Road Lanes,Road Surfuce Description,Vehicle Country,Driver Licensee Type,Road Type,Light,Weather,Road Proerties,Driver Mistake,City,Vehicle type,Number of Cars,Driver Age,Sex
Collision,2018-01-19 20:22,40,0,0,0,0,Two ways with median island,dry,Jordan,class4,asphalt,night with enough light,clear,flat straight,Violation of traffic rules,Irbid,Truck,2,29,Male
Collision,2018-01-19 20:22,40,0,0,0,0,Two ways with median island,dry,Jordan,class 3,asphalt,night with enough light,clear,flat straight,Improper reversing,Irbid,Passengers vehicle (up to 9 seats),2,21,Male
Collision,2018-01-19 20:37,60,0,0,0,0,Two ways with median island,dry,Jordan,class5,asphalt,night with enough light,clear,flat straight,Tailgating,Amman,Passengers vehicle (up to 9 seats),2,47,Male
Collision,2018-01-19 20:37,60,0,0,0,0,Two ways with median island,dry,Jordan,class 3,asphalt,night with enough light,clear,flat straight,Violation of traffic rules,Amman,Passengers vehicle (up to 9 seats),2,28,Male
Collision,2018-01-19 20:38,40,0,0,0,0,Two ways,dry,Jordan,class 3,asphalt,night with enough light,clear,flat straight,Violation of traffic rules,Amman,Passengers vehicle (up to 9 seats),2,24,Male
Collision,2018-01-19 20:38,40,0,0,0,0,Two ways,dry,Jordan,class 3,asphalt,night with enough light,clear,flat straight,Violation of traffic rules,Amman,Passengers vehicle (up to 9 seats),2,25,Male
Collision,2018-01-19 20:39,50,0,0,0,0,Two ways with median island,dry,Jordan,class 3,asphalt,day,clear,flat straight,Violation of traffic rules,Amman,Passenger and cargo vehicle,2,24,Male
Collision,2018-01-19 20:39,50,0,0,0,0,Two ways with median island,dry,Jordan,class 3,asphalt,day,clear,flat straight,Improper reversing,Amman,Passengers vehicle (up to 9 seats),2,118,Unkown
Collision,2018-01-19 20:47,100,0,0,0,0,Two ways with median island,wet,Jordan,class 3,asphalt,night with enough light,clear,flat straight,Neglecting traffic safety precautions,al-karak,Passengers vehicle (up to 9 seats),1,38,Male
Collision,2018-01-19 20:50,40,0,0,0,0,Two ways,dry,Jordan,class4,asphalt,night with enough light,rain,flat straight,Violation of traffic rules,Amman,Passengers vehicle (up to 9 seats),2,29,Male
Collision,2018-01-19 20:50,40,0,0,0,0,Two ways,dry,Jordan,class 3,asphalt,night with enough light,rain,flat straight,Violation of traffic rules,Amman,Passenger and cargo vehicle,2,48,Male
Collision,2018-01-19 20:51,70,0,0,0,0,Two ways with median island,dry,Jordan,class 3 auto,asphalt,night with enough light,clear,flat straight,Tailgating,Amman,Passengers vehicle (up to 9 seats),2,19,Male
Collision,2018-01-19 20:51,70,0,0,0,0,Two ways with median island,dry,Jordan,class4,asphalt,night with enough light,clear,flat straight,Violation of traffic rules,Amman,Passengers vehicle (up to 9 seats),2,26,Male
Collision,2018-01-19 21:01,50,0,0,0,0,Two ways,dry,Jordan,class 3,asphalt,dark,clear,flat straight,Improper reversing,Amman,Passengers vehicle (up to 9 seats),2,41,Male
Collision,2018-01-19 21:01,50,0,0,0,0,Two ways,dry,Jordan,class4,asphalt,dark,clear,flat straight,Violation of traffic rules,Amman,Passengers vehicle (up to 9 seats),2,24,Male
Collision,2018-01-19 21:07,50,0,0,0,0,Two ways with median island,dry,Jordan,class4,asphalt,day,clear,flat straight,Violation of traffic rules,Amman,Passengers vehicle (up to 9 seats),2,35,Male
Collision,2018-01-19 21:07,50,0,0,0,0,Two ways with median island,dry,Jordan,class4,asphalt,day,clear,flat straight,Tailgating,Amman,Truck,2,47,Male
Collision,2018-01-19 21:08,60,0,0,0,0,Two ways with median island,wet,Jordan,class 3,asphalt,night with enough light,clear,flat straight,Improper lane changes,Irbid,Passenger and cargo vehicle,1,20,Male
Collision,2018-01-19 21:16,40,0,0,0,0,Two ways,dry,Jordan,class 3,asphalt,night with enough light,clear,flat straight,Violation of traffic rules,Balqa,Passengers vehicle (up to 9 seats),2,19,Male
Collision,2018-01-19 21:16,40,0,0,0,0,Two ways,dry,Jordan,class 3,asphalt,night with enough light,clear,flat straight,Improper reversing,Balqa,Truck,2,26,Male
Collision,2018-01-19 21:18,40,0,0,0,0,Two ways with median island,dry,Jordan,class 3,asphalt,day,clear,flat straight,Violation of traffic rules,Amman,Passengers vehicle (up to 9 seats),2,45,Male
Collision,2018-01-19 21:18,40,0,0,0,0,Two ways with median island,dry,Jordan,class 3,asphalt,day,clear,flat straight,Improper reversing,Amman,Passengers vehicle (up to 9 seats),2,50,Male
Collision,2018-01-19 21:21,40,4,0,0,0,Two ways with median island,wet,Jordan,class5,asphalt,night with enough light,clear,flat straight,Neglecting traffic safety precautions,Amman,Passengers vehicle (up to 9 seats),2,52,Male
Collision,2018-01-19 21:21,40,4,0,0,0,Two ways with median island,wet,Jordan,class 1,asphalt,night with enough light,clear,flat straight,Neglecting traffic safety precautions,Amman,Passengers vehicle (up to 9 seats),2,21,Male
Collision,2018-01-19 21:28,50,0,0,0,0,Two ways with median island,wet,Jordan,class5,asphalt,night with enough light,rain,flat straight,Violation of traffic rules,Amman,Passengers vehicle (up to 9 seats),2,54,Male
Collision,2018-01-19 21:28,50,0,0,0,0,Two ways with median island,wet,Jordan,class 3,asphalt,night with enough light,rain,flat straight,Improper lane changes,Amman,Passengers vehicle (up to 9 seats),2,0,Unkown
Collision,2018-01-19 21:57,60,0,0,0,0,Two ways with median island,dry,Jordan,unkown driver,asphalt,night with enough light,clear,flat straight,Violation of traffic rules,Amman,Passengers vehicle (up to 9 seats),2,118,Female
Collision,2018-01-19 21:57,60,0,0,0,0,Two ways with median island,dry,Jordan,class 3,asphalt,night with enough light,clear,flat straight,Tailgating,Amman,Passengers vehicle (up to 9 seats),2,22,Male
Collision,2018-01-19 22:02,50,0,0,0,0,Two ways with median island,dry,Jordan,class4,asphalt,night with enough light,clear,flat straight,Violation of traffic rules,Amman,Passengers vehicle (up to 9 seats),2,28,Male
Collision,2018-01-19 22:02,50,0,0,0,0,Two ways with median island,dry,Jordan,class 3,asphalt,night with enough light,clear,flat straight,Neglecting traffic safety precautions,Amman,Passengers vehicle (up to 9 seats),2,49,Female
Run over,2018-01-19 22:07,40,0,1,0,0,Two ways,dry,Jordan,class4,asphalt,night with enough light,clear,flat straight,Neglecting traffic safety precautions,Zarqa,Passengers vehicle (up to 9 seats),1,37,Male
Collision,2018-01-19 22:16,40,0,0,0,0,Two ways with median island,dry,Jordan,class 3,asphalt,night without enough light,clear,flat straight,Improper lane changes,Amman,Passengers vehicle (up to 9 seats),2,79,Male
Collision,2018-01-19 22:16,40,0,0,0,0,Two ways with median island,dry,Jordan,class 3,asphalt,night without enough light,clear,flat straight,Violation of traffic rules,Amman,Passengers vehicle (up to 9 seats),2,41,Male
Collision,2018-01-19 22:22,40,0,0,0,0,Two ways,dry,Jordan,class 3,asphalt,night with enough light,clear,flat straight,Violation of traffic rules,Amman,Passengers vehicle (up to 9 seats),4,0,Unkown
Collision,2018-01-19 22:22,40,0,0,0,0,Two ways,dry,Jordan,class 3,asphalt,night with enough light,clear,flat straight,Violation of traffic rules,Amman,Passengers vehicle (up to 9 seats),4,28,Male
Collision,2018-01-19 22:22,40,0,0,0,0,Two ways,dry,Jordan,class 3,asphalt,night with enough light,clear,flat straight,Violation of traffic rules,Amman,Passengers vehicle (up to 9 seats),4,29,Male
Collision,2018-01-19 10:36,40,0,0,0,0,Two ways with median island,dry,Jordan,class 3,asphalt,night with enough light,clear,flat straight,Violation of traffic rules,Zarqa,Passengers vehicle (up to 9 seats),2,74,Male
Collision,2018-01-19 22:34,60,0,0,0,0,Two ways with median island,dry,Jordan,class5,asphalt,night with enough light,clear,flat straight,Violation of traffic rules,Amman,Passengers vehicle (up to 9 seats),2,56,Male
Collision,2018-01-19 22:34,60,0,0,0,0,Two ways with median island,dry,Jordan,class 3,asphalt,night with enough light,clear,flat straight,Tailgating,Amman,Passengers vehicle (up to 9 seats),2,0,Male
Collision,2018-01-19 22:41,50,0,0,0,0,Two ways,dry,Jordan,unkown driver,asphalt,night without enough light,clear,flat straight,Violation of traffic rules,Amman,Passengers vehicle (up to 9 seats),2,118,Male
Collision,2018-01-19 22:41,50,0,0,0,0,Two ways,dry,Jordan,class 3,asphalt,night without enough light,clear,flat straight,Tailgating,Amman,Passengers vehicle (up to 9 seats),2,21,Male
Collision,2018-01-19 22:44,40,0,0,0,0,Two ways with median island,dry,Jordan,class 3 auto,asphalt,night with enough light,clear,flat straight,Passing in intersection,Amman,Passengers vehicle (up to 9 seats),2,23,Male
Collision,2018-01-19 22:44,40,0,0,0,0,Two ways with median island,dry,Jordan,class 3,asphalt,night with enough light,clear,flat straight,Violation of traffic rules,Amman,Passengers vehicle (up to 9 seats),2,21,Male
Collision,2018-01-19 22:49,60,4,0,0,0,Two ways,dry,Jordan,class 3,asphalt,dark,clear,flat straight,Improper lane changes,Balqa,Passengers vehicle (up to 9 seats),2,37,Male
Collision,2018-01-19 22:49,60,4,0,0,0,Two ways,dry,Jordan,class 3,asphalt,dark,clear,flat straight,Violation of traffic rules,Balqa,Passenger and cargo vehicle,2,46,Male
Collision,2018-01-19 23:06,50,0,0,0,0,Two ways with median island,dry,Jordan,class 3,concrrete,night with enough light,clear,flat straight,Neglecting traffic safety precautions,Amman,Passengers vehicle (up to 9 seats),1,28,Male
Collision,2018-01-19 23:08,40,0,0,0,0,One way,dry,Jordan,class4,concrrete,night without enough light,clear,flat straight,Open door while driving or parking,Amman,Passengers vehicle (up to 9 seats),2,27,Male
Collision,2018-01-19 23:08,40,0,0,0,0,One way,dry,Jordan,class 3,concrrete,night without enough light,clear,flat straight,Violation of traffic rules,Amman,Passengers vehicle (up to 9 seats),2,22,Male
Collision,2018-01-19 23:10,50,0,0,0,0,Two ways with median island,dry,Kuwait,unkown driver,asphalt,night with enough light,clear,flat straight,Neglecting traffic safety precautions,Amman,Passengers vehicle (up to 9 seats),2,118,Male
Collision,2018-01-19 23:10,50,0,0,0,0,Two ways with median island,dry,Jordan,class 3,asphalt,night with enough light,clear,flat straight,Violation of traffic rules,Amman,Passengers vehicle (up to 9 seats),2,0,Unkown
Collision,2018-01-19 1:10,50,0,0,0,0,Two ways with median island,dry,Jordan,class 3,asphalt,night with enough light,clear,flat straight,Running a stop sign,Amman,Truck,2,0,Male
Collision,2018-01-19 1:10,50,0,0,0,0,Two ways with median island,dry,Jordan,class 3,asphalt,night with enough light,clear,flat straight,Violation of traffic rules,Amman,Passengers vehicle (up to 9 seats),2,22,Male
Collision,2018-01-19 23:22,50,0,0,0,0,Two ways,dry,Jordan,class 3 auto,asphalt,night with enough light,clear,flat straight,Improper lane changes,Amman,Passengers vehicle (up to 9 seats),2,0,Female
Collision,2018-01-19 23:22,50,0,0,0,0,Two ways,dry,Jordan,class 3,asphalt,night with enough light,clear,flat straight,Violation of traffic rules,Amman,Passengers vehicle (up to 9 seats),2,30,Female
Collision,2018-01-19 23:30,40,0,0,0,0,Two ways with median island,dry,KSA,unkown driver,asphalt,day,clear,flat straight,Improper reversing,Amman,Passengers vehicle (up to 9 seats),2,118,Unkown
Collision,2018-01-19 23:30,40,0,0,0,0,Two ways with median island,dry,Jordan,class 3,asphalt,day,clear,flat straight,Violation of traffic rules,Amman,Passengers vehicle (up to 9 seats),2,118,Unkown
Collision,2018-01-19 23:58,50,0,0,0,0,Two ways,dry,Jordan,class 3,asphalt,day,clear,flat straight,Violation of traffic rules,Amman,Passengers vehicle (up to 9 seats),2,42,Male
Collision,2018-01-19 23:58,50,0,0,0,0,Two ways,dry,Jordan,class 3,asphalt,day,clear,flat straight,Violation of traffic rules,Amman,Passengers vehicle (up to 9 seats),2,40,Male
Collision,2018-01-20 0:19,50,0,0,0,0,Two ways,dry,Jordan,class 3,asphalt,night with enough light,clear,flat straight,Violation of traffic rules,Amman,Passengers vehicle (up to 9 seats),3,37,Male
Collision,2018-01-20 0:19,50,0,0,0,0,Two ways,dry,Jordan,class 3,asphalt,night with enough light,clear,flat straight,Tailgating,Amman,Passengers vehicle (up to 9 seats),3,20,Male
Collision,2018-01-20 0:19,50,0,0,0,0,Two ways,dry,Jordan,class 3,asphalt,night with enough light,clear,flat straight,Violation of traffic rules,Amman,Passengers vehicle (up to 9 seats),3,24,Male
Collision,2018-01-22 14:22,40,0,0,0,0,One way,dry,Jordan,unkown driver,asphalt,day,clear,flat straight,Violation of traffic rules,Amman,Passengers vehicle (up to 9 seats),2,118,Unkown
Collision,2018-01-22 14:22,40,0,0,0,0,One way,dry,Jordan,class 3,asphalt,day,clear,flat straight,Violation of traffic rules,Amman,Passengers vehicle (up to 9 seats),2,36,Female
Collision,2018-01-20 0:58,60,0,0,0,0,Two ways with median island,wet,Jordan,class5,asphalt,night without enough light,clear,straight ramp,Neglecting traffic safety precautions,Amman,Truck,2,34,Male
Collision,2018-01-20 0:58,60,0,0,0,0,Two ways with median island,wet,Jordan,class 3,asphalt,night without enough light,clear,straight ramp,Violation of traffic rules,Amman,Passengers vehicle (up to 9 seats),2,0,Unkown
Collision,2018-01-20 1:01,40,2,0,0,0,Two ways,dry,Jordan,class 3,asphalt,night with enough light,clear,flat straight,Improper lane changes,Amman,Passengers vehicle (up to 9 seats),2,19,Male
Collision,2018-01-20 1:01,40,2,0,0,0,Two ways,dry,Jordan,class 3,asphalt,night with enough light,clear,flat straight,Violation of traffic rules,Amman,Passengers vehicle (up to 9 seats),2,0,Unkown
Collision,2018-01-20 1:07,60,0,0,0,0,Two ways with median island,wet,KSA,unkown driver,asphalt,night with enough light,clear,flat straight,Improper lane changes,Amman,Passengers vehicle (up to 9 seats),1,118,Unkown
Collision,2018-01-20 1:10,50,0,0,0,0,Two ways,dry,Jordan,class 3,asphalt,night with enough light,clear,flat straight,Violation of traffic rules,Amman,Passengers vehicle (up to 9 seats),3,22,Male
Collision,2018-01-20 1:10,50,0,0,0,0,Two ways,dry,Jordan,class4,asphalt,night with enough light,clear,flat straight,Violation of traffic rules,Amman,Passengers vehicle (up to 9 seats),3,25,Female
Collision,2018-01-20 1:10,50,0,0,0,0,Two ways,dry,Jordan,class 3,asphalt,night with enough light,clear,flat straight,Violation of traffic rules,Amman,Passengers vehicle (up to 9 seats),3,26,Male
Collision,2018-01-20 1:44,50,0,0,0,0,Two ways,dry,Jordan,class 3,asphalt,night with enough light,clear,straight ramp,Violation of traffic rules,Amman,Passengers vehicle (up to 9 seats),2,19,Male
Collision,2018-01-20 1:44,50,0,0,0,0,Two ways,dry,Jordan,class 3,asphalt,night with enough light,clear,straight ramp,Violation of traffic rules,Amman,Passengers vehicle (up to 9 seats),2,53,Male
Collision,2018-01-20 1:50,60,0,0,0,0,Two ways with median island,dry,Jordan,class4,asphalt,night with enough light,clear,flat straight,Violation of traffic rules,Amman,Passengers vehicle (up to 9 seats),2,0,Unkown
Collision,2018-01-20 1:50,60,0,0,0,0,Two ways with median island,dry,Jordan,class 3,asphalt,night with enough light,clear,flat straight,Improper lane changes,Amman,Passengers Van or small bus (10 to 30 seats),2,118,Unkown
Collision,2018-01-20 2:13,50,0,0,0,0,Two ways with median island,dry,Jordan,class 3,asphalt,day,clear,flat straight,Violation of traffic rules,Amman,Passengers Van or small bus (10 to 30 seats),2,0,Unkown
Collision,2018-01-20 2:13,50,0,0,0,0,Two ways with median island,dry,Jordan,class 3,asphalt,day,clear,flat straight,Improper lane changes,Amman,Passengers vehicle (up to 9 seats),2,23,Male
Collision,2018-01-20 2:54,40,0,0,0,0,Two ways,dry,Jordan,class 3,asphalt,night with enough light,clear,flat straight,Violation of traffic rules,Balqa,Passengers vehicle (up to 9 seats),2,28,Male
Collision,2018-01-20 2:54,40,0,0,0,0,Two ways,dry,Jordan,class 3,asphalt,night with enough light,clear,flat straight,Violation of traffic rules,Balqa,Passengers vehicle (up to 9 seats),2,28,Male
Collision,2018-01-20 3:21,40,0,0,0,0,One way,dry,Jordan,class5,asphalt,night without enough light,clear,flat straight,Violation of traffic rules,Irbid,Passengers vehicle (up to 9 seats),2,63,Male
Collision,2018-01-20 3:21,40,0,0,0,0,One way,dry,Jordan,unkown driver,asphalt,night without enough light,clear,flat straight,Improper lane changes,Irbid,Passengers vehicle (up to 9 seats),2,59,Male
Collision,2018-01-20 5:48,40,0,0,0,0,Two ways,dry,Jordan,class 3,asphalt,night with enough light,clear,flat straight,Violation of traffic rules,Amman,Passengers vehicle (up to 9 seats),2,54,Male
Collision,2018-01-20 5:48,40,0,0,0,0,Two ways,dry,Jordan,class4,asphalt,night with enough light,clear,flat straight,Improper reversing,Amman,Passengers vehicle (up to 9 seats),2,48,Male
Collision,2018-01-21 7:10,50,0,0,0,0,One way,dry,Jordan,class 3,asphalt,night with enough light,clear,flat straight,Violation of traffic rules,Amman,Passengers vehicle (up to 9 seats),2,0,Unkown
Collision,2018-01-21 7:10,50,0,0,0,0,One way,dry,Jordan,class 3,asphalt,night with enough light,clear,flat straight,Open door while driving or parking,Amman,Passengers vehicle (up to 9 seats),2,26,Male
Collision,2018-01-20 18:14,50,0,0,0,0,One way,dry,Jordan,class 3,asphalt,night with enough light,clear,flat straight,Violation of traffic rules,Amman,Passengers vehicle (up to 9 seats),2,21,Male
Collision,2018-01-20 18:14,50,0,0,0,0,One way,dry,Jordan,class 3,asphalt,night with enough light,clear,flat straight,Tailgating,Amman,Passengers vehicle (up to 9 seats),2,25,Male
Collision,2018-01-20 18:00,50,0,0,0,0,One way,dry,Jordan,class 6ab,asphalt,night with enough light,clear,flat straight,Improper lane changes,Amman,Passengers Van or small bus (10 to 30 seats),2,57,Male
Collision,2018-01-20 18:00,50,0,0,0,0,One way,dry,Jordan,class 3,asphalt,night with enough light,clear,flat straight,Violation of traffic rules,Amman,Passengers vehicle (up to 9 seats),2,23,Male
Collision,2018-01-20 18:18,50,0,0,0,0,One way,dry,Jordan,class 6a,asphalt,night with enough light,clear,flat straight,Violation of traffic rules,Amman,Passengers vehicle (up to 9 seats),2,41,Male
Collision,2018-01-20 18:18,50,0,0,0,0,One way,dry,Jordan,class 3 auto,asphalt,night with enough light,clear,flat straight,Tailgating,Amman,Passengers vehicle (up to 9 seats),2,0,Unkown
Collision,2018-01-20 17:45,50,0,0,0,0,One way,dry,Jordan,class 3,asphalt,day,clear,flat straight,Violation of traffic rules,Amman,Passengers vehicle (up to 9 seats),2,30,Male
Collision,2018-01-20 17:45,50,0,0,0,0,One way,dry,Jordan,class 3,asphalt,day,clear,flat straight,Tailgating,Amman,Passengers vehicle (up to 9 seats),2,23,Male
Collision,2018-01-20 17:45,50,0,0,0,0,One way,dry,Jordan,class 6b,asphalt,day,clear,flat straight,Tailgating,Amman,Passengers vehicle (up to 9 seats),2,55,Male
Collision,2018-01-20 17:45,50,0,0,0,0,One way,dry,Jordan,class 3,asphalt,day,clear,flat straight,Violation of traffic rules,Amman,Passengers vehicle (up to 9 seats),2,22,Male
Collision,2018-01-20 7:26,50,0,0,0,0,One way,dry,Jordan,class4,asphalt,day,clear,flat straight,Improper reversing,Amman,Passengers vehicle (up to 9 seats),2,33,Male
Collision,2018-01-20 7:26,50,0,0,0,0,One way,dry,Jordan,class 3,asphalt,day,clear,flat straight,Violation of traffic rules,Amman,Passengers vehicle (up to 9 seats),2,37,Male
Collision,2018-01-20 7:29,50,0,0,0,0,One way,dry,Jordan,class5,asphalt,day,clear,flat straight,Violation of traffic rules,Amman,Passengers vehicle (up to 9 seats),2,42,Male
Collision,2018-01-20 7:29,50,0,0,0,0,One way,dry,Jordan,class 3,asphalt,day,clear,flat straight,Tailgating,Amman,Passengers vehicle (up to 9 seats),2,59,Male
Collision,2018-01-20 7:32,60,0,0,0,0,Two ways with median island,dry,Jordan,class 3 auto,asphalt,day,clear,flat straight,Improper lane changes,Amman,Passengers vehicle (up to 9 seats),2,23,Female
Collision,2018-01-20 7:32,60,0,0,0,0,Two ways with median island,dry,Jordan,class 3,asphalt,day,clear,flat straight,Violation of traffic rules,Amman,Passengers vehicle (up to 9 seats),2,28,Male
Collision,2018-01-20 7:32,50,0,0,0,0,One way,dry,Jordan,class 3,asphalt,day,clear,flat straight,Violation of traffic rules,Amman,Passenger and cargo vehicle,2,118,Unkown
Collision,2018-01-20 7:32,50,0,0,0,0,One way,dry,Jordan,class 3,asphalt,day,clear,flat straight,Tailgating,Amman,Passengers vehicle (up to 9 seats),2,48,Male
Collision,2018-01-20 7:35,50,0,0,0,0,One way,dry,Jordan,class5,asphalt,day,clear,flat straight,Neglecting traffic safety precautions,Amman,Passengers Van or small bus (10 to 30 seats),2,40,Male
Collision,2018-01-20 7:35,50,0,0,0,0,One way,dry,Jordan,class 3,asphalt,day,clear,flat straight,Violation of traffic rules,Amman,Passengers vehicle (up to 9 seats),2,44,Male
Collision,2018-01-20 8:33,40,0,0,0,0,Two ways,dry,Jordan,class5,asphalt,day,clear,flat straight,Improper reversing,Amman,Truck,2,47,Male
Collision,2018-01-20 8:33,40,0,0,0,0,Two ways,dry,Jordan,class 3,asphalt,day,clear,flat straight,Violation of traffic rules,Amman,Passengers vehicle (up to 9 seats),2,0,Unkown
Collision,2018-01-20 8:38,40,0,0,0,0,One way,dry,Jordan,class 3,asphalt,day,clear,flat straight,Violation of traffic rules,Amman,Passengers vehicle (up to 9 seats),2,42,Male
Collision,2018-01-20 8:38,40,0,0,0,0,One way,dry,Jordan,class 3,asphalt,day,clear,flat straight,Neglecting traffic safety precautions,Amman,Passenger and cargo vehicle,2,0,Unkown
Collision,2018-01-20 8:47,40,0,0,0,0,Two ways with median island,wet,Jordan,class5,asphalt,day,clear,flat straight,Improper lane changes,Zarqa,Truck,2,25,Male
Collision,2018-01-20 8:47,40,0,0,0,0,Two ways with median island,wet,Jordan,class 3,asphalt,day,clear,flat straight,Violation of traffic rules,Zarqa,Passengers vehicle (up to 9 seats),2,42,Male
Collision,2018-01-20 8:59,40,0,0,0,0,Two ways,wet,Jordan,class 6b,asphalt,day,clear,flat curved,Improper reversing,Amman,Trailer private use,2,27,Male
Collision,2018-01-20 8:59,40,0,0,0,0,Two ways,wet,Jordan,class 3,asphalt,day,clear,flat curved,Violation of traffic rules,Amman,Passengers vehicle (up to 9 seats),2,59,Male
Collision,2018-01-20 9:02,50,0,0,0,0,Two ways,dry,Jordan,class4,asphalt,day,clear,flat straight,Violation of traffic rules,Amman,Passengers vehicle (up to 9 seats),2,57,Male
Collision,2018-01-20 9:02,50,0,0,0,0,Two ways,dry,Jordan,class 3,asphalt,day,clear,flat straight,Neglecting traffic safety precautions,Amman,Passengers vehicle (up to 9 seats),2,22,Male
Collision,2018-01-20 9:11,40,0,0,0,0,Two ways,wet,Jordan,class 3,asphalt,day,clear,flat straight,Violation of traffic rules,Amman,Passengers vehicle (up to 9 seats),2,22,Male
Collision,2018-01-20 9:11,40,0,0,0,0,Two ways,wet,Jordan,class 3,asphalt,day,clear,flat straight,Unsafe turnaround,Amman,Passengers vehicle (up to 9 seats),2,52,Male
Collision,2018-01-20 9:29,40,0,0,0,0,One way,dry,Jordan,class4,asphalt,day,clear,flat straight,Open door while driving or parking,Amman,Truck,2,27,Male
Collision,2018-01-20 9:29,40,0,0,0,0,One way,dry,Jordan,class 3,asphalt,day,clear,flat straight,Violation of traffic rules,Amman,Passengers vehicle (up to 9 seats),2,28,Female
Collision,2018-01-20 9:29,50,0,0,0,0,Two ways with median island,dry,Jordan,class 3,asphalt,day,clear,flat straight,Violation of traffic rules,Amman,Passengers vehicle (up to 9 seats),2,28,Female
Collision,2018-01-20 9:29,50,0,0,0,0,Two ways with median island,dry,Jordan,class 6b,asphalt,day,clear,flat straight,Neglecting traffic safety precautions,Amman,Truck,2,44,Male
Collision,2018-01-20 9:31,80,0,0,0,0,Two ways with median island,dry,Jordan,class4,asphalt,day,clear,flat straight,Tailgating,Irbid,Passengers vehicle (up to 9 seats),2,39,Male
Collision,2018-01-20 9:31,80,0,0,0,0,Two ways with median island,dry,Jordan,class 3,asphalt,day,clear,flat straight,Violation of traffic rules,Irbid,Passengers vehicle (up to 9 seats),2,45,Female
Collision,2018-01-20 9:33,40,0,0,0,0,Two ways,dry,Jordan,class 3,asphalt,day,clear,straight ramp,Violation of traffic rules,Madaba,Passengers vehicle (up to 9 seats),2,43,Male
Collision,2018-01-20 9:33,40,0,0,0,0,Two ways,dry,Jordan,class 6b,asphalt,day,clear,straight ramp,Improper lane changes,Madaba,Passengers vehicle (up to 9 seats),2,32,Male
Collision,2018-01-20 9:35,80,0,0,0,0,Two ways,dry,Jordan,class5,asphalt,day,clear,flat straight,Violation of traffic rules,Jerash,Passengers vehicle (up to 9 seats),2,74,Male
Collision,2018-01-20 9:35,80,0,0,0,0,Two ways,dry,Jordan,class 3,asphalt,day,clear,flat straight,Violation of traffic rules,Jerash,Passengers vehicle (up to 9 seats),2,30,Male
Collision,2018-01-20 9:45,60,0,0,0,0,Two ways with median island,dry,Jordan,class5,asphalt,day,clear,flat straight,Violation of traffic rules,Zarqa,Passengers vehicle (up to 9 seats),2,35,Male
Collision,2018-01-20 9:45,60,0,0,0,0,Two ways with median island,dry,Jordan,class 3,asphalt,day,clear,flat straight,Improper lane changes,Zarqa,Passengers vehicle (up to 9 seats),2,26,Male
Collision,2018-01-20 9:50,40,0,0,0,0,Two ways with median island,dry,Jordan,class 3,asphalt,day,clear,flat straight,Violation of traffic rules,Amman,Truck,2,20,Male
Collision,2018-01-20 9:50,40,0,0,0,0,Two ways with median island,dry,Jordan,class 3,asphalt,day,clear,flat straight,Improper lane changes,Amman,Passengers vehicle (up to 9 seats),2,53,Male
Collision,2018-01-20 9:56,40,0,0,0,0,Two ways,dry,Jordan,class 3,asphalt,day,clear,flat straight,Violation of traffic rules,Amman,Passengers vehicle (up to 9 seats),2,29,Male
Collision,2018-01-20 9:56,40,0,0,0,0,Two ways,dry,Jordan,class 6b,asphalt,day,clear,flat straight,Neglecting traffic safety precautions,Amman,Trailer private use,2,57,Male
Collision,2018-01-20 10:05,40,0,0,0,0,Two ways with median island,dry,Jordan,class5,asphalt,day,clear,flat straight,Violation of traffic rules,Amman,Passengers vehicle (up to 9 seats),2,43,Male
Collision,2018-01-20 10:05,40,0,0,0,0,Two ways with median island,dry,Jordan,class 3,asphalt,day,clear,flat straight,Neglecting traffic safety precautions,Amman,Passenger and cargo vehicle,2,29,Male
Collision,2018-01-20 10:09,40,0,0,0,0,Two ways with median island,dry,Jordan,class 3,asphalt,day,clear,flat straight,Tailgating,Amman,Truck,2,38,Male
Collision,2018-01-20 10:09,40,0,0,0,0,Two ways with median island,dry,Jordan,class 3,asphalt,day,clear,flat straight,Violation of traffic rules,Amman,Passengers vehicle (up to 9 seats),2,26,Male
Collision,2018-01-20 10:09,40,0,0,0,0,Two ways with median island,wet,Jordan,class 3,asphalt,night without enough light,clear,flat straight,Improper lane changes,Zarqa,Truck,2,0,Unkown
Collision,2018-01-20 10:09,40,0,0,0,0,Two ways with median island,wet,Jordan,class 3,asphalt,night without enough light,clear,flat straight,Violation of traffic rules,Zarqa,Passengers vehicle (up to 9 seats),2,40,Male
Collision,2018-01-20 10:20,50,0,0,0,0,Two ways with median island,dry,Jordan,class4,asphalt,day,clear,flat straight,Unsafe turnaround,Amman,Passengers vehicle (up to 9 seats),2,79,Male
Collision,2018-01-20 10:20,50,0,0,0,0,Two ways with median island,dry,Jordan,class5,asphalt,day,clear,flat straight,Violation of traffic rules,Amman,Passengers Van or small bus (10 to 30 seats),2,27,Male
Collision,2018-01-20 10:27,40,0,0,0,0,Two ways,dry,Jordan,class 3,asphalt,day,clear,flat straight,Violation of traffic rules,Amman,Passengers vehicle (up to 9 seats),2,34,Male