Accident Type,Date,Speed (Km),Simple Injuries,Severe Injuries,Death,Medium Injuries,Road Lanes,Road Surfuce Description,Vehicle Country,Driver Licensee Type,Road Type,Light,Weather,Road Proerties,Driver Mistake,City,Vehicle type,Number of Cars,Driver Age,Sex
Collision,2018-06-21 13:07,40,0,0,0,0,Two ways,dry,Jordan,class 3,asphalt,day,clear,flat straight,Improper reversing,Jerash,Passenger and cargo vehicle,2,33,Male
Collision,2018-06-21 13:11,70,0,0,0,0,Two ways with median island,dry,Jordan,class 3,asphalt,day,clear,flat straight,Tailgating,Amman,Passengers vehicle (up to 9 seats),2,43,Male
Collision,2018-06-21 13:11,70,0,0,0,0,Two ways with median island,dry,Jordan,class 3,asphalt,day,clear,flat straight,Violation of traffic rules,Amman,Truck,2,30,Male
Collision,2018-06-21 13:18,40,0,0,0,0,Two ways,dry,Jordan,unkown driver,asphalt,day,clear,flat straight,Violation of traffic rules,Mafraq,Passengers vehicle (up to 9 seats),2,34,Male
Collision,2018-06-21 13:18,40,0,0,0,0,Two ways,dry,Jordan,class 3,asphalt,day,clear,flat straight,Violation of traffic rules,Mafraq,Passenger and cargo vehicle,2,62,Male
Collision,2018-06-21 13:22,60,1,0,0,0,Two ways with median island,dry,Jordan,class 6ab,asphalt,day,clear,Upright straight,Violation of traffic rules,Maan,Trailer private use,2,58,Male
Collision,2018-06-21 13:22,60,1,0,0,0,Two ways with median island,dry,Jordan,class 6ab,asphalt,day,clear,Upright straight,Tailgating,Maan,Bus (> 30 seats),2,44,Male
Collision,2018-06-21 13:23,40,0,0,0,0,Two ways,dry,Jordan,class 3,asphalt,day,clear,flat straight,Violation of traffic rules,Amman,Passengers vehicle (up to 9 seats),2,78,Male
Collision,2018-06-21 13:23,40,0,0,0,0,Two ways,dry,Jordan,class 3,asphalt,day,clear,flat straight,Tailgating,Amman,Passengers vehicle (up to 9 seats),2,64,Female
Collision,2018-06-21 13:23,40,0,0,0,0,Two ways with median island,dry,Jordan,class 3,asphalt,day,clear,flat straight,Violation of traffic rules,Amman,Passengers vehicle (up to 9 seats),2,32,Male
Collision,2018-06-21 13:23,40,0,0,0,0,Two ways with median island,dry,Jordan,class 6b,asphalt,day,clear,flat straight,Neglecting traffic safety precautions,Amman,Truck,2,39,Male
Collision,2018-06-21 13:26,50,0,0,0,0,Two ways with median island,dry,Jordan,class 3,asphalt,day,clear,flat straight,Tailgating,Amman,Passengers vehicle (up to 9 seats),2,42,Male
Collision,2018-06-21 13:26,50,0,0,0,0,Two ways with median island,dry,Jordan,class 3,asphalt,day,clear,flat straight,Violation of traffic rules,Amman,Passengers vehicle (up to 9 seats),2,44,Male
Collision,2018-06-21 13:28,60,0,0,0,0,Two ways with median island,dry,Jordan,class5,asphalt,day,clear,flat straight,Violation of traffic rules,Madaba,Passengers vehicle (up to 9 seats),2,47,Male
Collision,2018-06-21 13:28,60,0,0,0,0,Two ways with median island,dry,Jordan,class 3,asphalt,day,clear,flat straight,Tailgating,Madaba,Passengers vehicle (up to 9 seats),2,59,Male
Collision,2018-06-21 13:28,50,0,0,0,0,Two ways with median island,dry,Jordan,class4,asphalt,day,clear,flat straight,Violation of traffic rules,Amman,Passengers vehicle (up to 9 seats),2,40,Male
Collision,2018-06-21 13:28,50,0,0,0,0,Two ways with median island,dry,Jordan,class 3,asphalt,day,clear,flat straight,Neglecting traffic safety precautions,Amman,Passengers vehicle (up to 9 seats),2,59,Male
Collision,2018-06-21 13:29,50,0,0,0,0,Two ways with median island,dry,Jordan,class5,asphalt,day,clear,flat straight,Violation of traffic rules,Amman,Truck,2,26,Male
Collision,2018-06-21 13:29,50,0,0,0,0,Two ways with median island,dry,Jordan,class 3,asphalt,day,clear,flat straight,Violation of traffic rules,Amman,Passengers vehicle (up to 9 seats),2,52,Female
Collision,2018-06-21 13:30,60,0,0,0,0,Two ways with median island,dry,Jordan,class5,asphalt,day,clear,flat straight,Violation of traffic rules,Zarqa,Truck,2,30,Male
Collision,2018-06-21 13:30,60,0,0,0,0,Two ways with median island,dry,Jordan,class 3,asphalt,day,clear,flat straight,Improper lane changes,Zarqa,Passengers vehicle (up to 9 seats),2,42,Male
Run over,2018-06-21 0:10,60,0,1,0,0,Two ways,dry,Jordan,class 3,asphalt,night with enough light,clear,flat straight,Neglecting traffic safety precautions,Amman,Passengers vehicle (up to 9 seats),1,29,Male
Collision,2018-06-21 13:32,40,0,0,0,0,Two ways with median island,dry,Jordan,class4,asphalt,day,clear,flat straight,Violation of traffic rules,Irbid,Truck,2,47,Male
Collision,2018-06-21 13:32,40,0,0,0,0,Two ways with median island,dry,Jordan,class 3,asphalt,day,clear,flat straight,Neglecting traffic safety precautions,Irbid,Truck,2,0,Male
Collision,2018-06-21 13:34,40,0,0,0,0,Two ways,dry,Jordan,class 3,asphalt,day,clear,flat straight,Violation of traffic rules,al-karak,Passenger and cargo vehicle,2,69,Male
Collision,2018-06-21 13:34,40,0,0,0,0,Two ways,dry,Jordan,class 3,asphalt,day,clear,flat straight,Tailgating,al-karak,Truck,2,25,Male
Collision,2018-06-21 5:00,40,0,0,0,0,Two ways,dry,Jordan,unkown driver,asphalt,day,clear,flat straight,Violation of traffic rules,Amman,Passengers vehicle (up to 9 seats),2,118,Male
Collision,2018-06-21 5:00,40,0,0,0,0,Two ways,dry,Jordan,class 3,asphalt,day,clear,flat straight,Disregarding traffic signs,Amman,Passengers vehicle (up to 9 seats),2,37,Female
Collision,2018-06-21 13:43,50,0,0,0,0,Two ways with median island,dry,Jordan,class5,asphalt,day,clear,flat straight,Violation of traffic rules,Amman,Passengers vehicle (up to 9 seats),2,41,Male
Collision,2018-06-21 13:43,50,0,0,0,0,Two ways with median island,dry,Jordan,class 3,asphalt,day,clear,flat straight,Tailgating,Amman,Passengers vehicle (up to 9 seats),2,52,Male
Collision,2018-06-21 13:46,40,0,0,0,0,Two ways with median island,dry,Jordan,class4,asphalt,day,clear,flat straight,Violation of traffic rules,Irbid,Passengers vehicle (up to 9 seats),2,37,Male
Collision,2018-06-21 13:46,40,0,0,0,0,Two ways with median island,dry,Jordan,class 6ab,asphalt,day,clear,flat straight,Improper lane changes,Irbid,Passenger and cargo vehicle,2,55,Male
Collision,2018-06-21 23:20,50,0,0,0,0,Two ways with median island,dry,KSA,unkown driver,asphalt,night with enough light,clear,flat straight,Violation of traffic rules,Amman,Passengers vehicle (up to 9 seats),2,118,Unkown
Collision,2018-06-21 23:20,50,0,0,0,0,Two ways with median island,dry,Jordan,class 3,asphalt,night with enough light,clear,flat straight,Violation of traffic rules,Amman,Passengers vehicle (up to 9 seats),2,23,Male
Collision,2018-06-21 13:51,50,1,0,0,0,Two ways with median island,dry,Jordan,class5,asphalt,day,clear,flat straight,Neglecting traffic safety precautions,Amman,Passengers vehicle (up to 9 seats),1,48,Male
Collision,2018-06-21 13:55,60,0,0,0,0,Two ways with median island,dry,Jordan,class4,asphalt,day,clear,flat straight,Violation of traffic rules,Amman,Passengers vehicle (up to 9 seats),2,48,Male
Collision,2018-06-21 13:55,60,0,0,0,0,Two ways with median island,dry,Jordan,class 3 auto,asphalt,day,clear,flat straight,Neglecting traffic safety precautions,Amman,Passengers vehicle (up to 9 seats),2,31,Female
Collision,2018-06-21 13:59,40,0,0,0,0,Two ways with median island,dry,Jordan,class 3,asphalt,day,clear,flat straight,Violation of traffic rules,Zarqa,Passengers vehicle (up to 9 seats),2,0,Unkown
Collision,2018-06-21 13:59,40,0,0,0,0,Two ways with median island,dry,Jordan,class4,asphalt,day,clear,flat straight,Violation of traffic rules,Zarqa,Passengers vehicle (up to 9 seats),2,36,Male
Collision,2018-06-21 14:02,40,0,0,0,0,Two ways with median island,dry,Jordan,class 3,asphalt,day,clear,flat straight,Violation of traffic rules,Amman,Passengers vehicle (up to 9 seats),2,30,Male
Collision,2018-06-21 14:02,40,0,0,0,0,Two ways with median island,dry,Jordan,class 3,asphalt,day,clear,flat straight,Violation of traffic rules,Amman,Passengers vehicle (up to 9 seats),2,32,Male
Collision,2018-06-21 14:05,40,0,0,0,0,Two ways,dry,Jordan,class 3,asphalt,day,clear,flat straight,Violation of traffic rules,Amman,Passengers vehicle (up to 9 seats),2,0,Unkown
Collision,2018-06-21 14:05,40,0,0,0,0,Two ways,dry,Jordan,class 3,asphalt,day,clear,flat straight,Neglecting traffic safety precautions,Amman,Passengers vehicle (up to 9 seats),2,42,Male
Collision,2018-06-21 14:05,40,0,0,0,0,Two ways,dry,Jordan,class 3,asphalt,day,clear,flat straight,Violation of traffic rules,Amman,Passengers vehicle (up to 9 seats),2,31,Male
Collision,2018-06-21 14:05,40,0,0,0,0,Two ways,dry,Jordan,class 3,asphalt,day,clear,flat straight,Improper reversing,Amman,Passengers vehicle (up to 9 seats),2,33,Male
Collision,2018-06-21 14:05,40,0,0,0,0,Two ways,dry,Jordan,class 3,asphalt,day,clear,flat straight,Violation of traffic rules,Amman,Passengers vehicle (up to 9 seats),3,0,Unkown
Collision,2018-06-21 14:05,40,0,0,0,0,Two ways,dry,Jordan,class 3,asphalt,day,clear,flat straight,Improper lane changes,Amman,Passengers vehicle (up to 9 seats),3,0,Unkown
Collision,2018-06-21 14:09,40,0,0,0,0,Two ways with median island,dry,Jordan,class 3,asphalt,day,clear,flat straight,Tailgating,Irbid,Passengers vehicle (up to 9 seats),2,19,Male
Collision,2018-06-21 14:09,40,0,0,0,0,Two ways with median island,dry,Jordan,class 3,asphalt,day,clear,flat straight,Violation of traffic rules,Irbid,Passengers vehicle (up to 9 seats),2,59,Male
Collision,2018-06-21 14:10,40,0,0,0,0,Two ways with median island,dry,Jordan,class4,asphalt,day,clear,flat straight,Open door while driving or parking,Irbid,Passengers vehicle (up to 9 seats),2,29,Male
Collision,2018-06-21 14:10,40,0,0,0,0,Two ways with median island,dry,Jordan,class4,asphalt,day,clear,flat straight,Violation of traffic rules,Irbid,Passengers vehicle (up to 9 seats),2,47,Male
Collision,2018-06-21 14:11,50,0,0,0,0,Two ways with median island,dry,Jordan,class 3,asphalt,day,clear,flat straight,Tailgating,Amman,Passengers vehicle (up to 9 seats),2,44,Female
Collision,2018-06-21 14:11,50,0,0,0,0,Two ways with median island,dry,Jordan,class 6a,asphalt,day,clear,flat straight,Violation of traffic rules,Amman,Passengers vehicle (up to 9 seats),2,47,Male
Collision,2018-06-21 14:11,40,0,0,0,0,Two ways,dry,Jordan,class 3,asphalt,day,clear,flat straight,Violation of traffic rules,Irbid,Passengers vehicle (up to 9 seats),2,23,Male
Collision,2018-06-21 14:11,40,0,0,0,0,Two ways,dry,Jordan,class 6a,asphalt,day,clear,flat straight,Violation of traffic rules,Irbid,Passengers vehicle (up to 9 seats),2,28,Male
Collision,2018-06-21 14:15,60,0,0,0,0,Two ways,dry,Jordan,class 6b,asphalt,day,clear,flat straight,Violation of traffic rules,Amman,Passengers vehicle (up to 9 seats),2,32,Male
Collision,2018-06-21 14:15,60,0,0,0,0,Two ways,dry,KSA,class 3 auto,asphalt,day,clear,flat straight,Tailgating,Amman,Passengers vehicle (up to 9 seats),2,24,Male
Collision,2018-06-21 14:16,40,0,0,0,0,Two ways,dry,Jordan,class 3 auto,asphalt,day,clear,flat straight,Neglecting traffic safety precautions,Jerash,Passengers vehicle (up to 9 seats),1,26,Female
Collision,2018-06-21 15:30,40,0,0,0,0,Two ways,dry,Jordan,class4,asphalt,day,clear,flat straight,Violation of traffic rules,Amman,Passengers vehicle (up to 9 seats),2,44,Male
Collision,2018-06-21 15:30,40,0,0,0,0,Two ways,dry,Jordan,class 3 auto,asphalt,day,clear,flat straight,Violation of traffic rules,Amman,Passengers vehicle (up to 9 seats),2,118,Female
Collision,2018-06-21 14:24,60,0,0,0,0,Two ways with median island,dry,Jordan,class 3,asphalt,day,clear,flat straight,Violation of traffic rules,Amman,Passengers vehicle (up to 9 seats),2,27,Male
Collision,2018-06-21 14:24,60,0,0,0,0,Two ways with median island,dry,Jordan,class 3,asphalt,day,clear,flat straight,Improper lane changes,Amman,Passenger and cargo vehicle,2,48,Male
Collision,2018-06-21 14:25,60,0,0,0,0,Two ways,dry,Jordan,class4,asphalt,day,clear,flat straight,Violation of traffic rules,Amman,Passengers vehicle (up to 9 seats),2,61,Male
Collision,2018-06-21 14:25,60,0,0,0,0,Two ways,dry,Jordan,class 3,asphalt,day,clear,flat straight,Neglecting traffic safety precautions,Amman,Passenger and cargo vehicle,2,56,Male
Collision,2018-06-21 14:27,60,0,0,0,0,Two ways with median island,dry,Jordan,class 3 auto,asphalt,day,clear,flat straight,Violation of traffic rules,Amman,Passengers vehicle (up to 9 seats),2,29,Female
Collision,2018-06-21 14:27,60,0,0,0,0,Two ways with median island,dry,Jordan,class 3,asphalt,day,clear,flat straight,Violation of traffic rules,Amman,Passengers vehicle (up to 9 seats),2,41,Male
Collision,2018-06-21 14:33,40,0,0,0,0,Two ways with median island,dry,Jordan,class 3,asphalt,day,clear,flat straight,Open door while driving or parking,Amman,Passengers vehicle (up to 9 seats),2,44,Female
Collision,2018-06-21 14:33,40,0,0,0,0,Two ways with median island,dry,Jordan,class 3,asphalt,day,clear,flat straight,Violation of traffic rules,Amman,Passengers vehicle (up to 9 seats),2,46,Male
Collision,2018-06-21 14:33,60,0,0,0,0,Two ways with median island,dry,Jordan,class4,asphalt,day,clear,flat straight,Violation of traffic rules,Amman,Passengers vehicle (up to 9 seats),2,30,Male
Collision,2018-06-21 14:33,60,0,0,0,0,Two ways with median island,dry,Jordan,class 3,asphalt,day,clear,flat straight,Improper reversing,Amman,Passengers vehicle (up to 9 seats),2,80,Male
Collision,2018-06-20 18:30,40,0,0,0,0,Two ways with median island,dry,Jordan,class4,asphalt,day,clear,flat straight,Running a red light,Amman,Passengers vehicle (up to 9 seats),2,32,Male
Collision,2018-06-20 18:30,40,0,0,0,0,Two ways with median island,dry,Jordan,class 3,asphalt,day,clear,flat straight,Violation of traffic rules,Amman,Passengers vehicle (up to 9 seats),2,45,Female
Collision,2018-06-21 14:36,50,0,0,0,0,Two ways with median island,dry,Jordan,class 3 auto,asphalt,day,clear,flat straight,Neglecting traffic safety precautions,Amman,Passengers vehicle (up to 9 seats),2,26,Male
Collision,2018-06-21 14:36,50,0,0,0,0,Two ways with median island,dry,Jordan,class7,asphalt,day,clear,flat straight,Violation of traffic rules,Amman,Passengers Van or small bus (10 to 30 seats),2,0,Unkown
Collision,2018-06-21 14:36,60,0,0,0,0,Two ways with median island,dry,Jordan,class 3,asphalt,day,clear,flat straight,Improper lane changes,Irbid,Passengers vehicle (up to 9 seats),2,36,Male
Collision,2018-06-21 14:36,60,0,0,0,0,Two ways with median island,dry,Jordan,class 3,asphalt,day,clear,flat straight,Violation of traffic rules,Irbid,Passengers vehicle (up to 9 seats),2,37,Male
Collision,2018-06-21 14:42,40,0,0,0,0,Two ways with median island,dry,Jordan,class 3,asphalt,day,clear,flat straight,Violation of traffic rules,Irbid,Truck,2,26,Male
Collision,2018-06-21 14:42,40,0,0,0,0,Two ways with median island,dry,Jordan,class 3,asphalt,day,clear,flat straight,Running a stop sign,Irbid,Truck,2,19,Male
Collision,2018-06-21 14:45,40,0,0,0,0,Two ways,dry,Jordan,class 3,asphalt,day,clear,flat straight,Improper reversing,Amman,Passengers vehicle (up to 9 seats),1,60,Female
Collision,2018-06-21 14:50,50,3,0,0,1,Two ways,dry,Jordan,class 3,asphalt,day,clear,flat straight,Violation of traffic rules,Ajloun,Passengers vehicle (up to 9 seats),2,26,Male
Collision,2018-06-21 14:50,50,3,0,0,1,Two ways,dry,Jordan,class 3,asphalt,day,clear,flat straight,Sharp curved,Ajloun,Passengers vehicle (up to 9 seats),2,36,Male
Collision,2018-06-21 14:45,40,0,0,0,0,Two ways,dry,Jordan,class4,asphalt,day,clear,flat straight,Violation of traffic rules,Amman,Passengers vehicle (up to 9 seats),2,36,Male
Collision,2018-06-21 14:45,40,0,0,0,0,Two ways,dry,Jordan,class 3,asphalt,day,clear,flat straight,Violation of traffic rules,Amman,Passengers vehicle (up to 9 seats),2,75,Female
Collision,2018-06-21 14:55,40,0,0,0,0,Two ways,dry,Jordan,class 3,asphalt,day,clear,flat straight,Violation of traffic rules,Zarqa,Passengers vehicle (up to 9 seats),2,39,Male
Collision,2018-06-21 14:55,40,0,0,0,0,Two ways,dry,Jordan,class 3,asphalt,day,clear,flat straight,Open door while driving or parking,Zarqa,Passengers vehicle (up to 9 seats),2,52,Male
Collision,2018-06-21 14:58,60,0,0,0,0,Two ways with median island,dry,Jordan,class5,asphalt,day,clear,flat straight,Violation of traffic rules,Zarqa,Passengers vehicle (up to 9 seats),2,40,Male
Collision,2018-06-21 14:58,60,0,0,0,0,Two ways with median island,dry,Jordan,class 3,asphalt,day,clear,flat straight,Tailgating,Zarqa,Passengers vehicle (up to 9 seats),2,24,Male
Collision,2018-06-21 14:59,60,0,0,0,0,Two ways with median island,dry,Jordan,class 3,asphalt,day,clear,flat straight,Neglecting traffic safety precautions,Amman,Passengers vehicle (up to 9 seats),2,31,Female
Collision,2018-06-21 14:59,60,0,0,0,0,Two ways with median island,dry,Jordan,class 3,asphalt,day,clear,flat straight,Violation of traffic rules,Amman,Truck,2,26,Male
Collision,2018-06-21 15:02,60,0,0,0,0,Two ways,dry,Jordan,class 3,asphalt,day,clear,flat straight,Violation of traffic rules,Amman,Passengers vehicle (up to 9 seats),2,37,Male
Collision,2018-06-21 15:02,60,0,0,0,0,Two ways,dry,Jordan,class 3,asphalt,day,clear,flat straight,Improper lane changes,Amman,Passengers vehicle (up to 9 seats),2,0,Male
Collision,2018-06-21 15:02,50,0,0,0,0,Two ways,dry,Jordan,class 3,asphalt,day,clear,flat straight,Violation of traffic rules,Amman,Passengers vehicle (up to 9 seats),2,61,Male
Collision,2018-06-21 15:02,50,0,0,0,0,Two ways,dry,Jordan,class 3,asphalt,day,clear,flat straight,Violation of traffic rules,Amman,Passengers vehicle (up to 9 seats),2,38,Male
Collision,2018-06-21 15:02,50,0,0,0,0,Two ways with median island,dry,Jordan,class 3 auto,asphalt,day,clear,flat straight,Violation of traffic rules,Amman,Passengers vehicle (up to 9 seats),2,28,Male
Collision,2018-06-21 15:02,50,0,0,0,0,Two ways with median island,dry,Jordan,class 3,asphalt,day,clear,flat straight,Violation of traffic rules,Amman,Passengers vehicle (up to 9 seats),2,21,Male
Collision,2018-06-21 15:04,50,0,0,0,0,Two ways with median island,dry,Jordan,class4,asphalt,day,clear,flat straight,Violation of traffic rules,Amman,Passengers vehicle (up to 9 seats),3,41,Male
Collision,2018-06-21 15:04,50,0,0,0,0,Two ways with median island,dry,Jordan,class 3,asphalt,day,clear,flat straight,Violation of traffic rules,Amman,Passengers vehicle (up to 9 seats),3,21,Male
Collision,2018-06-21 15:04,50,0,0,0,0,Two ways with median island,dry,Jordan,class 3,asphalt,day,clear,flat straight,Tailgating,Amman,Passengers vehicle (up to 9 seats),3,25,Male
Collision,2018-06-21 15:05,60,0,0,0,0,Two ways with median island,dry,Jordan,class5,asphalt,day,clear,flat straight,Violation of traffic rules,Amman,Passengers vehicle (up to 9 seats),3,34,Male
Collision,2018-06-21 15:05,60,0,0,0,0,Two ways with median island,dry,Jordan,class4,asphalt,day,clear,flat straight,Violation of traffic rules,Amman,Passengers vehicle (up to 9 seats),3,29,Male
Collision,2018-06-21 15:05,60,0,0,0,0,Two ways with median island,dry,Jordan,class4,asphalt,day,clear,flat straight,Tailgating,Amman,Passengers vehicle (up to 9 seats),3,32,Male
Collision,2018-06-21 15:08,40,0,0,0,0,Two ways,dry,Jordan,class 3,asphalt,day,clear,flat straight,Violation of traffic rules,Amman,Trailer private use,2,0,Unkown
Collision,2018-06-21 15:08,40,0,0,0,0,Two ways,dry,Jordan,class5,asphalt,day,clear,flat straight,Improper reversing,Amman,Truck,2,26,Male
Collision,2018-06-21 15:15,50,0,0,0,0,Two ways,dry,Jordan,class 3,asphalt,night with enough light,clear,flat straight,Violation of traffic rules,Amman,Passengers vehicle (up to 9 seats),2,29,Male
Collision,2018-06-21 15:15,50,0,0,0,0,Two ways,dry,Jordan,class 3,asphalt,night with enough light,clear,flat straight,Violation of traffic rules,Amman,Passengers vehicle (up to 9 seats),2,28,Female
Collision,2018-06-21 15:19,40,0,0,0,0,Two ways with median island,dry,Jordan,class4,asphalt,day,clear,flat straight,Violation of traffic rules,Irbid,Passenger and cargo vehicle,2,118,Male
Collision,2018-06-21 15:19,40,0,0,0,0,Two ways with median island,dry,Jordan,class5,asphalt,day,clear,flat straight,Violation of traffic rules,Irbid,Passengers Van or small bus (10 to 30 seats),2,52,Male
Collision,2018-06-21 20:55,40,0,0,0,0,Two ways,dry,Jordan,class 3,asphalt,night without enough light,clear,flat straight,Violation of traffic rules,Irbid,Passengers vehicle (up to 9 seats),2,0,Unkown
Collision,2018-06-21 15:26,50,0,0,0,0,Two ways with median island,dry,Jordan,class 3,asphalt,day,clear,Upright straight,Improper lane changes,Amman,Passengers vehicle (up to 9 seats),2,25,Unkown
Collision,2018-06-21 15:26,50,0,0,0,0,Two ways with median island,dry,Jordan,class 3,asphalt,day,clear,Upright straight,Violation of traffic rules,Amman,Passengers vehicle (up to 9 seats),2,31,Male
Collision,2018-06-21 15:27,60,0,0,0,0,Two ways with median island,dry,Jordan,class 3,asphalt,day,clear,flat straight,Improper lane changes,Amman,Passenger and cargo vehicle,2,48,Male
Collision,2018-06-21 15:27,60,0,0,0,0,Two ways with median island,dry,Jordan,class 3,asphalt,day,clear,flat straight,Violation of traffic rules,Amman,Passengers vehicle (up to 9 seats),2,26,Male
Collision,2018-06-21 15:28,60,0,0,0,0,Two ways with median island,dry,Jordan,class 3,asphalt,day,clear,flat straight,Violation of traffic rules,Amman,Truck,2,0,Male
Collision,2018-06-21 15:28,60,0,0,0,0,Two ways with median island,dry,Jordan,class 3,asphalt,day,clear,flat straight,Tailgating,Amman,Passengers vehicle (up to 9 seats),2,31,Male
Collision,2018-06-21 15:26,40,0,0,0,0,One way,dry,KSA,unkown driver,asphalt,day,clear,Upright straight,Wrong way driving,Zarqa,Passengers Van or small bus (10 to 30 seats),2,118,Male
Collision,2018-06-21 15:26,40,0,0,0,0,One way,dry,Jordan,class5,asphalt,day,clear,Upright straight,Violation of traffic rules,Zarqa,Passengers vehicle (up to 9 seats),2,42,Male
Collision,2018-06-21 15:31,50,0,0,0,0,Two ways with median island,dry,Jordan,class 3,asphalt,day,clear,flat straight,Violation of traffic rules,Amman,Passengers vehicle (up to 9 seats),2,37,Male
Collision,2018-06-21 15:31,50,0,0,0,0,Two ways with median island,dry,Jordan,class4,asphalt,day,clear,flat straight,Violation of traffic rules,Amman,Construction\works vehicle,2,46,Male
Collision,2018-06-21 15:37,60,0,0,0,0,Two ways,dry,Jordan,class 3 auto,asphalt,day,clear,flat straight,Violation of traffic rules,Amman,Passengers vehicle (up to 9 seats),2,118,Female
Collision,2018-06-21 15:37,60,0,0,0,0,Two ways,dry,Jordan,class4,asphalt,day,clear,flat straight,Improper lane changes,Amman,Passengers vehicle (up to 9 seats),2,41,Male
Collision,2018-06-21 15:38,40,0,0,0,0,Two ways,dry,Jordan,class 3,asphalt,day,clear,flat straight,Violation of traffic rules,Amman,Passengers vehicle (up to 9 seats),2,0,Unkown
Collision,2018-06-21 15:38,40,0,0,0,0,Two ways,dry,Jordan,class4,asphalt,day,clear,flat straight,Running a stop sign,Amman,Passengers vehicle (up to 9 seats),2,50,Male
Collision,2018-06-21 15:14,60,0,0,0,0,Two ways,dry,Jordan,class 3,asphalt,day,clear,straight ramp,Neglecting traffic safety precautions,Balqa,Passenger and cargo vehicle,1,23,Male
Collision,2018-06-21 15:45,40,0,0,0,0,Two ways with median island,dry,Jordan,class4,asphalt,day,clear,flat straight,Violation of traffic rules,Aqaba,Passengers vehicle (up to 9 seats),2,35,Male
Collision,2018-06-21 15:45,40,0,0,0,0,Two ways with median island,dry,Jordan,class 3,asphalt,day,clear,flat straight,Improper reversing,Aqaba,Passenger and cargo vehicle,2,61,Male
Collision,2018-06-21 15:46,50,0,0,0,0,Two ways with median island,dry,Jordan,class5,asphalt,day,clear,flat straight,Violation of traffic rules,Amman,Passengers vehicle (up to 9 seats),3,61,Male
Collision,2018-06-21 15:46,50,0,0,0,0,Two ways with median island,dry,Jordan,class 3,asphalt,day,clear,flat straight,Tailgating,Amman,Passenger and cargo vehicle,3,31,Male
Collision,2018-06-21 15:46,50,0,0,0,0,Two ways with median island,dry,Jordan,class 3 auto,asphalt,day,clear,flat straight,Tailgating,Amman,Passengers vehicle (up to 9 seats),3,21,Male
Collision,2018-06-21 15:54,50,0,0,0,0,Two ways with median island,dry,Jordan,class 6b,asphalt,day,clear,flat straight,Neglecting traffic safety precautions,Amman,Vehicle for private use,2,50,Male
Collision,2018-06-21 15:54,50,0,0,0,0,Two ways with median island,dry,Jordan,class 3,asphalt,day,clear,flat straight,Violation of traffic rules,Amman,Passengers vehicle (up to 9 seats),2,39,Female
Collision,2018-06-21 15:54,60,0,0,0,0,Two ways with median island,dry,KSA,class4,asphalt,day,clear,flat straight,Violation of traffic rules,Amman,Passengers vehicle (up to 9 seats),2,42,Male
Collision,2018-06-21 15:54,60,0,0,0,0,Two ways with median island,dry,Jordan,class 3,asphalt,day,clear,flat straight,Improper reversing,Amman,Passengers vehicle (up to 9 seats),2,35,Female
Collision,2018-06-21 15:57,50,0,0,0,0,One way,dry,Jordan,unkown driver,asphalt,day,clear,flat straight,Improper reversing,Amman,Passengers vehicle (up to 9 seats),1,118,Unkown
Collision,2018-06-21 15:57,20,0,0,0,0,One way,dry,Jordan,class 3,asphalt,day,clear,Upright straight,Neglecting traffic safety precautions,Zarqa,Truck,1,23,Male
Collision,2018-06-21 15:59,50,0,0,0,0,Two ways with median island,dry,Jordan,class 3,asphalt,day,clear,flat straight,Violation of traffic rules,Amman,Passenger and cargo vehicle,2,45,Male
Collision,2018-06-21 15:59,50,0,0,0,0,Two ways with median island,dry,Jordan,class 3,asphalt,day,clear,flat straight,Violation of traffic rules,Amman,Passengers vehicle (up to 9 seats),2,26,Male
Collision,2018-06-21 15:59,60,0,0,0,0,Two ways,dry,Jordan,class 3 auto,asphalt,day,clear,flat straight,Neglecting traffic safety precautions,Irbid,Passengers vehicle (up to 9 seats),2,34,Male
Collision,2018-06-21 15:59,60,0,0,0,0,Two ways,dry,Jordan,class 3,asphalt,day,clear,flat straight,Violation of traffic rules,Irbid,Passengers vehicle (up to 9 seats),2,40,Male
Collision,2018-06-21 16:01,60,0,0,0,0,Two ways with median island,dry,Jordan,class5,asphalt,day,clear,flat straight,Violation of traffic rules,Amman,Passengers vehicle (up to 9 seats),2,48,Male
Collision,2018-06-21 16:01,60,0,0,0,0,Two ways with median island,dry,Jordan,class 3,asphalt,day,clear,flat straight,Tailgating,Amman,Passengers vehicle (up to 9 seats),2,55,Male
Collision,2018-06-21 16:04,50,0,0,0,0,Two ways with median island,dry,Jordan,class 3 auto,asphalt,day,clear,flat straight,Tailgating,Amman,Passengers vehicle (up to 9 seats),2,0,Unkown
Collision,2018-06-21 16:04,50,0,0,0,0,Two ways with median island,dry,Jordan,class 3 auto,asphalt,day,clear,flat straight,Violation of traffic rules,Amman,Passengers vehicle (up to 9 seats),2,118,Unkown
Collision,2018-06-21 16:07,50,0,0,0,0,Two ways,dry,Jordan,class 3,asphalt,day,clear,flat straight,Violation of traffic rules,Amman,Passengers vehicle (up to 9 seats),2,39,Male
Collision,2018-06-21 16:07,50,0,0,0,0,Two ways,dry,Jordan,class 3,asphalt,day,clear,flat straight,Running a stop sign,Amman,Passengers vehicle (up to 9 seats),2,118,Unkown
Collision,2018-06-21 16:09,50,0,0,0,0,Two ways with median island,dry,Jordan,class4,asphalt,day,clear,flat straight,Improper lane changes,Amman,Passengers vehicle (up to 9 seats),2,23,Male
Collision,2018-06-21 16:09,50,0,0,0,0,Two ways with median island,dry,Jordan,class 3,asphalt,day,clear,flat straight,Violation of traffic rules,Amman,Passengers vehicle (up to 9 seats),2,40,Male
Collision,2018-06-21 16:11,30,0,0,0,0,Two ways,dry,Jordan,class 3 auto,asphalt,day,clear,flat straight,Neglecting traffic safety precautions,Amman,Passengers vehicle (up to 9 seats),2,118,Male