Accident Type,Date,Speed (Km),Simple Injuries,Severe Injuries,Death,Medium Injuries,Road Lanes,Road Surfuce Description,Vehicle Country,Driver Licensee Type,Road Type,Light,Weather,Road Proerties,Driver Mistake,City,Vehicle type,Number of Cars,Driver Age,Sex
Run over,2018-09-23 9:30,60,0,0,0,2,Two ways,dry,Jordan,class 3,asphalt,day,clear,flat straight,Neglecting traffic safety precautions,Mafraq,Passengers vehicle (up to 9 seats),1,37,Male
Collision,2018-09-23 17:30,60,0,0,0,0,Two ways,dry,Jordan,class4,asphalt,day,clear,flat straight,Violation of traffic rules,Mafraq,Passengers vehicle (up to 9 seats),2,26,Male
Collision,2018-09-23 17:30,60,0,0,0,0,Two ways,dry,Jordan,class4,asphalt,day,clear,flat straight,Tailgating,Mafraq,Truck,2,30,Male
Collision,2018-09-21 14:27,20,0,0,0,0,One way,dry,Jordan,class 3,asphalt,day,clear,flat straight,Violation of traffic rules,Amman,Passengers vehicle (up to 9 seats),2,48,Male
Collision,2018-09-21 14:27,20,0,0,0,0,One way,dry,Jordan,class 3,asphalt,day,clear,flat straight,Running a stop sign,Amman,Passengers vehicle (up to 9 seats),2,40,Male
Collision,2018-09-22 17:10,50,0,0,0,0,Two ways with median island,dry,Jordan,class4,asphalt,day,clear,Upright curved,Violation of traffic rules,Irbid,Truck,2,34,Male
Collision,2018-09-22 17:10,50,0,0,0,0,Two ways with median island,dry,Jordan,class 3,asphalt,day,clear,Upright curved,Unsafe Parking,Irbid,Truck,2,37,Male
Collision,2018-09-21 16:00,40,0,0,0,0,Two ways,dry,Jordan,class4,asphalt,day,clear,flat straight,Violation of traffic rules,Amman,Passengers vehicle (up to 9 seats),2,37,Male
Collision,2018-09-21 16:00,40,0,0,0,0,Two ways,dry,Jordan,class 3,asphalt,day,clear,flat straight,Tailgating,Amman,Passengers vehicle (up to 9 seats),2,25,Male
Collision,2018-09-21 16:39,50,0,0,0,0,Two ways,dry,Jordan,class 3,asphalt,night with enough light,clear,flat straight,Improper lane changes,Amman,Passengers vehicle (up to 9 seats),2,28,Male
Collision,2018-09-21 16:39,50,0,0,0,0,Two ways,dry,Jordan,class 6b,asphalt,night with enough light,clear,flat straight,Violation of traffic rules,Amman,Truck,2,30,Male
Collision,2018-09-21 12:29,40,0,0,0,0,Two ways,dry,Jordan,class 3 auto,asphalt,day,clear,flat straight,Violation of traffic rules,Amman,Passengers vehicle (up to 9 seats),2,25,Male
Collision,2018-09-21 12:29,40,0,0,0,0,Two ways,dry,Jordan,class 3,asphalt,day,clear,flat straight,Improper lane changes,Amman,Truck,2,25,Male
Collision,2018-09-22 15:20,60,0,0,0,0,Two ways,dry,Jordan,class 3 auto,asphalt,day,clear,flat straight,Violation of traffic rules,Amman,Passengers vehicle (up to 9 seats),2,21,Male
Collision,2018-09-22 15:20,60,0,0,0,0,Two ways,dry,Jordan,class 3,asphalt,day,clear,flat straight,Improper lane changes,Amman,Passengers vehicle (up to 9 seats),2,33,Male
Collision,2018-09-23 12:28,70,0,0,0,0,Two ways with median island,dry,Jordan,class5,asphalt,day,clear,flat straight,Neglecting traffic safety precautions,al-karak,Passengers vehicle (up to 9 seats),2,24,Male
Collision,2018-09-23 12:28,70,0,0,0,0,Two ways with median island,dry,Jordan,class 3,asphalt,day,clear,flat straight,Violation of traffic rules,al-karak,Passenger and cargo vehicle,2,24,Male
Collision,2018-09-24 15:17,40,0,0,0,0,Two ways,dry,Jordan,class 3,asphalt,day,clear,flat straight,Violation of traffic rules,Zarqa,Passengers vehicle (up to 9 seats),2,27,Male
Collision,2018-09-24 15:17,40,0,0,0,0,Two ways,dry,Jordan,class 3,asphalt,day,clear,flat straight,Violation of traffic rules,Zarqa,Passengers vehicle (up to 9 seats),2,42,Male
Collision,2018-09-21 12:37,70,0,0,0,0,Two ways with median island,dry,Jordan,class 3,asphalt,day,clear,flat straight,Tailgating,Amman,Passengers vehicle (up to 9 seats),2,45,Male
Collision,2018-09-21 12:37,70,0,0,0,0,Two ways with median island,dry,Jordan,class 3,asphalt,day,clear,flat straight,Violation of traffic rules,Amman,Passengers vehicle (up to 9 seats),2,31,Male
Collision,2018-09-22 16:15,60,0,0,0,0,Two ways with median island,dry,Jordan,class 3 auto,asphalt,day,clear,flat straight,Violation of traffic rules,Balqa,Passengers vehicle (up to 9 seats),2,31,Female
Collision,2018-09-22 16:15,60,0,0,0,0,Two ways with median island,dry,Jordan,class 3,asphalt,day,clear,flat straight,Violation of traffic rules,Balqa,Passengers vehicle (up to 9 seats),2,29,Female
Collision,2018-09-21 6:50,60,0,0,0,0,Two ways with median island,dry,Jordan,class 3,asphalt,day,clear,flat straight,Violation of traffic rules,Amman,Passengers vehicle (up to 9 seats),2,53,Male
Collision,2018-09-21 6:50,60,0,0,0,0,Two ways with median island,dry,Jordan,class 3,asphalt,day,clear,flat straight,Loss of control,Amman,Passenger and cargo vehicle,2,0,Male
Collision,2018-09-21 14:50,60,0,0,0,0,Two ways with median island,dry,Jordan,class4,asphalt,day,clear,flat straight,Improper lane changes,Amman,Passengers vehicle (up to 9 seats),1,35,Male
Collision,2018-09-21 0:47,50,0,0,0,0,Two ways,dry,Jordan,class 3,asphalt,day,clear,flat straight,Improper lane changes,Amman,Passengers vehicle (up to 9 seats),2,33,Male
Collision,2018-09-21 0:47,50,0,0,0,0,Two ways,dry,Jordan,class4,asphalt,day,clear,flat straight,Violation of traffic rules,Amman,Passengers vehicle (up to 9 seats),2,38,Male
Collision,2018-09-23 19:20,50,0,0,0,0,One way,dry,Jordan,class 3,asphalt,sunset,clear,straight ramp,Violation of traffic rules,Amman,Passengers vehicle (up to 9 seats),2,23,Male
Collision,2018-09-23 19:20,50,0,0,0,0,One way,dry,Jordan,class 3,asphalt,sunset,clear,straight ramp,Neglecting traffic safety precautions,Amman,Passengers vehicle (up to 9 seats),2,22,Male
Collision,2018-09-23 15:37,40,0,0,0,0,One way,dry,Jordan,class4,asphalt,day,clear,flat straight,Improper lane changes,Irbid,Passengers Van or small bus (10 to 30 seats),2,22,Male
Collision,2018-09-23 15:37,40,0,0,0,0,One way,dry,Jordan,class 3,asphalt,day,clear,flat straight,Violation of traffic rules,Irbid,Truck,2,0,Unkown
Collision,2018-09-23 11:13,40,0,0,0,0,Two ways with median island,dry,Jordan,class4,asphalt,day,clear,flat straight,Neglecting traffic safety precautions,Irbid,Truck,2,40,Male
Collision,2018-09-23 11:13,40,0,0,0,0,Two ways with median island,dry,Jordan,class 3,asphalt,day,clear,flat straight,Violation of traffic rules,Irbid,Passengers vehicle (up to 9 seats),2,41,Female
Collision,2018-09-23 10:41,60,0,0,0,0,Two ways with median island,dry,Jordan,class 3,asphalt,day,clear,flat straight,Violation of traffic rules,Amman,Passengers vehicle (up to 9 seats),2,38,Male
Collision,2018-09-23 10:41,60,0,0,0,0,Two ways with median island,dry,Jordan,class 3,asphalt,day,clear,flat straight,Tailgating,Amman,Passengers vehicle (up to 9 seats),2,21,Male
Collision,2018-09-24 20:56,50,0,0,0,0,Two ways,dry,Jordan,class 3,asphalt,night without enough light,clear,flat straight,Violation of traffic rules,Irbid,Truck,2,38,Male
Collision,2018-09-24 20:56,50,0,0,0,0,Two ways,dry,Jordan,class 3,asphalt,night without enough light,clear,flat straight,Improper reversing,Irbid,Truck,2,26,Male
Collision,2018-09-23 15:02,40,0,0,0,0,Two ways,dry,Jordan,class 3 auto,asphalt,day,clear,flat straight,Improper lane changes,Amman,Passengers vehicle (up to 9 seats),2,40,Male
Collision,2018-09-23 15:02,40,0,0,0,0,Two ways,dry,Jordan,class 6ab,asphalt,day,clear,flat straight,Violation of traffic rules,Amman,Passengers vehicle (up to 9 seats),2,51,Male
Collision,2018-09-23 21:24,60,4,0,0,0,Two ways with median island,dry,Jordan,class 3,asphalt,night with enough light,clear,flat straight,Violation of traffic rules,Zarqa,Passenger and cargo vehicle,2,27,Male
Collision,2018-09-23 21:24,60,4,0,0,0,Two ways with median island,dry,Jordan,class 3,asphalt,night with enough light,clear,flat straight,Improper lane changes,Zarqa,Passengers vehicle (up to 9 seats),2,21,Male
Collision,2018-09-23 2:47,60,0,0,0,0,Two ways with median island,dry,Jordan,class4,asphalt,day,clear,flat straight,Violation of traffic rules,Amman,Passengers vehicle (up to 9 seats),2,22,Male
Collision,2018-09-23 2:47,60,0,0,0,0,Two ways with median island,dry,Jordan,class 3,asphalt,day,clear,flat straight,Improper lane changes,Amman,Truck,2,52,Male
Collision,2018-09-23 16:49,40,0,0,0,0,Two ways with median island,dry,Jordan,class 3,asphalt,day,clear,flat straight,Violation of traffic rules,Amman,Passengers vehicle (up to 9 seats),2,0,Unkown
Collision,2018-09-23 16:49,40,0,0,0,0,Two ways with median island,dry,Jordan,class 3,asphalt,day,clear,flat straight,Improper reversing,Amman,Truck,2,26,Male
Collision,2018-09-21 22:55,60,0,0,0,0,Two ways,dry,Jordan,class4,asphalt,night with enough light,clear,flat straight,Tailgating,Mafraq,Passengers vehicle (up to 9 seats),2,44,Male
Collision,2018-09-21 22:55,60,0,0,0,0,Two ways,dry,Jordan,class 3,asphalt,night with enough light,clear,flat straight,Violation of traffic rules,Mafraq,Passengers vehicle (up to 9 seats),2,32,Male
Collision,2018-09-21 17:56,80,0,0,0,1,Two ways,dry,Jordan,class 3,asphalt,day,clear,flat straight,Neglecting traffic safety precautions,Mafraq,Passengers vehicle (up to 9 seats),1,26,Male
Off-Road,2018-09-21 1:21,80,0,0,0,1,Two ways with median island,dry,Jordan,class 3,asphalt,night with enough light,clear,flat straight,Improper lane changes,Mafraq,Passenger and cargo vehicle,1,22,Male
Collision,2018-09-23 10:02,10,0,0,0,0,Public Parks,dry,Jordan,class 3,Dirt,sunrise,clear,flat straight,Violation of traffic rules,Mafraq,Truck,2,0,Unkown
Collision,2018-09-23 10:02,10,0,0,0,0,Public Parks,dry,Jordan,clas2ab,Dirt,sunrise,clear,flat straight,Open door while driving or parking,Mafraq,agricultural vehicle,2,26,Male
Collision,2018-09-22 17:03,40,1,2,0,2,Two ways,dry,Jordan,class 3,asphalt,day,clear,flat straight,Improper Overtaking,Mafraq,Truck,2,20,Male
Collision,2018-09-22 17:03,40,1,2,0,2,Two ways,dry,Jordan,class 3,asphalt,day,clear,flat straight,Violation of traffic rules,Mafraq,Truck,2,27,Male
Collision,2018-09-22 15:04,60,0,1,0,1,Two ways with median island,dry,Jordan,class5,asphalt,day,clear,flat straight,Improper lane changes,Mafraq,Truck,1,27,Male
Collision,2018-09-22 9:55,60,0,0,0,0,Two ways with median island,dry,Jordan,class 3,asphalt,sunrise,clear,flat straight,Tailgating,Mafraq,Truck,2,27,Male
Collision,2018-09-22 9:55,60,0,0,0,0,Two ways with median island,dry,Jordan,class 3,asphalt,sunrise,clear,flat straight,Violation of traffic rules,Mafraq,Truck,2,38,Male
Collision,2018-09-23 9:12,50,0,0,0,0,Two ways,dry,Jordan,class5,asphalt,day,clear,flat straight,Improper lane changes,Amman,Passengers vehicle (up to 9 seats),2,53,Male
Collision,2018-09-23 9:12,50,0,0,0,0,Two ways,dry,Jordan,class 3,asphalt,day,clear,flat straight,Violation of traffic rules,Amman,Passengers vehicle (up to 9 seats),2,0,Unkown
Collision,2018-09-23 15:13,50,0,0,0,0,Two ways,dry,Jordan,class4,asphalt,day,clear,flat straight,Tailgating,Amman,Passengers vehicle (up to 9 seats),2,44,Male
Collision,2018-09-23 15:13,50,0,0,0,0,Two ways,dry,Jordan,class5,asphalt,day,clear,flat straight,Violation of traffic rules,Amman,Passengers Van or small bus (10 to 30 seats),2,50,Male
Collision,2018-09-21 15:25,70,0,0,0,0,Two ways with median island,dry,Jordan,class 3,asphalt,day,clear,flat straight,Violation of traffic rules,Balqa,Passengers vehicle (up to 9 seats),2,34,Male
Collision,2018-09-21 15:25,70,0,0,0,0,Two ways with median island,dry,Jordan,class4,asphalt,day,clear,flat straight,Improper reversing,Balqa,Passengers vehicle (up to 9 seats),2,38,Male
Collision,2018-09-23 21:55,50,0,0,0,0,Two ways,dry,Jordan,class 3,asphalt,night without enough light,clear,flat straight,Tailgating,Amman,Passengers vehicle (up to 9 seats),3,118,Unkown
Collision,2018-09-23 21:55,50,0,0,0,0,Two ways,dry,Jordan,class 3 auto,asphalt,night without enough light,clear,flat straight,Violation of traffic rules,Amman,Passengers vehicle (up to 9 seats),3,36,Female
Collision,2018-09-23 21:55,50,0,0,0,0,Two ways,dry,Jordan,class4,asphalt,night without enough light,clear,flat straight,Violation of traffic rules,Amman,Passengers vehicle (up to 9 seats),3,29,Male
Collision,2018-09-21 12:23,40,0,0,0,0,Two ways with median island,dry,Jordan,class 3,asphalt,day,clear,flat straight,Violation of traffic rules,Irbid,Passengers vehicle (up to 9 seats),2,23,Male
Collision,2018-09-21 12:23,40,0,0,0,0,Two ways with median island,dry,Jordan,unkown driver,asphalt,day,clear,flat straight,Tailgating,Irbid,Passengers vehicle (up to 9 seats),2,118,Unkown
Collision,2018-09-23 8:35,40,0,0,0,0,Two ways with median island,dry,Jordan,class 3,asphalt,night with enough light,clear,flat straight,Improper lane changes,Amman,Passengers vehicle (up to 9 seats),1,49,Female
Collision,2018-09-21 0:01,50,0,0,0,0,Two ways with median island,dry,Jordan,class5,asphalt,night without enough light,clear,flat straight,Tailgating,Amman,Passengers vehicle (up to 9 seats),2,45,Male
Collision,2018-09-21 0:01,50,0,0,0,0,Two ways with median island,dry,Jordan,class 6ab,asphalt,night without enough light,clear,flat straight,Violation of traffic rules,Amman,Passengers vehicle (up to 9 seats),2,60,Male
Collision,2018-09-21 0:07,70,0,0,0,0,Two ways with median island,dry,Jordan,class 3,asphalt,night with enough light,clear,flat straight,Violation of traffic rules,Zarqa,Passengers vehicle (up to 9 seats),3,0,Male
Collision,2018-09-21 0:07,70,0,0,0,0,Two ways with median island,dry,Jordan,class 3,asphalt,night with enough light,clear,flat straight,Violation of traffic rules,Zarqa,Passengers vehicle (up to 9 seats),3,34,Male
Collision,2018-09-21 0:07,70,0,0,0,0,Two ways with median island,dry,Jordan,class 3,asphalt,night with enough light,clear,flat straight,Improper lane changes,Zarqa,Passengers vehicle (up to 9 seats),3,22,Male
Collision,2018-09-21 0:09,40,0,0,0,0,Two ways,dry,Jordan,class5,asphalt,night with enough light,clear,flat straight,Neglecting traffic safety precautions,Aqaba,Truck,2,31,Male
Collision,2018-09-21 0:09,40,0,0,0,0,Two ways,dry,Jordan,class 3,asphalt,night with enough light,clear,flat straight,Violation of traffic rules,Aqaba,Passengers vehicle (up to 9 seats),2,0,Unkown
Collision,2018-09-21 0:15,60,0,0,0,1,Two ways with median island,dry,Jordan,class 3,asphalt,day,clear,flat straight,Improper lane changes,Amman,Passengers vehicle (up to 9 seats),1,29,Male
Collision,2018-09-21 0:16,80,0,0,0,0,Two ways,dry,Jordan,class 3,asphalt,night without enough light,clear,curved ramp,Neglecting traffic safety precautions,Irbid,Passengers vehicle (up to 9 seats),1,32,Male
Collision,2018-09-21 0:17,40,0,0,0,0,Two ways,dry,Jordan,class 3,asphalt,day,clear,flat straight,Violation of traffic rules,Ajloun,Passengers vehicle (up to 9 seats),2,0,Unkown
Collision,2018-09-21 0:17,40,0,0,0,0,Two ways,dry,Jordan,class 3,asphalt,day,clear,flat straight,Improper lane changes,Ajloun,Passengers vehicle (up to 9 seats),2,23,Male
Collision,2018-09-21 0:18,40,0,0,0,0,Two ways,dry,Jordan,class 3,asphalt,night without enough light,clear,flat straight,Violation of traffic rules,Amman,Passengers vehicle (up to 9 seats),2,0,Unkown
Collision,2018-09-21 0:18,40,0,0,0,0,Two ways,dry,Jordan,class 3,asphalt,night without enough light,clear,flat straight,Improper lane changes,Amman,Passengers vehicle (up to 9 seats),2,29,Male
Collision,2018-09-21 0:25,40,0,0,0,0,Two ways,dry,Jordan,class4,asphalt,night with enough light,clear,flat straight,Violation of traffic rules,Amman,Passengers vehicle (up to 9 seats),2,68,Male
Collision,2018-09-21 0:25,40,0,0,0,0,Two ways,dry,Jordan,class 3 auto,asphalt,night with enough light,clear,flat straight,Neglecting traffic safety precautions,Amman,Passengers vehicle (up to 9 seats),2,0,Unkown
Collision,2018-09-21 0:26,50,0,0,0,0,Two ways with median island,dry,Jordan,class 3,asphalt,night with enough light,clear,flat straight,Tailgating,Amman,Passengers vehicle (up to 9 seats),2,20,Unkown
Collision,2018-09-21 0:26,50,0,0,0,0,Two ways with median island,dry,Jordan,class 3 auto,asphalt,night with enough light,clear,flat straight,Violation of traffic rules,Amman,Passengers vehicle (up to 9 seats),2,29,Female
Collision,2018-09-21 0:28,40,0,0,0,0,Two ways with median island,dry,Jordan,class 3,asphalt,night with enough light,clear,flat straight,Violation of traffic rules,Amman,Passengers vehicle (up to 9 seats),2,22,Unkown
Collision,2018-09-21 0:28,40,0,0,0,0,Two ways with median island,dry,Jordan,class 3,asphalt,night with enough light,clear,flat straight,Violation of traffic rules,Amman,Passengers vehicle (up to 9 seats),2,25,Unkown
Collision,2018-09-21 0:30,60,0,0,0,0,Two ways,dry,Jordan,class4,asphalt,night with enough light,clear,flat straight,Neglecting traffic safety precautions,Balqa,Passengers vehicle (up to 9 seats),2,39,Male
Collision,2018-09-21 0:30,60,0,0,0,0,Two ways,dry,Jordan,class 3,asphalt,night with enough light,clear,flat straight,Violation of traffic rules,Balqa,Passenger and cargo vehicle,2,40,Male
Collision,2018-09-21 3:05,40,0,0,0,0,Two ways with median island,dry,Jordan,class5,asphalt,night with enough light,clear,Upright straight,Neglecting traffic safety precautions,Amman,Vehicle for private use,1,40,Male
Collision,2018-09-21 0:37,40,0,0,0,0,Two ways,dry,Jordan,class 3,asphalt,night with enough light,clear,flat straight,Violation of traffic rules,Aqaba,Passengers vehicle (up to 9 seats),2,118,Unkown
Collision,2018-09-21 0:37,40,0,0,0,0,Two ways,dry,Jordan,class4,asphalt,night with enough light,clear,flat straight,Neglecting traffic safety precautions,Aqaba,Passengers vehicle (up to 9 seats),2,32,Male
Collision,2018-09-21 0:38,40,0,0,0,0,Two ways,dry,Jordan,class 3,asphalt,night without enough light,clear,straight ramp,Violation of traffic rules,Zarqa,Passengers vehicle (up to 9 seats),2,26,Male
Collision,2018-09-21 0:38,40,0,0,0,0,Two ways,dry,Jordan,class 3,asphalt,night without enough light,clear,straight ramp,Violation of traffic rules,Zarqa,Passengers vehicle (up to 9 seats),2,118,Male
Collision,2018-09-21 0:43,40,0,0,0,0,Two ways,dry,Jordan,class 3,asphalt,night with enough light,clear,flat straight,Violation of traffic rules,Irbid,Passengers vehicle (up to 9 seats),2,28,Male
Collision,2018-09-21 0:43,40,0,0,0,0,Two ways,dry,Jordan,class 3,asphalt,night with enough light,clear,flat straight,Improper lane changes,Irbid,Passengers vehicle (up to 9 seats),2,0,Unkown
Collision,2018-09-21 0:48,60,0,0,0,0,Two ways,dry,Jordan,class5,asphalt,night without enough light,clear,Upright straight,Tailgating,Zarqa,Passengers vehicle (up to 9 seats),2,25,Male
Collision,2018-09-21 0:48,60,0,0,0,0,Two ways,dry,Jordan,class 3,asphalt,night without enough light,clear,Upright straight,Violation of traffic rules,Zarqa,Truck,2,27,Male
Collision,2018-09-21 0:52,40,0,0,0,0,Two ways with median island,dry,Jordan,class 6ab,asphalt,night with enough light,clear,flat straight,Neglecting traffic safety precautions,Amman,Vehicle for private use,3,53,Male
Collision,2018-09-21 0:52,40,0,0,0,0,Two ways with median island,dry,Jordan,class 3,asphalt,night with enough light,clear,flat straight,Violation of traffic rules,Amman,Passengers vehicle (up to 9 seats),3,0,Unkown
Collision,2018-09-21 0:54,60,0,0,0,0,Two ways with median island,dry,Jordan,class 3,asphalt,night with enough light,clear,flat straight,Tailgating,Amman,Passengers vehicle (up to 9 seats),2,23,Male
Collision,2018-09-21 0:54,60,0,0,0,0,Two ways with median island,dry,Jordan,class 3,asphalt,night with enough light,clear,flat straight,Violation of traffic rules,Amman,Passengers vehicle (up to 9 seats),2,18,Male
Run over,2018-09-21 0:58,60,0,1,0,0,Two ways with median island,dry,Jordan,class 3,asphalt,night with enough light,clear,flat straight,Neglecting traffic safety precautions,Amman,Passengers vehicle (up to 9 seats),1,24,Male
Collision,2018-09-21 1:05,40,0,0,0,0,Two ways,dry,Jordan,class 3,asphalt,night without enough light,clear,flat straight,Violation of traffic rules,Amman,Passengers vehicle (up to 9 seats),2,0,Unkown
Collision,2018-09-21 1:05,40,0,0,0,0,Two ways,dry,Jordan,class 3,asphalt,night without enough light,clear,flat straight,Neglecting traffic safety precautions,Amman,Passenger and cargo vehicle,2,118,Unkown
Collision,2018-09-21 1:07,50,0,0,0,0,Two ways with median island,dry,Jordan,class 3 auto,asphalt,night with enough light,clear,flat straight,Improper lane changes,Amman,Passengers vehicle (up to 9 seats),1,19,Unkown
Collision,2018-09-21 1:12,50,0,0,0,0,Two ways with median island,dry,Jordan,class4,asphalt,night with enough light,clear,flat straight,Neglecting traffic safety precautions,Madaba,Passengers vehicle (up to 9 seats),1,28,Male
Collision,2018-09-23 11:28,20,0,0,0,0,Parking lot,dry,Jordan,class 3,concrrete,night with enough light,clear,flat straight,Neglecting traffic safety precautions,Amman,Passengers vehicle (up to 9 seats),2,40,Female
Collision,2018-09-23 11:28,20,0,0,0,0,Parking lot,dry,Jordan,class 3,concrrete,night with enough light,clear,flat straight,Violation of traffic rules,Amman,Passengers vehicle (up to 9 seats),2,47,Male
Collision,2018-09-21 1:28,40,0,0,0,0,Two ways with median island,dry,Jordan,class 3,asphalt,night with enough light,clear,flat straight,Tailgating,Amman,Passengers vehicle (up to 9 seats),3,42,Male
Collision,2018-09-21 1:28,40,0,0,0,0,Two ways with median island,dry,Jordan,class 3,asphalt,night with enough light,clear,flat straight,Violation of traffic rules,Amman,Passenger and cargo vehicle,3,24,Male
Collision,2018-09-21 1:28,40,0,0,0,0,Two ways with median island,dry,Jordan,class 3,asphalt,night with enough light,clear,flat straight,Violation of traffic rules,Amman,Passengers vehicle (up to 9 seats),3,43,Male
Collision,2018-09-23 8:20,40,0,0,0,0,Two ways with median island,dry,Jordan,class 3,asphalt,night with enough light,clear,flat straight,Improper lane changes,Amman,Passengers vehicle (up to 9 seats),2,29,Male
Collision,2018-09-23 8:20,40,0,0,0,0,Two ways with median island,dry,Jordan,class 3,asphalt,night with enough light,clear,flat straight,Violation of traffic rules,Amman,Passenger and cargo vehicle,2,25,Male
Collision,2018-09-21 1:41,40,0,0,0,0,Two ways with median island,dry,Jordan,class 3 auto,asphalt,night with enough light,clear,flat straight,Violation of traffic rules,Zarqa,Passengers vehicle (up to 9 seats),2,0,Male
Collision,2018-09-21 1:41,40,0,0,0,0,Two ways with median island,dry,Jordan,class 3,asphalt,night with enough light,clear,flat straight,Violation of traffic rules,Zarqa,Truck,2,37,Male
Collision,2018-09-21 1:47,50,0,0,0,0,Two ways with median island,dry,Jordan,class4,asphalt,night with enough light,clear,flat straight,Violation of traffic rules,Amman,Passengers vehicle (up to 9 seats),2,33,Male
Collision,2018-09-21 1:47,50,0,0,0,0,Two ways with median island,dry,Jordan,class 3,asphalt,night with enough light,clear,flat straight,Improper lane changes,Amman,Passengers vehicle (up to 9 seats),2,20,Unkown
Collision,2018-09-21 1:51,80,0,0,0,0,Two ways with median island,dry,Jordan,class5,asphalt,dark,clear,flat straight,Violation of traffic rules,Irbid,Passengers vehicle (up to 9 seats),3,28,Male
Collision,2018-09-21 1:51,80,0,0,0,0,Two ways with median island,dry,Jordan,class 3,asphalt,dark,clear,flat straight,Improper lane changes,Irbid,Passengers vehicle (up to 9 seats),3,25,Male
Collision,2018-09-21 1:51,80,0,0,0,0,Two ways with median island,dry,Jordan,class 3,asphalt,dark,clear,flat straight,Violation of traffic rules,Irbid,Passengers vehicle (up to 9 seats),3,25,Male
Collision,2018-09-21 1:54,40,0,0,0,0,Two ways,dry,Jordan,class5,asphalt,night without enough light,clear,flat straight,Violation of traffic rules,Zarqa,Passengers vehicle (up to 9 seats),3,34,Male
Collision,2018-09-21 1:54,40,0,0,0,0,Two ways,dry,Jordan,class 3,asphalt,night without enough light,clear,flat straight,Improper lane changes,Zarqa,Passengers vehicle (up to 9 seats),3,0,Unkown
Collision,2018-09-21 1:54,40,0,0,0,0,Two ways,dry,Jordan,class 3,asphalt,night without enough light,clear,flat straight,Violation of traffic rules,Zarqa,Passengers vehicle (up to 9 seats),3,44,Male
Collision,2018-09-21 1:54,50,0,0,0,0,Two ways with median island,dry,Jordan,class 3,asphalt,night with enough light,clear,flat straight,Violation of traffic rules,Amman,Passengers vehicle (up to 9 seats),2,23,Male
Collision,2018-09-21 1:54,50,0,0,0,0,Two ways with median island,dry,Jordan,class 3,asphalt,night with enough light,clear,flat straight,Running a red light,Amman,Passengers vehicle (up to 9 seats),2,30,Female
Collision,2018-09-21 2:09,60,0,0,0,1,Two ways,dry,Jordan,class 3,asphalt,day,clear,flat straight,Sharp curved,Amman,Passengers vehicle (up to 9 seats),1,26,Male
Collision,2018-09-21 2:13,50,0,0,0,0,Two ways with median island,dry,Jordan,class4,asphalt,night with enough light,clear,flat straight,Tailgating,Amman,Passengers vehicle (up to 9 seats),2,24,Male
Collision,2018-09-21 2:13,50,0,0,0,0,Two ways with median island,dry,Jordan,class 3,asphalt,night with enough light,clear,flat straight,Violation of traffic rules,Amman,Passengers vehicle (up to 9 seats),2,20,Unkown
Collision,2018-09-21 2:29,40,0,0,0,0,Two ways,dry,Jordan,class 3,asphalt,dark,clear,flat straight,Improper lane changes,Zarqa,Passengers vehicle (up to 9 seats),2,0,Male
Collision,2018-09-21 2:29,40,0,0,0,0,Two ways,dry,Jordan,class 3,asphalt,dark,clear,flat straight,Violation of traffic rules,Zarqa,Passengers vehicle (up to 9 seats),2,45,Male
Off-Road,2018-09-21 2:37,40,0,0,0,0,Two ways with median island,dry,Jordan,class 3,asphalt,night without enough light,clear,flat straight,Improper lane changes,Amman,Passengers vehicle (up to 9 seats),1,23,Male
Run over,2018-09-21 2:40,50,0,1,0,0,Two ways with median island,dry,Jordan,class 3,asphalt,night with enough light,clear,flat straight,Neglecting traffic safety precautions,Amman,Passengers vehicle (up to 9 seats),1,25,Male
Collision,2018-09-21 2:56,50,0,0,0,0,Two ways,dry,Kuwait,class 3 auto,asphalt,night without enough light,clear,flat straight,Neglecting traffic safety precautions,Amman,Passengers vehicle (up to 9 seats),2,21,Male
Collision,2018-09-21 2:56,50,0,0,0,0,Two ways,dry,Jordan,class 3 auto,asphalt,night without enough light,clear,flat straight,Violation of traffic rules,Amman,Passengers vehicle (up to 9 seats),2,37,Male
Run over,2018-09-21 2:58,60,1,0,0,0,Two ways with median island,dry,Jordan,class 3 auto,asphalt,night with enough light,clear,flat straight,Neglecting traffic safety precautions,Amman,Passengers vehicle (up to 9 seats),1,25,Male
Collision,2018-09-21 3:06,50,1,0,0,0,Two ways with median island,dry,Jordan,class 3,asphalt,night with enough light,clear,flat straight,Tailgating,Amman,Passengers vehicle (up to 9 seats),2,25,Male
Collision,2018-09-21 3:06,50,1,0,0,0,Two ways with median island,dry,Jordan,class 3,asphalt,night with enough light,clear,flat straight,Violation of traffic rules,Amman,Passengers vehicle (up to 9 seats),2,35,Male
Run over,2018-09-21 3:16,20,0,0,0,1,Parking lot,dry,Jordan,class 3,asphalt,night with enough light,clear,flat straight,Neglecting traffic safety precautions,Zarqa,Passengers vehicle (up to 9 seats),1,42,Male
Collision,2018-09-21 3:57,40,0,0,0,0,Two ways with median island,dry,Jordan,class4,asphalt,night with enough light,clear,flat straight,Neglecting traffic safety precautions,Aqaba,Passengers vehicle (up to 9 seats),2,27,Male
Collision,2018-09-21 3:57,40,0,0,0,0,Two ways with median island,dry,Jordan,class 3,asphalt,night with enough light,clear,flat straight,Violation of traffic rules,Aqaba,Passengers vehicle (up to 9 seats),2,22,Male