Accident Type,Date,Speed (Km),Simple Injuries,Severe Injuries,Death,Medium Injuries,Road Lanes,Road Surfuce Description,Vehicle Country,Driver Licensee Type,Road Type,Light,Weather,Road Proerties,Driver Mistake,City,Vehicle type,Number of Cars,Driver Age,Sex
Collision,2018-01-23 9:25,60,1,0,0,0,Two ways with median island,dry,Jordan,class 6ab,asphalt,day,clear,flat straight,Violation of traffic rules,Zarqa,Truck,2,52,Male
Collision,2018-01-23 9:25,60,1,0,0,0,Two ways with median island,dry,Jordan,class 3,asphalt,day,clear,flat straight,Tailgating,Zarqa,Passengers vehicle (up to 9 seats),2,30,Male
Collision,2018-01-23 9:25,60,0,0,0,0,Two ways with median island,wet,Jordan,class4,asphalt,day,clear,flat straight,Open door while driving or parking,Amman,Truck,2,0,Unkown
Collision,2018-01-23 9:25,60,0,0,0,0,Two ways with median island,wet,Jordan,class 3,asphalt,day,clear,flat straight,Violation of traffic rules,Amman,Passengers vehicle (up to 9 seats),2,0,Unkown
Collision,2018-01-27 0:30,40,1,0,0,0,Two ways with median island,wet,Jordan,class 3,asphalt,day,rain,flat straight,Improper lane changes,Amman,Passengers vehicle (up to 9 seats),4,23,Male
Collision,2018-01-27 0:30,40,1,0,0,0,Two ways with median island,wet,Jordan,class 3,asphalt,day,rain,flat straight,Violation of traffic rules,Amman,Passengers vehicle (up to 9 seats),4,0,Unkown
Collision,2018-01-23 9:33,40,0,0,0,0,One way,wet,Jordan,class5,asphalt,day,rain,flat straight,Violation of traffic rules,Amman,Passengers vehicle (up to 9 seats),2,60,Male
Collision,2018-01-23 9:33,40,0,0,0,0,One way,wet,Jordan,class5,asphalt,day,rain,flat straight,Tailgating,Amman,Passengers vehicle (up to 9 seats),2,38,Male
Collision,2018-01-26 22:36,40,0,0,0,0,Two ways with median island,wet,Jordan,class 3,asphalt,day,rain,flat straight,Improper reversing,Amman,Passengers vehicle (up to 9 seats),2,52,Male
Collision,2018-01-26 22:36,40,0,0,0,0,Two ways with median island,wet,Jordan,class 3 auto,asphalt,day,rain,flat straight,Violation of traffic rules,Amman,Passengers vehicle (up to 9 seats),2,34,Male
Collision,2018-01-23 9:38,40,0,0,0,0,Two ways with median island,wet,Jordan,class 3,asphalt,day,rain,flat straight,Violation of traffic rules,Amman,Passengers vehicle (up to 9 seats),2,39,Female
Collision,2018-01-23 9:38,40,0,0,0,0,Two ways with median island,wet,Jordan,class4,asphalt,day,rain,flat straight,Neglecting traffic safety precautions,Amman,Passengers vehicle (up to 9 seats),2,73,Male
Collision,2018-01-23 9:38,40,0,0,0,0,Two ways,wet,Jordan,class 3,asphalt,day,clear,flat straight,Tailgating,Amman,Passengers vehicle (up to 9 seats),2,24,Male
Collision,2018-01-23 9:38,40,0,0,0,0,Two ways,wet,Jordan,class 3,asphalt,day,clear,flat straight,Violation of traffic rules,Amman,Passengers vehicle (up to 9 seats),2,70,Male
Collision,2018-01-23 9:41,40,0,0,0,0,Two ways,dry,Jordan,class5,asphalt,day,clear,flat straight,Violation of traffic rules,Zarqa,Truck,2,27,Male
Collision,2018-01-23 9:41,40,0,0,0,0,Two ways,dry,Jordan,class4,asphalt,day,clear,flat straight,Violation of traffic rules,Zarqa,Passengers vehicle (up to 9 seats),2,32,Female
Collision,2018-01-23 9:41,50,0,0,0,0,Two ways with median island,dry,Jordan,class 6ab,asphalt,day,clear,flat straight,Neglecting traffic safety precautions,Zarqa,Trailer private use,2,52,Male
Collision,2018-01-23 9:41,50,0,0,0,0,Two ways with median island,dry,Jordan,class 3 auto,asphalt,day,clear,flat straight,Violation of traffic rules,Zarqa,Passengers vehicle (up to 9 seats),2,22,Male
Run over,2018-01-23 9:44,50,1,0,0,0,Two ways with median island,dry,Jordan,class 3,asphalt,day,clear,flat straight,Neglecting traffic safety precautions,Amman,Passengers vehicle (up to 9 seats),1,0,Male
Collision,2018-01-23 9:47,40,0,0,0,0,Two ways,wet,Jordan,class5,asphalt,day,clear,flat straight,Violation of traffic rules,Amman,Passenger and cargo vehicle,2,42,Male
Collision,2018-01-23 9:47,40,0,0,0,0,Two ways,wet,Jordan,class 3,asphalt,day,clear,flat straight,Violation of traffic rules,Amman,Passenger and cargo vehicle,2,45,Male
Collision,2018-01-23 9:55,50,0,0,0,0,Two ways,wet,Jordan,class 3,asphalt,day,fog,flat straight,Violation of traffic rules,Amman,Passengers vehicle (up to 9 seats),2,29,Female
Collision,2018-01-23 9:55,50,0,0,0,0,Two ways,wet,Jordan,class 3,asphalt,day,fog,flat straight,Violation of traffic rules,Amman,Passengers vehicle (up to 9 seats),2,118,Unkown
Collision,2018-01-23 9:56,50,0,0,0,0,Two ways,dry,Jordan,class4,asphalt,day,clear,flat straight,Violation of traffic rules,Madaba,Passengers vehicle (up to 9 seats),3,32,Male
Collision,2018-01-23 9:56,50,0,0,0,0,Two ways,dry,Jordan,class 3,asphalt,day,clear,flat straight,Violation of traffic rules,Madaba,Passengers vehicle (up to 9 seats),3,37,Male
Collision,2018-01-23 9:56,50,0,0,0,0,Two ways,dry,Jordan,class 3,asphalt,day,clear,flat straight,Violation of traffic rules,Madaba,Passengers vehicle (up to 9 seats),3,35,Male
Collision,2018-01-23 9:56,40,0,0,0,0,Two ways,wet,Jordan,class 3,asphalt,day,fog,curved ramp,Loss of control,Amman,Truck,1,118,Unkown
Collision,2018-01-26 19:00,60,0,0,0,0,Two ways with median island,dry,Jordan,class 3,asphalt,day,clear,flat straight,Neglecting traffic safety precautions,Amman,Passengers vehicle (up to 9 seats),2,56,Male
Collision,2018-01-26 19:00,60,0,0,0,0,Two ways with median island,dry,Jordan,class 3,asphalt,day,clear,flat straight,Violation of traffic rules,Amman,Passengers vehicle (up to 9 seats),2,44,Male
Collision,2018-01-26 14:03,60,0,0,0,0,Two ways with median island,dry,Jordan,class 3,asphalt,day,clear,flat straight,Violation of traffic rules,Amman,Passengers vehicle (up to 9 seats),2,0,Unkown
Collision,2018-01-26 14:03,60,0,0,0,0,Two ways with median island,dry,Jordan,class 3,asphalt,day,clear,flat straight,Improper lane changes,Amman,Passengers vehicle (up to 9 seats),2,50,Male
Collision,2018-01-26 12:05,60,0,0,0,0,Two ways with median island,dry,Jordan,class 3,asphalt,day,clear,flat straight,Violation of traffic rules,Amman,Passengers vehicle (up to 9 seats),2,0,Unkown
Collision,2018-01-26 12:05,60,0,0,0,0,Two ways with median island,dry,Jordan,class 3,asphalt,day,clear,flat straight,Tailgating,Amman,Passengers vehicle (up to 9 seats),2,0,Unkown
Collision,2018-01-23 21:08,60,0,0,0,0,Two ways with median island,dry,Jordan,class4,asphalt,day,clear,flat straight,Violation of traffic rules,Amman,Passengers vehicle (up to 9 seats),2,27,Male
Collision,2018-01-23 21:08,60,0,0,0,0,Two ways with median island,dry,Jordan,class 3,asphalt,day,clear,flat straight,Improper reversing,Amman,Passenger and cargo vehicle,2,39,Male
Collision,2018-01-23 10:10,60,0,0,0,0,Two ways with median island,dry,Jordan,class 3,asphalt,day,clear,flat straight,Violation of traffic rules,Amman,Passengers vehicle (up to 9 seats),2,118,Unkown
Collision,2018-01-23 10:10,60,0,0,0,0,Two ways with median island,dry,Jordan,class 3,asphalt,day,clear,flat straight,Tailgating,Amman,Passengers vehicle (up to 9 seats),2,25,Male
Collision,2018-01-23 10:10,40,0,0,0,0,One way,wet,Jordan,class4,asphalt,day,rain,flat straight,Violation of traffic rules,Irbid,Passengers vehicle (up to 9 seats),2,26,Male
Collision,2018-01-23 10:10,40,0,0,0,0,One way,wet,Jordan,class 3,asphalt,day,rain,flat straight,Neglecting traffic safety precautions,Irbid,Truck,2,26,Male
Collision,2018-01-23 10:12,40,0,0,0,0,Two ways,wet,Jordan,class4,asphalt,day,rain,flat curved,Violation of traffic rules,Amman,Passengers vehicle (up to 9 seats),2,30,Male
Collision,2018-01-23 10:12,40,0,0,0,0,Two ways,wet,Jordan,class 3,asphalt,day,rain,flat curved,Improper lane changes,Amman,Passengers vehicle (up to 9 seats),2,30,Male
Collision,2018-01-23 16:12,60,0,0,0,0,Two ways with median island,dry,Jordan,class 3,asphalt,day,clear,flat straight,Neglecting traffic safety precautions,Amman,Passengers vehicle (up to 9 seats),2,69,Female
Collision,2018-01-23 16:12,60,0,0,0,0,Two ways with median island,dry,Jordan,class 3,asphalt,day,clear,flat straight,Violation of traffic rules,Amman,Passenger and cargo vehicle,2,0,Unkown
Collision,2018-01-23 16:05,60,0,0,0,0,Two ways with median island,dry,Jordan,class4,asphalt,day,clear,flat straight,Violation of traffic rules,Amman,Passengers vehicle (up to 9 seats),2,0,Unkown
Collision,2018-01-23 16:05,60,0,0,0,0,Two ways with median island,dry,Jordan,class 3,asphalt,day,clear,flat straight,Open door while driving or parking,Amman,Passengers vehicle (up to 9 seats),2,41,Female
Collision,2018-01-23 10:17,50,0,0,0,0,Two ways with median island,dry,Jordan,class 6ab,asphalt,day,clear,flat straight,Improper reversing,Amman,Truck,2,49,Male
Collision,2018-01-23 10:17,50,0,0,0,0,Two ways with median island,dry,Jordan,class 3,asphalt,day,clear,flat straight,Violation of traffic rules,Amman,Passengers vehicle (up to 9 seats),2,30,Male
Collision,2018-01-23 10:19,70,0,0,0,0,Two ways,dry,Jordan,class4,asphalt,day,clear,flat straight,Violation of traffic rules,Amman,Passengers vehicle (up to 9 seats),2,51,Male
Collision,2018-01-23 10:19,70,0,0,0,0,Two ways,dry,Jordan,class 3,asphalt,day,clear,flat straight,Improper reversing,Amman,Passengers vehicle (up to 9 seats),2,27,Female
Collision,2018-01-23 10:22,40,0,0,0,0,Two ways,wet,Jordan,class 3,asphalt,day,rain,flat straight,Violation of traffic rules,Amman,Truck,2,28,Male
Collision,2018-01-23 10:22,40,0,0,0,0,Two ways,wet,Jordan,class 3,asphalt,day,rain,flat straight,Improper reversing,Amman,Passengers vehicle (up to 9 seats),2,21,Male
Collision,2018-01-23 10:22,40,0,0,0,0,Two ways,dry,Jordan,class5,asphalt,day,rain,flat straight,Neglecting traffic safety precautions,Amman,Passengers vehicle (up to 9 seats),2,39,Male
Collision,2018-01-23 10:22,40,0,0,0,0,Two ways,dry,Jordan,class4,asphalt,day,rain,flat straight,Neglecting traffic safety precautions,Amman,Passengers vehicle (up to 9 seats),2,40,Male
Collision,2018-01-23 10:27,40,0,0,0,0,Two ways,wet,Kuwait,class 3,asphalt,day,clear,straight ramp,Violation of traffic rules,Amman,Passengers vehicle (up to 9 seats),2,0,Unkown
Collision,2018-01-23 10:27,40,0,0,0,0,Two ways,wet,Jordan,class 3,asphalt,day,clear,straight ramp,Loss of control,Amman,Truck,2,38,Male
Collision,2018-01-23 10:30,40,0,0,0,0,Two ways with median island,dry,Jordan,class 3,asphalt,day,clear,flat straight,Violation of traffic rules,Amman,Passenger and cargo vehicle,2,36,Male
Collision,2018-01-23 10:30,40,0,0,0,0,Two ways with median island,dry,Jordan,class 3,asphalt,day,clear,flat straight,Neglecting traffic safety precautions,Amman,Passengers vehicle (up to 9 seats),2,28,Male
Collision,2018-01-23 10:30,40,0,0,0,0,Two ways,dry,Jordan,class4,asphalt,day,clear,flat straight,Neglecting traffic safety precautions,Amman,Passengers vehicle (up to 9 seats),1,36,Male
Collision,2018-01-23 10:32,60,0,0,0,0,Two ways with median island,wet,Jordan,class 3,asphalt,day,rain,Upright straight,Neglecting traffic safety precautions,Irbid,Passengers vehicle (up to 9 seats),2,41,Male
Collision,2018-01-23 10:32,60,0,0,0,0,Two ways with median island,wet,Jordan,class4,asphalt,day,rain,Upright straight,Violation of traffic rules,Irbid,Passengers vehicle (up to 9 seats),2,49,Male
Collision,2018-01-23 10:34,60,0,0,0,0,Two ways,dry,Jordan,class 3,asphalt,day,clear,flat straight,Violation of traffic rules,Balqa,Passenger and cargo vehicle,2,35,Male
Collision,2018-01-23 10:34,60,0,0,0,0,Two ways,dry,Jordan,class 6a,asphalt,day,clear,flat straight,Improper lane changes,Balqa,Truck,2,52,Male
Collision,2018-01-23 10:47,50,0,0,0,0,Two ways with median island,dry,Jordan,class 3,asphalt,day,clear,flat straight,Tailgating,Amman,Passengers vehicle (up to 9 seats),2,56,Male
Collision,2018-01-23 10:47,50,0,0,0,0,Two ways with median island,dry,Jordan,class 3,asphalt,day,clear,flat straight,Violation of traffic rules,Amman,Passengers vehicle (up to 9 seats),2,49,Female
Collision,2018-01-23 10:47,40,0,0,0,0,Two ways with median island,wet,Jordan,class4,asphalt,day,rain,flat straight,"Speeding in school zone,innterssecctions and curved roads",Irbid,Passengers vehicle (up to 9 seats),2,54,Male
Collision,2018-01-23 10:47,40,0,0,0,0,Two ways with median island,wet,Jordan,class 3 auto,asphalt,day,rain,flat straight,Violation of traffic rules,Irbid,Passengers vehicle (up to 9 seats),2,24,Female
Collision,2018-01-24 11:14,40,0,0,0,0,Two ways with median island,wet,Jordan,class 3,asphalt,day,rain,flat straight,Violation of traffic rules,Irbid,Passengers vehicle (up to 9 seats),2,50,Female
Collision,2018-01-24 11:14,40,0,0,0,0,Two ways with median island,wet,Jordan,class4,asphalt,day,rain,flat straight,Violation of traffic rules,Irbid,Passengers vehicle (up to 9 seats),2,40,Male
Collision,2018-01-24 13:00,40,0,0,0,0,Two ways with median island,wet,Jordan,class 6ab,asphalt,day,rain,flat straight,Violation of traffic rules,Irbid,Passengers vehicle (up to 9 seats),2,61,Male
Collision,2018-01-24 13:00,40,0,0,0,0,Two ways with median island,wet,Jordan,class4,asphalt,day,rain,flat straight,Violation of traffic rules,Irbid,Passengers vehicle (up to 9 seats),2,56,Male
Collision,2018-01-23 10:51,40,0,0,0,0,Two ways with median island,wet,Jordan,class4,asphalt,day,clear,flat straight,Improper reversing,Amman,Truck,2,49,Male
Collision,2018-01-23 10:51,40,0,0,0,0,Two ways with median island,wet,Jordan,class4,asphalt,day,clear,flat straight,Violation of traffic rules,Amman,Passenger and cargo vehicle,2,46,Male
Collision,2018-01-23 19:05,40,0,0,0,0,Two ways with median island,wet,Jordan,class 3,asphalt,day,rain,flat straight,Open door while driving or parking,Irbid,Passengers vehicle (up to 9 seats),2,49,Male
Collision,2018-01-23 19:05,40,0,0,0,0,Two ways with median island,wet,Jordan,class4,asphalt,day,rain,flat straight,Violation of traffic rules,Irbid,Passengers vehicle (up to 9 seats),2,39,Male
Collision,2018-01-24 13:46,40,0,0,0,0,Two ways with median island,dry,Jordan,class 3,asphalt,day,clear,flat straight,Violation of traffic rules,Irbid,Passengers vehicle (up to 9 seats),2,38,Male
Collision,2018-01-24 13:46,40,0,0,0,0,Two ways with median island,dry,Jordan,class 6b,asphalt,day,clear,flat straight,Tailgating,Irbid,Passengers vehicle (up to 9 seats),2,31,Male
Collision,2018-01-23 15:15,50,0,0,0,0,Two ways,wet,Jordan,class 3,asphalt,day,clear,flat straight,Violation of traffic rules,Amman,Passengers vehicle (up to 9 seats),2,22,Male
Collision,2018-01-23 15:15,50,0,0,0,0,Two ways,wet,Jordan,class 3,asphalt,day,clear,flat straight,Violation of traffic rules,Amman,Passengers vehicle (up to 9 seats),2,0,Male
Collision,2018-01-23 10:57,50,0,0,0,0,Two ways with median island,dry,Jordan,class 3,asphalt,day,storm,flat straight,Improper reversing,Balqa,Passengers vehicle (up to 9 seats),2,30,Female
Collision,2018-01-23 10:57,50,0,0,0,0,Two ways with median island,dry,Jordan,class 3,asphalt,day,storm,flat straight,Violation of traffic rules,Balqa,Passengers vehicle (up to 9 seats),2,32,Male
Collision,2018-01-23 1:40,60,0,0,0,0,Two ways with median island,wet,Jordan,class5,asphalt,day,rain,flat straight,Violation of traffic rules,Irbid,Passengers vehicle (up to 9 seats),2,29,Male
Collision,2018-01-23 1:40,60,0,0,0,0,Two ways with median island,wet,Jordan,class4,asphalt,day,rain,flat straight,Tailgating,Irbid,Passengers vehicle (up to 9 seats),2,27,Male
Collision,2018-01-23 13:26,40,0,0,0,0,Two ways with median island,wet,Jordan,class 3,asphalt,day,rain,flat straight,Neglecting traffic safety precautions,Irbid,Passengers vehicle (up to 9 seats),2,0,Unkown
Collision,2018-01-23 13:26,40,0,0,0,0,Two ways with median island,wet,Jordan,class4,asphalt,day,rain,flat straight,Violation of traffic rules,Irbid,Passenger and cargo vehicle,2,53,Male
Collision,2018-01-23 11:03,40,0,0,0,0,Two ways with median island,dry,Jordan,class 3,asphalt,day,clear,flat straight,Violation of traffic rules,Amman,Passengers vehicle (up to 9 seats),2,29,Male
Collision,2018-01-23 11:03,40,0,0,0,0,Two ways with median island,dry,Jordan,class 3,asphalt,day,clear,flat straight,Violating No Turnaround Sign,Amman,Passengers vehicle (up to 9 seats),2,118,Unkown
Collision,2018-01-23 11:04,60,0,0,0,0,One way,dry,Jordan,class 3 auto,asphalt,day,clear,flat straight,Violation of traffic rules,Amman,Truck,2,25,Male
Collision,2018-01-23 11:04,60,0,0,0,0,One way,dry,Jordan,class 3,asphalt,day,clear,flat straight,Neglecting traffic safety precautions,Amman,Truck,2,118,Male
Collision,2018-01-23 11:09,70,0,0,0,0,Two ways with median island,dry,Jordan,class 6a,asphalt,day,clear,flat straight,Violation of traffic rules,Zarqa,Bus (> 30 seats),2,42,Male
Collision,2018-01-23 11:09,70,0,0,0,0,Two ways with median island,dry,Jordan,class5,asphalt,day,clear,flat straight,Neglecting traffic safety precautions,Zarqa,Truck,2,30,Male
Collision,2018-01-23 11:11,60,0,0,0,0,Two ways,dry,Jordan,class 3,asphalt,day,storm,flat straight,Violation of traffic rules,Balqa,Passengers vehicle (up to 9 seats),2,42,Female
Collision,2018-01-23 11:11,60,0,0,0,0,Two ways,dry,Jordan,class 3,asphalt,day,storm,flat straight,Tailgating,Balqa,Passengers vehicle (up to 9 seats),2,23,Male
Collision,2018-01-23 11:15,50,0,0,0,0,Two ways,wet,Jordan,class 3 auto,asphalt,day,clear,flat straight,Violation of traffic rules,Amman,Passengers vehicle (up to 9 seats),2,25,Female
Collision,2018-01-23 11:15,50,0,0,0,0,Two ways,wet,Jordan,class 3,asphalt,day,clear,flat straight,Tailgating,Amman,Passenger and cargo vehicle,2,23,Male
Collision,2018-01-23 11:15,40,0,0,0,0,Two ways with median island,dry,Jordan,class4,asphalt,day,clear,flat straight,Violation of traffic rules,Zarqa,Passengers vehicle (up to 9 seats),2,34,Male
Collision,2018-01-23 11:15,40,0,0,0,0,Two ways with median island,dry,Jordan,class 3,asphalt,day,clear,flat straight,Improper reversing,Zarqa,Passengers vehicle (up to 9 seats),2,0,Unkown
Collision,2018-01-23 11:19,50,0,0,0,0,Two ways,dry,Jordan,class5,asphalt,day,clear,flat straight,Improper lane changes,Amman,Truck,2,39,Male
Collision,2018-01-23 11:19,50,0,0,0,0,Two ways,dry,Jordan,class 3,asphalt,day,clear,flat straight,Violation of traffic rules,Amman,Passengers vehicle (up to 9 seats),2,24,Male
Collision,2018-01-23 11:20,50,0,0,0,0,Two ways,dry,Jordan,class 3,asphalt,day,clear,flat straight,Violation of traffic rules,Amman,Passengers vehicle (up to 9 seats),2,23,Female
Collision,2018-01-23 11:20,50,0,0,0,0,Two ways,dry,Jordan,class 3,asphalt,day,clear,flat straight,Violation of traffic rules,Amman,Passengers vehicle (up to 9 seats),2,28,Male
Collision,2018-01-23 11:26,60,0,0,0,0,Two ways with median island,dry,Jordan,class 3,asphalt,day,clear,Upright straight,Violation of traffic rules,Amman,Passengers vehicle (up to 9 seats),2,0,Unkown
Collision,2018-01-23 11:26,60,0,0,0,0,Two ways with median island,dry,Jordan,class 3,asphalt,day,clear,Upright straight,Tailgating,Amman,Passengers vehicle (up to 9 seats),2,44,Male
Collision,2018-01-23 11:30,40,0,0,0,0,Two ways,dry,Jordan,class 3 auto,asphalt,day,clear,flat straight,Violation of traffic rules,Amman,Passengers vehicle (up to 9 seats),2,23,Female
Collision,2018-01-23 11:30,40,0,0,0,0,Two ways,dry,Jordan,class 3,asphalt,day,clear,flat straight,Open door while driving or parking,Amman,Passengers vehicle (up to 9 seats),2,35,Male
Collision,2018-01-23 11:32,60,0,0,0,0,Two ways,dry,Jordan,class 3,asphalt,day,clear,flat straight,Improper reversing,Amman,Truck,2,31,Male
Collision,2018-01-23 11:32,60,0,0,0,0,Two ways,dry,Jordan,class 3,asphalt,day,clear,flat straight,Violation of traffic rules,Amman,Passengers vehicle (up to 9 seats),2,118,Unkown
Collision,2018-01-23 11:30,40,0,0,0,0,Two ways,dry,Jordan,class4,asphalt,day,clear,flat straight,Neglecting traffic safety precautions,Amman,Passengers vehicle (up to 9 seats),2,27,Male
Collision,2018-01-23 11:30,40,0,0,0,0,Two ways,dry,Jordan,class 3 auto,asphalt,day,clear,flat straight,Violation of traffic rules,Amman,Passengers vehicle (up to 9 seats),2,26,Female
Collision,2018-01-23 11:32,50,0,0,0,0,Two ways,dry,Jordan,class 3,asphalt,day,clear,flat straight,Violation of traffic rules,Amman,Passengers vehicle (up to 9 seats),2,24,Male
Collision,2018-01-23 11:32,50,0,0,0,0,Two ways,dry,Jordan,class 3,asphalt,day,clear,flat straight,Improper lane changes,Amman,Passengers vehicle (up to 9 seats),2,47,Male
Collision,2018-01-23 11:35,80,0,0,0,0,Two ways with median island,dry,Jordan,class4,asphalt,day,clear,flat straight,Violation of traffic rules,Amman,Truck,2,31,Male
Collision,2018-01-23 11:35,80,0,0,0,0,Two ways with median island,dry,Jordan,class 3,asphalt,day,clear,flat straight,Improper lane changes,Amman,Passengers vehicle (up to 9 seats),2,68,Male
Collision,2018-01-23 11:37,50,0,0,0,0,Two ways with median island,dry,Jordan,class 3,asphalt,day,clear,flat straight,Violation of traffic rules,Amman,Passengers vehicle (up to 9 seats),2,0,Unkown
Collision,2018-01-23 11:37,50,0,0,0,0,Two ways with median island,dry,Jordan,class 3,asphalt,day,clear,flat straight,Neglecting traffic safety precautions,Amman,Passengers vehicle (up to 9 seats),2,60,Male
Collision,2018-01-23 14:39,50,0,0,0,0,One way,dry,Jordan,class4,asphalt,day,clear,flat straight,Open door while driving or parking,Amman,Truck,2,44,Male
Collision,2018-01-23 14:39,50,0,0,0,0,One way,dry,Jordan,class 3,asphalt,day,clear,flat straight,Violation of traffic rules,Amman,Passengers vehicle (up to 9 seats),2,22,Male
Collision,2018-01-23 11:47,40,0,0,0,0,Two ways,dry,Jordan,class 3,asphalt,day,clear,flat straight,Violation of traffic rules,Amman,Passengers vehicle (up to 9 seats),2,68,Male
Collision,2018-01-23 11:47,40,0,0,0,0,Two ways,dry,Jordan,class 3,asphalt,day,clear,flat straight,Violation of traffic rules,Amman,Passengers vehicle (up to 9 seats),2,34,Male
Collision,2018-01-23 11:51,60,0,0,0,0,Two ways with median island,wet,Jordan,class5,asphalt,day,clear,flat straight,Improper lane changes,Irbid,Truck,2,32,Male
Collision,2018-01-23 11:51,60,0,0,0,0,Two ways with median island,wet,Jordan,class 3,asphalt,day,clear,flat straight,Violation of traffic rules,Irbid,Passengers vehicle (up to 9 seats),2,0,Unkown
Collision,2018-01-23 11:52,70,0,0,0,0,Two ways with median island,wet,Jordan,class 3,asphalt,day,storm,flat straight,Improper reversing,Amman,Passengers vehicle (up to 9 seats),1,42,Male
Collision,2018-01-23 11:52,70,0,0,0,0,Two ways with median island,dry,Jordan,class 3,asphalt,day,clear,flat straight,Violation of traffic rules,Balqa,Passengers vehicle (up to 9 seats),2,23,Female
Collision,2018-01-23 11:52,70,0,0,0,0,Two ways with median island,dry,Jordan,class 3,asphalt,day,clear,flat straight,Violation of traffic rules,Balqa,Passengers vehicle (up to 9 seats),2,34,Male
Collision,2018-01-23 12:00,50,0,0,0,0,Two ways with median island,dry,Jordan,class 3,asphalt,day,clear,flat straight,Violation of traffic rules,Amman,Passenger and cargo vehicle,2,32,Male
Collision,2018-01-23 12:00,50,0,0,0,0,Two ways with median island,dry,Jordan,class 3,asphalt,day,clear,flat straight,Tailgating,Amman,Passengers vehicle (up to 9 seats),2,22,Male
Collision,2018-01-23 12:02,40,0,0,0,0,Two ways with median island,dry,Jordan,class 3,asphalt,day,clear,flat straight,Improper lane changes,Amman,Truck,2,24,Male
Collision,2018-01-23 12:02,40,0,0,0,0,Two ways with median island,dry,Jordan,class 3,asphalt,day,clear,flat straight,Violation of traffic rules,Amman,Passengers vehicle (up to 9 seats),2,27,Male
Collision,2018-01-23 12:04,40,0,0,0,0,Two ways,dry,Jordan,class 3,asphalt,day,clear,Upright straight,Improper lane changes,Amman,Passengers vehicle (up to 9 seats),2,24,Male
Collision,2018-01-23 12:04,40,0,0,0,0,Two ways,dry,Jordan,class 3,asphalt,day,clear,Upright straight,Violation of traffic rules,Amman,Passengers vehicle (up to 9 seats),2,27,Male
Collision,2018-01-23 12:06,50,0,0,0,0,Two ways,wet,Jordan,class4,asphalt,day,clear,flat straight,Violation of traffic rules,Irbid,Truck,2,48,Male
Collision,2018-01-23 12:06,50,0,0,0,0,Two ways,wet,Jordan,class 3,asphalt,day,clear,flat straight,Violation of traffic rules,Irbid,Passengers vehicle (up to 9 seats),2,38,Male
Collision,2018-01-23 12:07,70,0,0,0,0,Two ways with median island,dry,Jordan,class 3,concrrete,day,clear,flat straight,Neglecting traffic safety precautions,Balqa,Truck,2,23,Male
Collision,2018-01-23 12:07,70,0,0,0,0,Two ways with median island,dry,Jordan,class 3,concrrete,day,clear,flat straight,Violation of traffic rules,Balqa,Passengers vehicle (up to 9 seats),2,22,Male
Collision,2018-01-23 12:10,40,0,0,0,0,Two ways with median island,dry,Jordan,class4,asphalt,day,clear,flat straight,Violation of traffic rules,Amman,Passengers vehicle (up to 9 seats),2,32,Male
Collision,2018-01-23 12:10,40,0,0,0,0,Two ways with median island,dry,Jordan,class 3,asphalt,day,clear,flat straight,Improper lane changes,Amman,Passengers vehicle (up to 9 seats),2,0,Male
Collision,2018-01-23 12:10,30,0,0,0,0,Public Parks,wet,Jordan,class 3,asphalt,day,rain,flat straight,Violation of traffic rules,Mafraq,Truck,2,0,Unkown
Collision,2018-01-23 12:10,30,0,0,0,0,Public Parks,wet,Jordan,class 3,asphalt,day,rain,flat straight,Improper reversing,Mafraq,Passenger and cargo vehicle,2,62,Male
Collision,2018-01-23 13:41,40,0,0,0,0,Two ways,dry,Jordan,class 3 auto,asphalt,day,clear,flat straight,Tailgating,Amman,Passengers vehicle (up to 9 seats),2,0,Unkown
Collision,2018-01-23 13:41,40,0,0,0,0,Two ways,dry,Jordan,class4,asphalt,day,clear,flat straight,Violation of traffic rules,Amman,Passengers vehicle (up to 9 seats),2,62,Male
Collision,2018-01-23 8:18,40,0,0,0,0,One way,wet,Jordan,class 3,asphalt,day,rain,flat curved,Violation of traffic rules,Amman,Passengers vehicle (up to 9 seats),2,27,Male
Collision,2018-01-23 12:20,40,0,0,0,0,Two ways with median island,dry,Jordan,class4,asphalt,day,clear,flat straight,Neglecting traffic safety precautions,Amman,Truck,2,23,Male
Collision,2018-01-23 12:20,40,0,0,0,0,Two ways with median island,dry,Jordan,class 3,asphalt,day,clear,flat straight,Violation of traffic rules,Amman,Passengers vehicle (up to 9 seats),2,0,Unkown
Collision,2018-01-23 12:25,30,0,0,0,0,Parking lot,wet,Jordan,class 3,asphalt,day,rain,flat straight,Neglecting traffic safety precautions,Amman,Passengers vehicle (up to 9 seats),1,63,Female
Collision,2018-01-23 12:27,70,1,0,0,0,Two ways,wet,Jordan,class 6a,asphalt,day,clear,flat straight,Violation of traffic rules,Irbid,Trailer private use,2,25,Male
Collision,2018-01-23 12:27,70,1,0,0,0,Two ways,wet,Jordan,class4,asphalt,day,clear,flat straight,Violation of traffic rules,Irbid,Truck,2,26,Male
Collision,2018-01-23 12:28,60,0,0,0,0,Two ways,dry,Jordan,class 3,asphalt,day,clear,flat straight,Improper lane changes,Amman,Passengers vehicle (up to 9 seats),1,1,Male
Collision,2018-01-23 12:30,50,0,0,0,0,Two ways,dry,Jordan,class 3,asphalt,day,clear,flat straight,Improper lane changes,Amman,Passengers vehicle (up to 9 seats),2,33,Male
Collision,2018-01-23 12:30,50,0,0,0,0,Two ways,dry,Jordan,class 3,asphalt,day,clear,flat straight,Violation of traffic rules,Amman,Passengers vehicle (up to 9 seats),2,0,Unkown
Collision,2018-01-23 9:33,30,0,0,0,0,Two ways,dry,Jordan,class5,asphalt,day,clear,flat straight,Violation of traffic rules,Zarqa,Passengers vehicle (up to 9 seats),2,32,Male
Collision,2018-01-23 9:33,30,0,0,0,0,Two ways,dry,Jordan,class4,asphalt,day,clear,flat straight,Improper reversing,Zarqa,Passengers vehicle (up to 9 seats),2,28,Male
Collision,2018-01-23 12:38,60,0,0,0,0,Two ways with median island,dry,Jordan,class 3,asphalt,day,clear,flat straight,Neglecting traffic safety precautions,Amman,Truck,3,32,Male