Accident Type,Date,Speed (Km),Simple Injuries,Severe Injuries,Death,Medium Injuries,Road Lanes,Road Surfuce Description,Vehicle Country,Driver Licensee Type,Road Type,Light,Weather,Road Proerties,Driver Mistake,City,Vehicle type,Number of Cars,Driver Age,Sex
Collision,2018-01-23 12:38,60,0,0,0,0,Two ways with median island,dry,Jordan,class 3,asphalt,day,clear,flat straight,Violation of traffic rules,Amman,Passengers vehicle (up to 9 seats),3,0,Unkown
Collision,2018-01-23 12:38,60,0,0,0,0,Two ways with median island,dry,Jordan,class 3,asphalt,day,clear,flat straight,Violation of traffic rules,Amman,Passengers vehicle (up to 9 seats),3,74,Male
Collision,2018-01-23 12:47,60,0,0,0,0,Two ways,dry,Jordan,class 3,asphalt,day,clear,flat straight,Violation of traffic rules,Irbid,Passenger and cargo vehicle,2,24,Male
Collision,2018-01-23 12:47,60,0,0,0,0,Two ways,dry,Jordan,class 3,asphalt,day,clear,flat straight,Violation of traffic rules,Irbid,Passenger and cargo vehicle,2,22,Male
Collision,2018-01-23 12:47,60,0,0,0,0,Two ways with median island,wet,Jordan,class 3,asphalt,day,rain,Upright straight,Violation of traffic rules,Amman,Passengers vehicle (up to 9 seats),2,57,Male
Collision,2018-01-23 12:47,60,0,0,0,0,Two ways with median island,wet,Jordan,class 3,asphalt,day,rain,Upright straight,Neglecting traffic safety precautions,Amman,Truck,2,23,Male
Collision,2018-01-23 12:48,50,0,0,0,0,Two ways,wet,Jordan,class5,asphalt,day,clear,straight ramp,Violation of traffic rules,Irbid,Passengers vehicle (up to 9 seats),2,28,Male
Collision,2018-01-23 12:48,50,0,0,0,0,Two ways,wet,Jordan,class4,asphalt,day,clear,straight ramp,Tailgating,Irbid,Passenger and cargo vehicle,2,26,Male
Collision,2018-01-23 12:49,40,0,0,0,0,Two ways,wet,Jordan,class 3,asphalt,day,rain,straight ramp,Violation of traffic rules,Amman,Passengers vehicle (up to 9 seats),2,18,Male
Collision,2018-01-23 12:49,40,0,0,0,0,Two ways,wet,Jordan,class 3,asphalt,day,rain,straight ramp,Violation of traffic rules,Amman,Passengers vehicle (up to 9 seats),2,27,Male
Collision,2018-01-23 12:51,60,0,0,0,0,Two ways with median island,wet,Jordan,class4,asphalt,day,rain,Upright straight,Tailgating,Amman,Passengers vehicle (up to 9 seats),2,42,Male
Collision,2018-01-23 12:51,60,0,0,0,0,Two ways with median island,wet,Jordan,class 6ab,asphalt,day,rain,Upright straight,Violation of traffic rules,Amman,Passenger and cargo vehicle,2,41,Male
Collision,2018-01-23 12:51,50,0,0,0,0,Two ways,dry,Jordan,class 6a,asphalt,day,storm,flat straight,Violation of traffic rules,Balqa,Passengers Van or small bus (10 to 30 seats),2,51,Male
Collision,2018-01-23 12:51,50,0,0,0,0,Two ways,dry,Jordan,class4,asphalt,day,storm,flat straight,Violation of traffic rules,Balqa,Passengers vehicle (up to 9 seats),2,24,Male
Collision,2018-01-23 12:52,40,0,0,0,0,Two ways with median island,dry,Jordan,class 3,asphalt,day,clear,flat straight,Violation of traffic rules,Amman,Passengers vehicle (up to 9 seats),2,27,Male
Collision,2018-01-23 12:52,40,0,0,0,0,Two ways with median island,dry,Jordan,class 3 auto,asphalt,day,clear,flat straight,Improper reversing,Amman,Passengers vehicle (up to 9 seats),2,0,Male
Collision,2018-01-23 12:52,50,0,0,0,0,Two ways,wet,Jordan,class 3,asphalt,day,rain,flat straight,Violation of traffic rules,Amman,Passengers vehicle (up to 9 seats),2,0,Unkown
Collision,2018-01-23 12:53,50,0,0,0,0,Two ways,dry,Jordan,class 3 auto,asphalt,day,clear,flat straight,Violation of traffic rules,Amman,Passengers vehicle (up to 9 seats),2,43,Female
Collision,2018-01-23 12:53,50,0,0,0,0,Two ways,dry,Jordan,class 3,asphalt,day,clear,flat straight,Violation of traffic rules,Amman,Passengers vehicle (up to 9 seats),2,41,Male
Collision,2018-01-23 12:54,50,0,0,0,0,Two ways with median island,dry,Jordan,class4,asphalt,day,clear,flat straight,Violation of traffic rules,Zarqa,Passengers vehicle (up to 9 seats),2,32,Male
Collision,2018-01-23 12:54,50,0,0,0,0,Two ways with median island,dry,Jordan,class 3,asphalt,day,clear,flat straight,Violation of traffic rules,Zarqa,Passengers vehicle (up to 9 seats),2,22,Male
Collision,2018-01-23 12:55,40,0,0,0,0,One way,dry,Jordan,class 3,asphalt,day,rain,flat straight,Neglecting traffic safety precautions,Amman,Passenger and cargo vehicle,2,28,Male
Collision,2018-01-23 12:55,40,0,0,0,0,One way,dry,Jordan,class 3,asphalt,day,rain,flat straight,Violation of traffic rules,Amman,Passengers vehicle (up to 9 seats),2,20,Male
Collision,2018-01-23 12:56,40,0,0,0,0,Two ways with median island,dry,Jordan,class5,asphalt,day,clear,flat straight,Violation of traffic rules,Aqaba,Passengers vehicle (up to 9 seats),3,46,Male
Collision,2018-01-23 12:56,40,0,0,0,0,Two ways with median island,dry,Jordan,class 3,asphalt,day,clear,flat straight,Tailgating,Aqaba,Passengers vehicle (up to 9 seats),3,23,Male
Collision,2018-01-23 12:56,40,0,0,0,0,Two ways with median island,dry,Jordan,class4,asphalt,day,clear,flat straight,Violation of traffic rules,Aqaba,Passengers vehicle (up to 9 seats),3,21,Male
Collision,2018-01-27 9:15,60,0,0,0,0,Two ways with median island,dry,Jordan,class 3,asphalt,day,clear,curved ramp,Sharp curved,Amman,Passengers vehicle (up to 9 seats),1,37,Male
Collision,2018-01-23 12:56,50,0,0,0,0,Two ways,dry,Jordan,class4,asphalt,day,clear,flat straight,Improper reversing,Amman,Passengers vehicle (up to 9 seats),2,55,Male
Collision,2018-01-23 12:56,50,0,0,0,0,Two ways,dry,Jordan,class 3,asphalt,day,clear,flat straight,Violation of traffic rules,Amman,Passengers vehicle (up to 9 seats),2,59,Male
Collision,2018-01-23 13:01,40,0,0,0,0,Two ways,dry,Jordan,class4,asphalt,day,clear,flat straight,Improper reversing,Amman,Passengers vehicle (up to 9 seats),2,31,Male
Collision,2018-01-23 13:01,40,0,0,0,0,Two ways,dry,Jordan,class 3,asphalt,day,clear,flat straight,Violation of traffic rules,Amman,Truck,2,23,Male
Collision,2018-01-23 13:00,50,0,0,0,0,Two ways,dry,Jordan,class 3,asphalt,day,rain,flat straight,Tailgating,Amman,Truck,2,0,Male
Collision,2018-01-23 13:00,50,0,0,0,0,Two ways,dry,Jordan,class 3,asphalt,day,rain,flat straight,Violation of traffic rules,Amman,Passenger and cargo vehicle,2,31,Male
Collision,2018-01-23 13:05,60,0,0,0,0,Two ways with median island,wet,Jordan,class5,asphalt,day,clear,flat straight,Tailgating,Amman,Truck,2,35,Male
Collision,2018-01-23 13:05,60,0,0,0,0,Two ways with median island,wet,Jordan,class 6ab,asphalt,day,clear,flat straight,Violation of traffic rules,Amman,Passengers vehicle (up to 9 seats),2,38,Male
Collision,2018-01-23 13:10,40,0,0,0,0,Two ways with median island,dry,Jordan,class 3,asphalt,day,clear,flat straight,Violation of traffic rules,al-karak,Passengers vehicle (up to 9 seats),3,44,Male
Collision,2018-01-23 13:10,40,0,0,0,0,Two ways with median island,dry,Jordan,class 3,asphalt,day,clear,flat straight,Tailgating,al-karak,Passengers vehicle (up to 9 seats),3,37,Male
Collision,2018-01-23 13:10,40,0,0,0,0,Two ways with median island,dry,Jordan,class 3,asphalt,day,clear,flat straight,Violation of traffic rules,al-karak,Passenger and cargo vehicle,3,44,Male
Collision,2018-01-23 22:08,50,0,0,0,0,Two ways with median island,dry,Jordan,class4,asphalt,night with enough light,clear,flat straight,Violation of traffic rules,Zarqa,Passengers vehicle (up to 9 seats),2,23,Male
Collision,2018-01-23 22:08,50,0,0,0,0,Two ways with median island,dry,Jordan,class 3,asphalt,night with enough light,clear,flat straight,Violation of traffic rules,Zarqa,Passengers vehicle (up to 9 seats),2,18,Male
Collision,2018-01-23 15:12,50,0,0,0,0,Two ways,dry,Jordan,class 3,asphalt,day,clear,flat straight,Tailgating,Amman,Passengers vehicle (up to 9 seats),2,0,Unkown
Collision,2018-01-23 15:12,50,0,0,0,0,Two ways,dry,Jordan,class 3,asphalt,day,clear,flat straight,Violation of traffic rules,Amman,Passengers vehicle (up to 9 seats),2,27,Male
Collision,2018-01-23 13:13,60,0,0,0,0,Two ways,wet,Jordan,class 3,asphalt,day,rain,flat straight,Violation of traffic rules,Amman,Passenger and cargo vehicle,2,62,Male
Collision,2018-01-23 13:13,60,0,0,0,0,Two ways,wet,Jordan,class 3,asphalt,day,rain,flat straight,Violation of traffic rules,Amman,Passengers vehicle (up to 9 seats),2,0,Unkown
Collision,2018-01-23 16:38,40,0,0,0,0,Two ways with median island,wet,Jordan,class 3,asphalt,day,clear,flat straight,Violation of traffic rules,Irbid,Passengers vehicle (up to 9 seats),2,30,Male
Collision,2018-01-23 16:38,40,0,0,0,0,Two ways with median island,wet,Jordan,class 3,asphalt,day,clear,flat straight,Violation of traffic rules,Irbid,Truck,2,19,Male
Collision,2018-01-23 13:17,40,0,0,0,0,Two ways with median island,wet,Jordan,class4,asphalt,day,rain,flat straight,Violation of traffic rules,Amman,Passenger and cargo vehicle,2,40,Male
Collision,2018-01-23 13:17,40,0,0,0,0,Two ways with median island,wet,Jordan,class 3,asphalt,day,rain,flat straight,Loss of control,Amman,Passengers vehicle (up to 9 seats),2,23,Male
Collision,2018-01-26 22:00,40,0,0,0,0,Two ways,wet,Jordan,class 3 auto,asphalt,night with enough light,rain,flat straight,Neglecting traffic safety precautions,Amman,Passengers vehicle (up to 9 seats),2,24,Male
Collision,2018-01-26 22:00,40,0,0,0,0,Two ways,wet,Jordan,class 3,asphalt,night with enough light,rain,flat straight,Violation of traffic rules,Amman,Passengers vehicle (up to 9 seats),2,0,Unkown
Collision,2018-01-23 16:20,60,0,0,0,0,Two ways with median island,wet,Jordan,class 3,asphalt,day,rain,flat straight,Improper reversing,Amman,Passenger and cargo vehicle,2,51,Male
Collision,2018-01-23 16:20,60,0,0,0,0,Two ways with median island,wet,Jordan,class 3,asphalt,day,rain,flat straight,Violation of traffic rules,Amman,Passengers vehicle (up to 9 seats),2,44,Female
Collision,2018-01-23 13:23,70,1,0,0,0,Two ways with median island,dry,KSA,class 3,asphalt,day,rain,flat straight,Improper reversing,Irbid,Passengers vehicle (up to 9 seats),1,35,Unkown
Collision,2018-01-23 13:24,40,0,0,0,0,Two ways,dry,Jordan,class4,asphalt,day,clear,flat straight,Violation of traffic rules,Amman,Truck,2,31,Male
Collision,2018-01-23 13:24,40,0,0,0,0,Two ways,dry,Jordan,class 3,asphalt,day,clear,flat straight,Improper lane changes,Amman,Passengers vehicle (up to 9 seats),2,30,Female
Collision,2018-01-23 13:26,60,0,0,0,0,Two ways,wet,Jordan,class 3,asphalt,day,rain,Upright straight,Violation of traffic rules,Amman,Passengers vehicle (up to 9 seats),2,0,Unkown
Collision,2018-01-23 13:26,60,0,0,0,0,Two ways,wet,Jordan,class 3,asphalt,day,rain,Upright straight,Improper reversing,Amman,Passengers vehicle (up to 9 seats),2,42,Female
Collision,2018-01-23 13:29,60,0,0,0,0,Two ways with median island,wet,Jordan,class5,asphalt,day,rain,flat straight,Violation of traffic rules,Amman,Passengers vehicle (up to 9 seats),2,34,Male
Collision,2018-01-23 13:29,60,0,0,0,0,Two ways with median island,wet,Jordan,class 3,asphalt,day,rain,flat straight,Tailgating,Amman,Passengers vehicle (up to 9 seats),2,62,Male
Collision,2018-01-23 13:34,50,0,0,0,0,Two ways,dry,Jordan,class 3,asphalt,day,clear,flat straight,Improper lane changes,Amman,Truck,2,38,Male
Collision,2018-01-23 13:34,50,0,0,0,0,Two ways,dry,Jordan,class 3,asphalt,day,clear,flat straight,Violation of traffic rules,Amman,Passenger and cargo vehicle,2,24,Male
Collision,2018-01-23 13:36,40,0,0,0,0,One way,dry,Jordan,class 3,asphalt,day,clear,flat straight,Violation of traffic rules,Amman,Passengers vehicle (up to 9 seats),2,35,Female
Collision,2018-01-23 13:36,40,0,0,0,0,One way,dry,Jordan,class 3,asphalt,day,clear,flat straight,Violation of traffic rules,Amman,Passengers vehicle (up to 9 seats),2,23,Male
Collision,2018-01-23 13:36,50,0,0,0,0,Two ways with median island,dry,Jordan,class5,asphalt,day,clear,flat straight,Neglecting traffic safety precautions,Amman,Truck,2,51,Male
Collision,2018-01-23 13:36,50,0,0,0,0,Two ways with median island,dry,Jordan,class 3,asphalt,day,clear,flat straight,Violation of traffic rules,Amman,Truck,2,47,Male
Collision,2018-01-23 13:37,70,0,0,0,0,One way,wet,Jordan,class 3,asphalt,day,rain,flat straight,Violation of traffic rules,Amman,Passengers vehicle (up to 9 seats),2,28,Male
Collision,2018-01-23 13:37,70,0,0,0,0,One way,wet,Jordan,class 3,asphalt,day,rain,flat straight,Neglecting traffic safety precautions,Amman,Passengers vehicle (up to 9 seats),2,30,Male
Collision,2018-01-23 13:49,40,0,0,0,0,Two ways,dry,Jordan,class4,asphalt,day,clear,flat straight,Violation of traffic rules,Amman,Passengers vehicle (up to 9 seats),2,27,Male
Collision,2018-01-23 13:49,40,0,0,0,0,Two ways,dry,Jordan,class 3,asphalt,day,clear,flat straight,Tailgating,Amman,Passengers vehicle (up to 9 seats),2,39,Male
Collision,2018-01-23 13:50,40,0,0,0,0,Public Parks,dry,Jordan,class 3,asphalt,day,clear,flat straight,Violation of traffic rules,Amman,Passengers Van or small bus (10 to 30 seats),2,34,Male
Collision,2018-01-23 13:50,40,0,0,0,0,Public Parks,dry,Jordan,class 3,asphalt,day,clear,flat straight,Improper reversing,Amman,Passengers Van or small bus (10 to 30 seats),2,30,Male
Collision,2018-01-23 16:30,30,0,0,0,0,Public Parks,dry,Jordan,class 3,asphalt,sunset,storm,flat straight,Neglecting traffic safety precautions,Balqa,Passengers vehicle (up to 9 seats),1,34,Male
Collision,2018-01-23 13:53,40,0,0,0,0,Two ways,dry,Jordan,class 3 auto,asphalt,day,clear,Upright straight,Violation of traffic rules,Zarqa,Passengers vehicle (up to 9 seats),2,23,Male
Collision,2018-01-23 13:53,40,0,0,0,0,Two ways,dry,Jordan,class4,asphalt,day,clear,Upright straight,Improper lane changes,Zarqa,Passengers vehicle (up to 9 seats),2,56,Male
Collision,2018-01-23 13:54,60,0,0,0,0,Two ways with median island,dry,Jordan,class 6b,asphalt,day,clear,flat straight,Violation of traffic rules,Balqa,Passengers vehicle (up to 9 seats),2,36,Male
Collision,2018-01-23 13:54,60,0,0,0,0,Two ways with median island,dry,Jordan,class 3,asphalt,day,clear,flat straight,Violation of traffic rules,Balqa,Passengers vehicle (up to 9 seats),2,62,Male
Collision,2018-01-23 13:54,70,0,0,0,0,Two ways with median island,dry,Jordan,class 6ab,asphalt,day,clear,flat straight,Neglecting traffic safety precautions,Amman,Trailer private use,2,49,Male
Collision,2018-01-23 13:54,70,0,0,0,0,Two ways with median island,dry,Jordan,class 3,asphalt,day,clear,flat straight,Violation of traffic rules,Amman,Passengers vehicle (up to 9 seats),2,46,Male
Collision,2018-01-23 14:00,40,0,0,0,0,One way,wet,Jordan,class 3,asphalt,day,clear,flat straight,Violation of traffic rules,Amman,Passengers vehicle (up to 9 seats),2,37,Male
Collision,2018-01-23 14:00,40,0,0,0,0,One way,wet,Jordan,class 3,asphalt,day,clear,flat straight,Violation of traffic rules,Amman,Passengers vehicle (up to 9 seats),2,24,Male
Collision,2018-01-23 14:05,50,0,0,0,0,Two ways with median island,dry,Jordan,class5,asphalt,day,clear,flat straight,Violation of traffic rules,Amman,Passengers vehicle (up to 9 seats),2,36,Male
Collision,2018-01-23 14:05,50,0,0,0,0,Two ways with median island,dry,Jordan,class5,asphalt,day,clear,flat straight,Violation of traffic rules,Amman,Passengers vehicle (up to 9 seats),2,72,Male
Collision,2018-01-23 14:08,40,0,0,0,0,Two ways,dry,Jordan,class 3,asphalt,day,clear,flat straight,Violation of traffic rules,Amman,Passenger and cargo vehicle,2,49,Male
Collision,2018-01-23 14:08,40,0,0,0,0,Two ways,dry,Jordan,class 3 auto,asphalt,day,clear,flat straight,Neglecting traffic safety precautions,Amman,Passengers vehicle (up to 9 seats),2,35,Male
Collision,2018-01-23 14:06,50,0,0,0,0,Two ways with median island,dry,Jordan,class 3,asphalt,day,clear,flat straight,Violation of traffic rules,Amman,Passengers vehicle (up to 9 seats),2,30,Male
Collision,2018-01-23 14:06,50,0,0,0,0,Two ways with median island,dry,Jordan,class 3,asphalt,day,clear,flat straight,Improper reversing,Amman,Passengers vehicle (up to 9 seats),2,75,Male
Collision,2018-01-23 15:30,40,0,0,0,0,Two ways,dry,Jordan,class5,asphalt,day,clear,flat curved,Neglecting traffic safety precautions,Amman,Truck,2,29,Male
Collision,2018-01-23 15:30,40,0,0,0,0,Two ways,dry,Jordan,class 3,asphalt,day,clear,flat curved,Violation of traffic rules,Amman,Passengers vehicle (up to 9 seats),2,19,Female
Collision,2018-01-23 14:23,60,0,0,0,0,Two ways with median island,dry,Jordan,class 6ab,asphalt,day,clear,flat straight,Neglecting traffic safety precautions,Zarqa,Trailer private use,2,54,Male
Collision,2018-01-23 14:23,60,0,0,0,0,Two ways with median island,dry,Jordan,class 3,asphalt,day,clear,flat straight,Violation of traffic rules,Zarqa,Passengers vehicle (up to 9 seats),2,28,Female
Collision,2018-01-23 14:24,40,0,0,0,0,Two ways with median island,dry,Jordan,class4,asphalt,day,clear,flat straight,Tailgating,Amman,Passengers vehicle (up to 9 seats),2,38,Male
Collision,2018-01-23 14:24,40,0,0,0,0,Two ways with median island,dry,Jordan,class 3,asphalt,day,clear,flat straight,Violation of traffic rules,Amman,Passengers vehicle (up to 9 seats),2,40,Male
Collision,2018-01-23 14:24,50,0,0,0,0,Two ways,dry,Jordan,class 3 auto,asphalt,day,clear,flat straight,Violation of traffic rules,Amman,Passenger and cargo vehicle,2,22,Male
Collision,2018-01-23 14:24,50,0,0,0,0,Two ways,dry,Jordan,class5,asphalt,day,clear,flat straight,Sharp curved,Amman,Passengers vehicle (up to 9 seats),2,67,Male
Collision,2018-01-23 14:25,60,5,0,0,0,Two ways,dry,Jordan,class 3,asphalt,day,clear,flat straight,Neglecting traffic safety precautions,Mafraq,Passengers vehicle (up to 9 seats),2,19,Male
Collision,2018-01-23 14:25,60,5,0,0,0,Two ways,dry,Jordan,class 3,asphalt,day,clear,flat straight,Violation of traffic rules,Mafraq,Passengers vehicle (up to 9 seats),2,44,Male
Collision,2018-01-23 14:26,50,0,0,0,0,Two ways,dry,Jordan,class 3,asphalt,day,clear,flat straight,Neglecting traffic safety precautions,Amman,Passengers vehicle (up to 9 seats),1,35,Male
Collision,2018-01-23 14:28,60,0,0,0,0,Two ways with median island,dry,Jordan,class 3,asphalt,day,clear,Upright straight,Improper lane changes,Balqa,Passenger and cargo vehicle,2,27,Male
Collision,2018-01-23 14:28,60,0,0,0,0,Two ways with median island,dry,Jordan,class 3,asphalt,day,clear,Upright straight,Violation of traffic rules,Balqa,Passengers vehicle (up to 9 seats),2,38,Male
Collision,2018-01-23 14:27,40,0,0,0,0,Two ways with median island,dry,Jordan,class 3,asphalt,day,clear,flat straight,Violation of traffic rules,Amman,Passengers vehicle (up to 9 seats),2,0,Unkown
Collision,2018-01-23 14:27,40,0,0,0,0,Two ways with median island,dry,Jordan,class 3,asphalt,day,clear,flat straight,Improper lane changes,Amman,Passenger and cargo vehicle,2,22,Male
Collision,2018-01-23 14:31,30,0,0,0,0,Two ways,dry,Jordan,class5,asphalt,day,clear,flat straight,Violation of traffic rules,Amman,Truck,2,41,Male
Collision,2018-01-23 14:31,30,0,0,0,0,Two ways,dry,Jordan,class 6b,asphalt,day,clear,flat straight,Improper reversing,Amman,Passengers vehicle (up to 9 seats),2,28,Male
Collision,2018-01-23 14:33,40,0,0,0,0,Two ways with median island,dry,Jordan,class4,asphalt,day,clear,flat straight,Violation of traffic rules,Amman,Passengers vehicle (up to 9 seats),2,62,Male
Collision,2018-01-23 14:33,40,0,0,0,0,Two ways with median island,dry,Jordan,class 3,asphalt,day,clear,flat straight,Neglecting traffic safety precautions,Amman,Passengers vehicle (up to 9 seats),2,31,Male
Collision,2018-01-23 14:32,60,0,0,0,0,Two ways with median island,dry,Jordan,class 3,asphalt,day,clear,flat straight,Tailgating,Amman,Passengers vehicle (up to 9 seats),2,61,Male
Collision,2018-01-23 14:32,60,0,0,0,0,Two ways with median island,dry,Jordan,class 3,asphalt,day,clear,flat straight,Violation of traffic rules,Amman,Passengers vehicle (up to 9 seats),2,53,Male
Collision,2018-01-23 14:38,60,1,0,0,0,Two ways with median island,dry,Jordan,class5,asphalt,day,clear,flat straight,Improper lane changes,Amman,Truck,1,56,Male
Collision,2018-01-23 14:41,50,0,0,0,0,One way,wet,Jordan,class 3,asphalt,day,rain,flat straight,Running a stop sign,Irbid,Passengers vehicle (up to 9 seats),2,31,Male
Collision,2018-01-23 14:41,50,0,0,0,0,One way,wet,Jordan,class5,asphalt,day,rain,flat straight,Violation of traffic rules,Irbid,Passengers vehicle (up to 9 seats),2,35,Male
Collision,2018-01-23 14:43,50,0,0,0,0,Two ways with median island,dry,Jordan,class 3,asphalt,day,clear,flat straight,Improper lane changes,Amman,Passengers vehicle (up to 9 seats),2,24,Male
Collision,2018-01-23 14:43,50,0,0,0,0,Two ways with median island,dry,Jordan,class4,asphalt,day,clear,flat straight,Violation of traffic rules,Amman,Passengers vehicle (up to 9 seats),2,24,Male
Collision,2018-01-23 14:44,50,0,0,0,0,Two ways with median island,dry,Jordan,class 3,asphalt,day,clear,flat straight,Violation of traffic rules,Amman,Truck,2,43,Male
Collision,2018-01-23 14:44,50,0,0,0,0,Two ways with median island,dry,Jordan,class 3,asphalt,day,clear,flat straight,Neglecting traffic safety precautions,Amman,Passengers vehicle (up to 9 seats),2,32,Male
Collision,2018-01-23 14:45,60,1,0,0,0,Two ways with median island,dry,Jordan,class5,asphalt,day,clear,flat straight,Violation of traffic rules,Amman,Passengers vehicle (up to 9 seats),3,28,Male
Collision,2018-01-23 14:45,60,1,0,0,0,Two ways with median island,dry,Jordan,class 3,asphalt,day,clear,flat straight,Violation of traffic rules,Amman,Passengers vehicle (up to 9 seats),3,32,Male
Collision,2018-01-23 14:45,60,1,0,0,0,Two ways with median island,dry,Jordan,class 3,asphalt,day,clear,flat straight,Tailgating,Amman,Passengers vehicle (up to 9 seats),3,29,Male
Collision,2018-01-23 14:46,50,0,0,0,0,Two ways,dry,Jordan,class 3,asphalt,day,clear,flat straight,Improper lane changes,Amman,Passengers vehicle (up to 9 seats),2,49,Male
Collision,2018-01-23 14:46,50,0,0,0,0,Two ways,dry,Jordan,class 3,asphalt,day,clear,flat straight,Violation of traffic rules,Amman,Passengers vehicle (up to 9 seats),2,34,Male
Collision,2018-01-23 14:45,40,0,0,0,0,Two ways with median island,dry,Jordan,class5,asphalt,day,clear,flat straight,Violation of traffic rules,Amman,Passenger and cargo vehicle,2,25,Male
Collision,2018-01-23 14:45,40,0,0,0,0,Two ways with median island,dry,Jordan,class 3,asphalt,day,clear,flat straight,Violation of traffic rules,Amman,Passenger and cargo vehicle,2,22,Male
Collision,2018-01-23 17:48,60,0,0,0,0,One way,dry,Jordan,class4,asphalt,day,clear,flat straight,Tailgating,Amman,Passengers vehicle (up to 9 seats),2,22,Male
Collision,2018-01-23 17:48,60,0,0,0,0,One way,dry,Jordan,class 3,asphalt,day,clear,flat straight,Violation of traffic rules,Amman,Passengers vehicle (up to 9 seats),2,36,Male
Collision,2018-01-23 14:49,40,0,0,0,0,Two ways,dry,Jordan,unkown driver,asphalt,day,clear,flat straight,Improper lane changes,Amman,Passengers vehicle (up to 9 seats),2,118,Male
Collision,2018-01-23 14:49,40,0,0,0,0,Two ways,dry,Jordan,class 3 auto,asphalt,day,clear,flat straight,Improper lane changes,Amman,Passengers vehicle (up to 9 seats),2,0,Male
Collision,2018-01-23 18:10,50,0,0,0,0,Two ways,dry,UAE,unkown driver,asphalt,night without enough light,clear,flat straight,Improper reversing,Amman,Trailer private use,1,118,Unkown
Collision,2018-01-23 19:08,50,0,0,0,0,Two ways with median island,dry,Jordan,class 3,asphalt,night with enough light,clear,flat straight,Violation of traffic rules,Amman,Passengers vehicle (up to 9 seats),2,33,Male
Collision,2018-01-23 19:08,50,0,0,0,0,Two ways with median island,dry,Jordan,class 3,asphalt,night with enough light,clear,flat straight,Violation of traffic rules,Amman,Passengers vehicle (up to 9 seats),2,0,Unkown
Collision,2018-01-23 14:58,50,0,0,0,0,Two ways,dry,Jordan,class4,asphalt,day,clear,flat straight,Neglecting traffic safety precautions,Amman,Passengers vehicle (up to 9 seats),1,23,Male
Collision,2018-01-23 15:00,40,0,0,0,0,Two ways,dry,Jordan,class 3,asphalt,day,clear,flat straight,Improper reversing,Amman,Passenger and cargo vehicle,2,56,Male
Collision,2018-01-23 15:00,40,0,0,0,0,Two ways,dry,Jordan,class 3 auto,asphalt,day,clear,flat straight,Violation of traffic rules,Amman,Passengers vehicle (up to 9 seats),2,26,Male
Collision,2018-01-23 15:03,60,0,0,0,0,Two ways with median island,wet,Jordan,class 3,asphalt,day,rain,flat curved,Violation of traffic rules,Irbid,Passengers vehicle (up to 9 seats),2,35,Male
Collision,2018-01-23 15:03,60,0,0,0,0,Two ways with median island,wet,Jordan,class5,asphalt,day,rain,flat curved,Violation of traffic rules,Irbid,Passengers vehicle (up to 9 seats),2,38,Male
Collision,2018-01-23 15:04,40,0,0,0,0,Two ways with median island,dry,Jordan,class 3,asphalt,day,clear,flat straight,Violation of traffic rules,Amman,Passengers vehicle (up to 9 seats),2,44,Male
Collision,2018-01-23 15:04,40,0,0,0,0,Two ways with median island,dry,Jordan,class5,asphalt,day,clear,flat straight,Violation of traffic rules,Amman,Passengers vehicle (up to 9 seats),2,75,Male
Collision,2018-01-27 15:05,40,0,0,0,0,Two ways with median island,dry,Jordan,class 6ab,asphalt,day,clear,flat straight,Violation of traffic rules,Amman,Passenger and cargo vehicle,2,49,Male
Collision,2018-01-27 15:05,40,0,0,0,0,Two ways with median island,dry,Jordan,class 3,asphalt,day,clear,flat straight,Violation of traffic rules,Amman,Passengers vehicle (up to 9 seats),2,33,Male
Collision,2018-01-23 15:07,60,0,0,0,0,Two ways with median island,dry,Jordan,class 3 auto,asphalt,day,clear,flat straight,Violation of traffic rules,Amman,Passengers vehicle (up to 9 seats),2,25,Female
Collision,2018-01-23 15:07,60,0,0,0,0,Two ways with median island,dry,Jordan,class 3,asphalt,day,clear,flat straight,Violation of traffic rules,Amman,Passengers vehicle (up to 9 seats),2,26,Female
Off-Road,2018-01-23 15:10,80,3,0,0,0,Two ways,dry,Jordan,class 3,asphalt,sunset,clear,flat straight,Improper lane changes,Zarqa,Passengers vehicle (up to 9 seats),1,62,Male
Collision,2018-01-23 15:10,60,0,0,0,0,Two ways with median island,dry,Jordan,unkown driver,asphalt,sunset,storm,flat straight,Neglecting traffic safety precautions,Maan,Trailer private use,2,54,Male
Collision,2018-01-23 15:10,60,0,0,0,0,Two ways with median island,dry,KSA,class 3,asphalt,sunset,storm,flat straight,Violation of traffic rules,Maan,Passengers vehicle (up to 9 seats),2,47,Male
Collision,2018-01-23 15:15,40,0,0,0,0,One way,wet,Jordan,class5,asphalt,day,clear,flat straight,Improper reversing,Amman,Passengers vehicle (up to 9 seats),1,45,Male
Collision,2018-01-23 15:16,40,0,0,0,0,Two ways with median island,dry,Jordan,class 3,asphalt,day,clear,flat straight,Tailgating,Amman,Passengers vehicle (up to 9 seats),2,26,Male
Collision,2018-01-23 15:16,40,0,0,0,0,Two ways with median island,dry,Jordan,class5,asphalt,day,clear,flat straight,Violation of traffic rules,Amman,Passengers Van or small bus (10 to 30 seats),2,42,Male
Collision,2018-01-23 15:16,50,0,0,0,0,Two ways,wet,Jordan,class 3,asphalt,day,rain,flat straight,Violation of traffic rules,Amman,Passengers vehicle (up to 9 seats),2,30,Male
Collision,2018-01-23 15:16,50,0,0,0,0,Two ways,wet,Jordan,class 3,asphalt,day,rain,flat straight,Tailgating,Amman,Passengers vehicle (up to 9 seats),2,43,Male
Collision,2018-01-23 15:19,40,0,0,0,0,Two ways,dry,Jordan,class4,asphalt,day,clear,flat straight,Violation of traffic rules,Amman,Truck,2,50,Male
Collision,2018-01-23 15:19,40,0,0,0,0,Two ways,dry,Jordan,unkown driver,asphalt,day,clear,flat straight,Violation of traffic rules,Amman,Passengers vehicle (up to 9 seats),2,118,Male