Accident Type,Date,Speed (Km),Simple Injuries,Severe Injuries,Death,Medium Injuries,Road Lanes,Road Surfuce Description,Vehicle Country,Driver Licensee Type,Road Type,Light,Weather,Road Proerties,Driver Mistake,City,Vehicle type,Number of Cars,Driver Age,Sex
Run over,2018-01-25 22:22,40,0,1,0,0,Two ways with median island,wet,Jordan,class 3,asphalt,night without enough light,rain,Upright straight,Neglecting traffic safety precautions,Zarqa,Passengers vehicle (up to 9 seats),1,32,Male
Collision,2018-01-27 13:00,50,0,0,0,0,Two ways,wet,Jordan,class 3,asphalt,day,rain,Upright straight,Tailgating,Balqa,Passengers vehicle (up to 9 seats),2,37,Male
Collision,2018-01-27 13:00,50,0,0,0,0,Two ways,wet,Jordan,class 3,asphalt,day,rain,Upright straight,Violation of traffic rules,Balqa,Passengers vehicle (up to 9 seats),2,27,Male
Collision,2018-01-25 22:25,40,0,0,0,0,Two ways with median island,wet,Jordan,class 3,asphalt,night without enough light,rain,flat straight,Violation of traffic rules,Balqa,Passengers vehicle (up to 9 seats),2,51,Male
Collision,2018-01-25 22:25,40,0,0,0,0,Two ways with median island,wet,Jordan,class 3,asphalt,night without enough light,rain,flat straight,Violation of traffic rules,Balqa,Passengers vehicle (up to 9 seats),2,58,Male
Collision,2018-01-25 22:27,40,0,0,0,0,Two ways,dry,Jordan,class 3,asphalt,night with enough light,clear,flat straight,Tailgating,Amman,Passengers vehicle (up to 9 seats),2,118,Unkown
Collision,2018-01-25 22:27,40,0,0,0,0,Two ways,dry,Jordan,class 3,asphalt,night with enough light,clear,flat straight,Violation of traffic rules,Amman,Passengers vehicle (up to 9 seats),2,21,Unkown
Collision,2018-01-25 22:28,40,0,0,0,0,Two ways,wet,Jordan,class5,asphalt,night without enough light,rain,straight ramp,Violation of traffic rules,Zarqa,Passengers vehicle (up to 9 seats),2,42,Male
Collision,2018-01-25 22:28,40,0,0,0,0,Two ways,wet,Jordan,class 3,asphalt,night without enough light,rain,straight ramp,Violation of traffic rules,Zarqa,Passengers vehicle (up to 9 seats),2,28,Male
Collision,2018-01-25 22:39,40,0,0,0,0,Two ways,dry,Jordan,class 3,asphalt,night without enough light,fog,flat straight,Violation of traffic rules,Balqa,Passengers vehicle (up to 9 seats),2,60,Male
Collision,2018-01-25 22:39,40,0,0,0,0,Two ways,dry,Jordan,class 3,asphalt,night without enough light,fog,flat straight,Improper reversing,Balqa,Passenger and cargo vehicle,2,36,Male
Collision,2018-01-25 22:42,40,0,0,0,0,Parking lot,wet,Jordan,class4,asphalt,night with enough light,clear,flat straight,Violation of traffic rules,Amman,Passenger and cargo vehicle,2,29,Male
Collision,2018-01-25 22:42,40,0,0,0,0,Parking lot,wet,Jordan,class 3,asphalt,night with enough light,clear,flat straight,Neglecting traffic safety precautions,Amman,Passengers vehicle (up to 9 seats),2,42,Male
Collision,2018-01-25 22:45,40,0,0,0,0,Two ways with median island,wet,Jordan,class 3,asphalt,night with enough light,rain,flat straight,Violation of traffic rules,Amman,Passengers vehicle (up to 9 seats),2,0,Unkown
Collision,2018-01-25 22:45,40,0,0,0,0,Two ways with median island,wet,Jordan,class 3,asphalt,night with enough light,rain,flat straight,Violation of traffic rules,Amman,Passengers vehicle (up to 9 seats),2,29,Male
Collision,2018-01-25 22:46,50,0,0,0,0,Two ways with median island,wet,Jordan,unkown driver,asphalt,night with enough light,rain,flat straight,Tailgating,Amman,Passengers vehicle (up to 9 seats),3,118,Male
Collision,2018-01-25 22:46,50,0,0,0,0,Two ways with median island,wet,Jordan,class 3,asphalt,night with enough light,rain,flat straight,Violation of traffic rules,Amman,Passengers vehicle (up to 9 seats),3,28,Male
Collision,2018-01-25 22:46,50,0,0,0,0,Two ways with median island,wet,Jordan,class 3,asphalt,night with enough light,rain,flat straight,Violation of traffic rules,Amman,Passengers vehicle (up to 9 seats),3,24,Male
Collision,2018-01-26 2:45,40,0,0,0,0,Two ways with median island,wet,Jordan,class 3 auto,asphalt,night with enough light,rain,straight ramp,Improper lane changes,Amman,Passengers vehicle (up to 9 seats),2,24,Male
Collision,2018-01-26 2:45,40,0,0,0,0,Two ways with median island,wet,Jordan,class 3,asphalt,night with enough light,rain,straight ramp,Violation of traffic rules,Amman,Passengers vehicle (up to 9 seats),2,56,Female
Collision,2018-01-25 22:59,40,0,0,0,0,Two ways with median island,dry,Jordan,class 3 auto,asphalt,night with enough light,clear,flat straight,Violation of traffic rules,Aqaba,Passengers vehicle (up to 9 seats),2,48,Female
Collision,2018-01-25 22:59,40,0,0,0,0,Two ways with median island,dry,Jordan,class 3,asphalt,night with enough light,clear,flat straight,Improper lane changes,Aqaba,Passenger and cargo vehicle,2,19,Male
Collision,2018-01-25 22:59,50,0,0,0,0,Two ways with median island,wet,Jordan,class4,asphalt,night with enough light,rain,flat straight,Improper lane changes,Amman,Passengers vehicle (up to 9 seats),2,24,Male
Collision,2018-01-25 22:59,50,0,0,0,0,Two ways with median island,wet,Jordan,class 3,asphalt,night with enough light,rain,flat straight,Violation of traffic rules,Amman,Truck,2,26,Male
Collision,2018-01-25 23:05,40,0,0,0,0,One way,wet,Jordan,class 3,asphalt,night with enough light,clear,flat straight,Neglecting traffic safety precautions,Jerash,Passengers vehicle (up to 9 seats),1,40,Male
Collision,2018-01-25 23:20,60,0,0,0,0,Two ways,wet,Jordan,class 3 auto,asphalt,night with enough light,rain,flat straight,Violation of traffic rules,Amman,Passengers vehicle (up to 9 seats),2,23,Male
Collision,2018-01-25 23:20,60,0,0,0,0,Two ways,wet,Jordan,class 3,asphalt,night with enough light,rain,flat straight,Running a stop sign,Amman,Passengers vehicle (up to 9 seats),2,0,Unkown
Collision,2018-01-25 23:22,60,0,0,0,0,Two ways with median island,wet,Jordan,class 3,asphalt,night with enough light,rain,straight ramp,Violation of traffic rules,Amman,Passengers vehicle (up to 9 seats),2,31,Male
Collision,2018-01-25 23:22,60,0,0,0,0,Two ways with median island,wet,Jordan,class 3,asphalt,night with enough light,rain,straight ramp,Tailgating,Amman,Passengers vehicle (up to 9 seats),2,27,Male
Collision,2018-01-25 23:28,80,0,0,0,0,Two ways with median island,wet,Jordan,class 3,asphalt,night with enough light,rain,flat straight,Violation of traffic rules,Irbid,Passenger and cargo vehicle,4,30,Male
Collision,2018-01-25 23:28,80,0,0,0,0,Two ways with median island,wet,Jordan,class 3,asphalt,night with enough light,rain,flat straight,Tailgating,Irbid,Passengers vehicle (up to 9 seats),4,39,Male
Collision,2018-01-25 23:28,80,0,0,0,0,Two ways with median island,wet,Jordan,class 3,asphalt,night with enough light,rain,flat straight,Violation of traffic rules,Irbid,Passengers vehicle (up to 9 seats),4,0,Unkown
Collision,2018-01-25 23:28,80,0,0,0,0,Two ways with median island,wet,Jordan,class 3,asphalt,night with enough light,rain,flat straight,Tailgating,Irbid,Passengers vehicle (up to 9 seats),4,24,Male
Collision,2018-01-25 23:37,40,0,0,0,0,Two ways,wet,Jordan,class 3 auto,asphalt,night with enough light,rain,flat straight,Violation of traffic rules,Amman,Passengers vehicle (up to 9 seats),2,0,Unkown
Collision,2018-01-25 23:37,40,0,0,0,0,Two ways,wet,Jordan,class 3,asphalt,night with enough light,rain,flat straight,Violation of traffic rules,Amman,Passengers vehicle (up to 9 seats),2,35,Male
Collision,2018-01-25 23:39,40,0,0,0,0,Two ways with median island,wet,Jordan,class4,asphalt,day,rain,flat straight,Tailgating,Amman,Passengers vehicle (up to 9 seats),2,22,Male
Collision,2018-01-25 23:39,40,0,0,0,0,Two ways with median island,wet,Jordan,class 3,asphalt,day,rain,flat straight,Violation of traffic rules,Amman,Passengers vehicle (up to 9 seats),2,24,Male
Collision,2018-01-25 23:49,80,0,0,0,0,Two ways with median island,wet,Jordan,class 3,asphalt,night without enough light,rain,flat straight,Violation of traffic rules,Balqa,Passengers vehicle (up to 9 seats),2,0,Male
Collision,2018-01-25 23:49,80,0,0,0,0,Two ways with median island,wet,Jordan,class 3,asphalt,night without enough light,rain,flat straight,Violation of traffic rules,Balqa,Passengers vehicle (up to 9 seats),2,24,Male
Collision,2018-01-25 23:51,60,2,1,0,0,Two ways with median island,wet,Jordan,class 3,asphalt,night without enough light,rain,straight ramp,Violation of traffic rules,Amman,Passengers vehicle (up to 9 seats),3,41,Male
Collision,2018-01-25 23:51,60,2,1,0,0,Two ways with median island,wet,Jordan,class 3,asphalt,night without enough light,rain,straight ramp,Tailgating,Amman,Passengers vehicle (up to 9 seats),3,18,Male
Collision,2018-01-25 23:51,60,2,1,0,0,Two ways with median island,wet,Jordan,class 3,asphalt,night without enough light,rain,straight ramp,Violation of traffic rules,Amman,Passengers vehicle (up to 9 seats),3,38,Male
Collision,2018-01-26 0:09,80,0,0,0,0,Two ways with median island,wet,Jordan,class 6a,asphalt,night without enough light,rain,flat straight,Violation of traffic rules,Irbid,Passengers vehicle (up to 9 seats),2,31,Male
Collision,2018-01-26 0:09,80,0,0,0,0,Two ways with median island,wet,Jordan,class 3,asphalt,night without enough light,rain,flat straight,Tailgating,Irbid,Passengers vehicle (up to 9 seats),2,44,Male
Collision,2018-01-26 0:17,80,0,0,0,0,Two ways with median island,wet,Jordan,class 3,asphalt,night with enough light,rain,flat straight,Violation of traffic rules,Irbid,Passengers vehicle (up to 9 seats),2,118,Unkown
Collision,2018-01-26 0:17,80,0,0,0,0,Two ways with median island,wet,Jordan,class 3,asphalt,night with enough light,rain,flat straight,Improper lane changes,Irbid,Passengers vehicle (up to 9 seats),2,20,Male
Collision,2018-01-26 0:22,40,0,0,0,0,Two ways,dry,Jordan,class 3 auto,asphalt,night with enough light,clear,flat straight,Violation of traffic rules,Amman,Passengers vehicle (up to 9 seats),2,24,Female
Collision,2018-01-26 0:22,40,0,0,0,0,Two ways,dry,Jordan,class 3 auto,asphalt,night with enough light,clear,flat straight,Violation of traffic rules,Amman,Passengers vehicle (up to 9 seats),2,26,Male
Collision,2018-01-26 0:31,80,0,0,0,0,Two ways with median island,wet,Jordan,class 3,asphalt,night without enough light,clear,flat straight,Violation of traffic rules,Balqa,Passengers vehicle (up to 9 seats),2,40,Male
Collision,2018-01-26 0:31,80,0,0,0,0,Two ways with median island,wet,Jordan,class 3,asphalt,night without enough light,clear,flat straight,Violation of traffic rules,Balqa,Passengers vehicle (up to 9 seats),2,20,Male
Collision,2018-01-26 0:39,40,0,0,0,0,Two ways,dry,Jordan,class 3 auto,asphalt,night without enough light,rain,straight ramp,Improper reversing,Amman,Passengers vehicle (up to 9 seats),2,30,Female
Collision,2018-01-26 0:39,40,0,0,0,0,Two ways,dry,Jordan,class 3,asphalt,night without enough light,rain,straight ramp,Violation of traffic rules,Amman,Passengers Van or small bus (10 to 30 seats),2,0,Unkown
Collision,2018-01-26 0:56,60,1,0,0,0,Two ways with median island,dry,Jordan,class4,asphalt,night with enough light,clear,flat straight,Violation of traffic rules,Zarqa,Passengers vehicle (up to 9 seats),3,53,Male
Collision,2018-01-26 0:56,60,1,0,0,0,Two ways with median island,dry,Jordan,class 3,asphalt,night with enough light,clear,flat straight,Violation of traffic rules,Zarqa,Passengers vehicle (up to 9 seats),3,38,Male
Collision,2018-01-26 0:56,60,1,0,0,0,Two ways with median island,dry,Jordan,class 3,asphalt,night with enough light,clear,flat straight,Tailgating,Zarqa,Passengers vehicle (up to 9 seats),3,118,Unkown
Collision,2018-01-26 0:56,40,0,0,0,0,One way,dry,Jordan,class5,asphalt,night with enough light,clear,flat straight,Improper reversing,Amman,Trailer private use,1,27,Male
Collision,2018-01-26 19:00,40,0,0,0,0,Two ways,dry,Jordan,class 3,asphalt,night without enough light,clear,flat straight,Neglecting traffic safety precautions,Zarqa,Truck,2,20,Male
Collision,2018-01-26 19:00,40,0,0,0,0,Two ways,dry,Jordan,class 3,asphalt,night without enough light,clear,flat straight,Violation of traffic rules,Zarqa,Passengers vehicle (up to 9 seats),2,34,Male
Collision,2018-01-26 1:05,50,0,0,0,0,Two ways,wet,Jordan,class 3,asphalt,night without enough light,clear,Upright straight,Violation of traffic rules,Balqa,Passengers vehicle (up to 9 seats),2,28,Male
Collision,2018-01-26 1:05,50,0,0,0,0,Two ways,wet,Jordan,class 3,asphalt,night without enough light,clear,Upright straight,Unsafe turnaround,Balqa,Passengers vehicle (up to 9 seats),2,23,Male
Collision,2018-01-26 1:05,50,0,0,0,0,Two ways with median island,wet,Jordan,class 3,asphalt,night with enough light,rain,flat straight,"Speeding in school zone,innterssecctions and curved roads",Amman,Passengers vehicle (up to 9 seats),3,24,Male
Collision,2018-01-26 1:05,50,0,0,0,0,Two ways with median island,wet,Jordan,class 3,asphalt,night with enough light,rain,flat straight,Violation of traffic rules,Amman,Passengers vehicle (up to 9 seats),3,0,Unkown
Collision,2018-01-26 1:05,50,0,0,0,0,Two ways with median island,wet,Jordan,class 3,asphalt,night with enough light,rain,flat straight,Violation of traffic rules,Amman,Passengers vehicle (up to 9 seats),3,0,Unkown
Collision,2018-01-26 1:14,50,0,0,0,0,One way,dry,Jordan,class 3,asphalt,night with enough light,rain,flat straight,Neglecting traffic safety precautions,Amman,Passengers vehicle (up to 9 seats),1,118,Unkown
Collision,2018-01-26 1:22,50,0,0,0,0,Two ways with median island,wet,Jordan,class 3,asphalt,night with enough light,rain,flat straight,Improper reversing,Amman,Passengers vehicle (up to 9 seats),2,0,Unkown
Collision,2018-01-26 1:22,50,0,0,0,0,Two ways with median island,wet,Jordan,class 3,asphalt,night with enough light,rain,flat straight,Violation of traffic rules,Amman,Passengers vehicle (up to 9 seats),2,34,Male
Collision,2018-01-26 1:35,40,0,0,0,0,Two ways,wet,Jordan,class 3,asphalt,night with enough light,rain,flat straight,Violation of traffic rules,Amman,Passengers vehicle (up to 9 seats),2,27,Male
Collision,2018-01-26 1:45,40,0,0,0,0,Two ways,wet,Jordan,class4,asphalt,night with enough light,rain,flat straight,Running a stop sign,Amman,Passengers vehicle (up to 9 seats),2,23,Male
Collision,2018-01-26 1:45,40,0,0,0,0,Two ways,wet,Jordan,class 3 auto,asphalt,night with enough light,rain,flat straight,Violation of traffic rules,Amman,Passengers vehicle (up to 9 seats),2,0,Male
Collision,2018-01-26 1:56,80,0,0,0,0,Two ways with median island,wet,Jordan,class 3,asphalt,night with enough light,rain,flat straight,Violation of traffic rules,Irbid,Passengers vehicle (up to 9 seats),2,27,Male
Collision,2018-01-26 1:56,80,0,0,0,0,Two ways with median island,wet,Jordan,class 3,asphalt,night with enough light,rain,flat straight,Open door while driving or parking,Irbid,Passengers vehicle (up to 9 seats),2,27,Male
Collision,2018-01-26 2:01,50,0,0,0,0,Two ways with median island,wet,Jordan,class 3,asphalt,night with enough light,rain,flat straight,Violation of traffic rules,Amman,Passengers vehicle (up to 9 seats),2,0,Unkown
Collision,2018-01-26 2:01,50,0,0,0,0,Two ways with median island,wet,Jordan,class 3,asphalt,night with enough light,rain,flat straight,Neglecting traffic safety precautions,Amman,Passengers vehicle (up to 9 seats),2,36,Male
Collision,2018-01-26 2:07,60,0,0,0,0,Two ways with median island,dry,Jordan,class 3,asphalt,night with enough light,clear,flat straight,Tailgating,Amman,Passenger and cargo vehicle,2,0,Male
Collision,2018-01-26 2:07,60,0,0,0,0,Two ways with median island,dry,Jordan,class 3,asphalt,night with enough light,clear,flat straight,Violation of traffic rules,Amman,Passengers vehicle (up to 9 seats),2,29,Male
Collision,2018-01-26 2:13,40,0,0,0,0,Two ways with median island,wet,Jordan,class 3,asphalt,night with enough light,clear,flat straight,Violation of traffic rules,Amman,Passengers vehicle (up to 9 seats),2,32,Male
Collision,2018-01-26 2:13,40,0,0,0,0,Two ways with median island,wet,Jordan,class 3,asphalt,night with enough light,clear,flat straight,Improper lane changes,Amman,Passengers vehicle (up to 9 seats),2,28,Male
Collision,2018-01-26 2:26,50,0,0,0,0,Two ways with median island,wet,Jordan,class 3,asphalt,night with enough light,rain,flat straight,Improper reversing,Amman,Passengers vehicle (up to 9 seats),2,50,Male
Collision,2018-01-26 2:26,50,0,0,0,0,Two ways with median island,wet,Jordan,class 3,asphalt,night with enough light,rain,flat straight,Violation of traffic rules,Amman,Passengers vehicle (up to 9 seats),2,40,Male
Collision,2018-01-26 2:33,40,0,0,0,0,Two ways with median island,dry,Jordan,class 3,asphalt,night with enough light,clear,flat straight,Violation of traffic rules,Amman,Passenger and cargo vehicle,2,27,Male
Collision,2018-01-26 2:33,40,0,0,0,0,Two ways with median island,dry,Jordan,class 3,asphalt,night with enough light,clear,flat straight,Improper lane changes,Amman,Passengers vehicle (up to 9 seats),2,29,Male
Collision,2018-01-26 2:48,60,0,0,0,0,Two ways with median island,wet,Jordan,class 3,asphalt,night with enough light,rain,flat straight,Improper lane changes,Amman,Passengers vehicle (up to 9 seats),1,38,Male
Collision,2018-01-26 3:03,40,0,0,0,0,Two ways with median island,dry,Jordan,class4,asphalt,night with enough light,clear,flat straight,Improper lane changes,Amman,Passengers vehicle (up to 9 seats),2,31,Male
Collision,2018-01-26 3:03,40,0,0,0,0,Two ways with median island,dry,Jordan,class 3,asphalt,night with enough light,clear,flat straight,Violation of traffic rules,Amman,Passengers vehicle (up to 9 seats),2,28,Male
Collision,2018-01-26 3:19,50,0,0,0,0,Two ways with median island,dry,Jordan,class 3,asphalt,night with enough light,clear,flat straight,Violation of traffic rules,Amman,Passengers vehicle (up to 9 seats),2,0,Unkown
Collision,2018-01-26 3:19,50,0,0,0,0,Two ways with median island,dry,Jordan,class 3,asphalt,night with enough light,clear,flat straight,Neglecting traffic safety precautions,Amman,Passengers vehicle (up to 9 seats),2,28,Male
Collision,2018-01-26 3:37,20,0,0,0,0,One way,dry,Jordan,class 3 auto,asphalt,night without enough light,clear,flat straight,Violation of traffic rules,Amman,Passengers vehicle (up to 9 seats),2,0,Male
Collision,2018-01-26 3:37,20,0,0,0,0,One way,dry,Jordan,class 3,asphalt,night without enough light,clear,flat straight,Neglecting traffic safety precautions,Amman,Passengers vehicle (up to 9 seats),2,22,Male
Collision,2018-01-26 3:51,50,0,0,0,0,Two ways with median island,wet,Jordan,class 3,asphalt,night without enough light,snow,straight ramp,Loss of control,Balqa,Passengers vehicle (up to 9 seats),1,20,Male
Collision,2018-01-26 3:54,40,0,0,0,0,Two ways with median island,dry,Jordan,class4,asphalt,night with enough light,rain,Upright straight,Violation of traffic rules,Amman,Passenger and cargo vehicle,2,39,Male
Collision,2018-01-26 3:54,40,0,0,0,0,Two ways with median island,dry,Jordan,class 3,asphalt,night with enough light,rain,Upright straight,Improper lane changes,Amman,Passengers vehicle (up to 9 seats),2,41,Male
Collision,2018-01-26 3:55,40,0,0,0,0,Two ways with median island,dry,Jordan,class 3,asphalt,night with enough light,clear,flat straight,Loss of control,Amman,Passengers vehicle (up to 9 seats),1,61,Male
Collision,2018-01-26 3:49,50,0,0,0,0,Two ways with median island,wet,Jordan,class 3,asphalt,night with enough light,rain,flat straight,Tailgating,Amman,Passengers vehicle (up to 9 seats),2,21,Male
Collision,2018-01-26 3:49,50,0,0,0,0,Two ways with median island,wet,Jordan,class 3,asphalt,night with enough light,rain,flat straight,Violation of traffic rules,Amman,Passengers vehicle (up to 9 seats),2,0,Unkown
Collision,2018-01-26 6:04,40,0,0,0,0,Two ways,dry,Jordan,class4,asphalt,sunrise,clear,straight ramp,Improper lane changes,Amman,Passenger and cargo vehicle,3,74,Male
Collision,2018-01-26 6:04,40,0,0,0,0,Two ways,dry,Jordan,class 3,asphalt,sunrise,clear,straight ramp,Violation of traffic rules,Amman,Passengers vehicle (up to 9 seats),3,0,Unkown
Collision,2018-01-26 8:10,50,0,0,0,0,Two ways,wet,Jordan,class 3,asphalt,night with enough light,rain,flat straight,Violation of traffic rules,Amman,Passengers vehicle (up to 9 seats),2,23,Male
Collision,2018-01-26 8:10,50,0,0,0,0,Two ways,wet,Jordan,class 3,asphalt,night with enough light,rain,flat straight,Violation of traffic rules,Amman,Passengers vehicle (up to 9 seats),2,29,Male
Collision,2018-01-26 17:11,60,0,0,0,0,Two ways with median island,dry,Jordan,class4,asphalt,day,clear,flat straight,Neglecting traffic safety precautions,Amman,Passengers vehicle (up to 9 seats),1,40,Male
Collision,2018-01-26 9:10,50,0,0,0,0,Two ways with median island,dry,Jordan,class 3,asphalt,day,clear,flat straight,Violation of traffic rules,Aqaba,Passengers vehicle (up to 9 seats),2,25,Male
Collision,2018-01-26 9:10,50,0,0,0,0,Two ways with median island,dry,Jordan,class 3,asphalt,day,clear,flat straight,Tailgating,Aqaba,Passengers vehicle (up to 9 seats),2,0,Male
Collision,2018-01-26 17:33,60,0,0,0,0,Two ways with median island,wet,Jordan,class5,asphalt,night with enough light,clear,flat straight,Violation of traffic rules,Amman,Passengers vehicle (up to 9 seats),2,34,Male
Collision,2018-01-26 17:33,60,0,0,0,0,Two ways with median island,wet,Jordan,class 3 auto,asphalt,night with enough light,clear,flat straight,Violation of traffic rules,Amman,Passengers vehicle (up to 9 seats),2,0,Male
Collision,2018-01-26 9:20,40,0,0,0,0,Two ways,wet,Jordan,class 3,asphalt,day,clear,flat straight,Violation of traffic rules,Irbid,Passengers vehicle (up to 9 seats),2,45,Female
Collision,2018-01-26 9:20,40,0,0,0,0,Two ways,wet,Jordan,class5,asphalt,day,clear,flat straight,Unsafe Parking,Irbid,Truck,2,37,Male
Collision,2018-01-26 9:47,40,0,0,0,0,Two ways,dry,Jordan,class 3,asphalt,day,clear,flat straight,Violation of traffic rules,Amman,Truck,2,0,Unkown
Collision,2018-01-26 9:47,40,0,0,0,0,Two ways,dry,Jordan,class4,asphalt,day,clear,flat straight,Neglecting traffic safety precautions,Amman,Vehicle for private use,2,33,Male
Collision,2018-01-26 9:51,40,0,0,0,0,Two ways with median island,dry,Jordan,class 3,asphalt,day,clear,flat straight,Violation of traffic rules,Zarqa,Passengers vehicle (up to 9 seats),2,23,Male
Collision,2018-01-26 9:51,40,0,0,0,0,Two ways with median island,dry,Jordan,class 3,asphalt,day,clear,flat straight,Tailgating,Zarqa,Passengers vehicle (up to 9 seats),2,48,Male
Collision,2018-01-26 15:10,40,0,0,0,0,Two ways with median island,wet,Jordan,class 3 auto,asphalt,day,rain,straight ramp,Neglecting traffic safety precautions,Amman,Passengers vehicle (up to 9 seats),2,24,Female
Collision,2018-01-26 15:10,40,0,0,0,0,Two ways with median island,wet,Jordan,class 3,asphalt,day,rain,straight ramp,Violation of traffic rules,Amman,Passengers vehicle (up to 9 seats),2,28,Male
Collision,2018-01-26 10:13,40,1,0,0,0,Two ways with median island,dry,Jordan,class 3,asphalt,day,clear,flat straight,Neglecting traffic safety precautions,Amman,Passengers vehicle (up to 9 seats),1,0,Unkown
Collision,2018-01-26 10:39,40,0,0,0,0,One way,dry,Jordan,class 3,asphalt,day,clear,Upright straight,Violation of traffic rules,Madaba,Passengers vehicle (up to 9 seats),2,35,Male
Collision,2018-01-26 10:39,40,0,0,0,0,One way,dry,Jordan,class 3,asphalt,day,clear,Upright straight,Running a stop sign,Madaba,Truck,2,41,Male
Collision,2018-01-26 10:43,60,0,0,0,0,Two ways with median island,dry,Jordan,class 3,asphalt,day,clear,flat straight,Violation of traffic rules,Amman,Passengers vehicle (up to 9 seats),2,33,Male
Collision,2018-01-26 10:43,60,0,0,0,0,Two ways with median island,dry,Jordan,class 3,asphalt,day,clear,flat straight,Violation of traffic rules,Amman,Passengers vehicle (up to 9 seats),2,34,Male
Run over,2018-01-26 10:52,60,1,0,0,0,Two ways with median island,dry,Jordan,class 3,asphalt,day,clear,flat straight,Neglecting traffic safety precautions,Amman,Passengers vehicle (up to 9 seats),1,36,Male
Collision,2018-01-26 10:56,50,0,0,0,0,Two ways with median island,wet,Jordan,class 3,asphalt,day,rain,flat straight,Improper lane changes,Amman,Truck,2,42,Male
Collision,2018-01-26 10:56,50,0,0,0,0,Two ways with median island,wet,Jordan,class 3,asphalt,day,rain,flat straight,Violation of traffic rules,Amman,Passengers vehicle (up to 9 seats),2,42,Male
Collision,2018-01-26 10:56,40,0,0,0,0,One way,dry,Jordan,class 3,asphalt,day,clear,flat straight,Violation of traffic rules,Mafraq,Passenger and cargo vehicle,2,44,Male
Collision,2018-01-26 10:56,40,0,0,0,0,One way,dry,Jordan,class 3,asphalt,day,clear,flat straight,Violation of traffic rules,Mafraq,Passengers vehicle (up to 9 seats),2,33,Male
Collision,2018-01-26 11:03,30,0,0,0,0,Two ways,wet,Jordan,class4,asphalt,day,rain,flat straight,Violation of traffic rules,Amman,Passengers vehicle (up to 9 seats),2,50,Male
Collision,2018-01-26 11:03,30,0,0,0,0,Two ways,wet,Jordan,class5,asphalt,day,rain,flat straight,Tailgating,Amman,Passengers vehicle (up to 9 seats),2,37,Male
Collision,2018-01-26 15:47,50,0,0,0,0,Two ways,wet,Jordan,class 3,asphalt,day,rain,curved ramp,Violation of traffic rules,Amman,Passengers vehicle (up to 9 seats),3,0,Unkown
Collision,2018-01-26 15:47,50,0,0,0,0,Two ways,wet,Jordan,class 6b,asphalt,day,rain,curved ramp,Neglecting traffic safety precautions,Amman,Truck,3,47,Male
Collision,2018-01-26 11:12,50,0,0,0,0,Two ways with median island,dry,Jordan,class4,asphalt,day,clear,flat straight,Violation of traffic rules,Amman,Passengers vehicle (up to 9 seats),2,37,Male
Collision,2018-01-26 11:12,50,0,0,0,0,Two ways with median island,dry,Jordan,class 3,asphalt,day,clear,flat straight,Violation of traffic rules,Amman,Truck,2,0,Unkown
Collision,2018-01-26 11:17,40,0,0,0,0,Two ways,wet,Jordan,class4,asphalt,day,clear,flat straight,Violation of traffic rules,Balqa,Passenger and cargo vehicle,2,30,Male
Collision,2018-01-26 11:17,40,0,0,0,0,Two ways,wet,Jordan,class 3,asphalt,day,clear,flat straight,Violation of traffic rules,Balqa,Passenger and cargo vehicle,2,39,Male
Collision,2018-01-26 11:24,40,0,0,0,0,Two ways,dry,Jordan,class 3,asphalt,day,clear,flat straight,Violation of traffic rules,Amman,Passengers vehicle (up to 9 seats),3,0,Unkown
Collision,2018-01-26 11:24,40,0,0,0,0,Two ways,dry,Jordan,class 3,asphalt,day,clear,flat straight,Neglecting traffic safety precautions,Amman,Passenger and cargo vehicle,3,39,Male
Collision,2018-01-26 11:24,40,0,0,0,0,Two ways,dry,Jordan,class 3,asphalt,day,clear,flat straight,Violation of traffic rules,Amman,Truck,3,0,Unkown
Collision,2018-01-26 11:24,40,0,0,0,0,Two ways,dry,Jordan,class 3,asphalt,day,clear,flat straight,Violation of traffic rules,Irbid,Passengers vehicle (up to 9 seats),2,32,Male
Collision,2018-01-26 11:24,40,0,0,0,0,Two ways,dry,Jordan,class 3,asphalt,day,clear,flat straight,Neglecting traffic safety precautions,Irbid,Passengers vehicle (up to 9 seats),2,118,Unkown
Collision,2018-01-26 22:10,50,0,0,0,0,Two ways with median island,wet,Jordan,class 3,asphalt,night with enough light,rain,flat straight,Tailgating,Amman,Passengers vehicle (up to 9 seats),2,118,Unkown
Collision,2018-01-26 22:10,50,0,0,0,0,Two ways with median island,wet,Jordan,class 3,asphalt,night with enough light,rain,flat straight,Violation of traffic rules,Amman,Passengers vehicle (up to 9 seats),2,26,Male
Collision,2018-01-26 11:43,40,0,0,0,0,Two ways with median island,dry,Jordan,class5,asphalt,day,clear,flat straight,Violation of traffic rules,Amman,Passengers vehicle (up to 9 seats),2,44,Male