Accident Type,Date,Speed (Km),Simple Injuries,Severe Injuries,Death,Medium Injuries,Road Lanes,Road Surfuce Description,Vehicle Country,Driver Licensee Type,Road Type,Light,Weather,Road Proerties,Driver Mistake,City,Vehicle type,Number of Cars,Driver Age,Sex
Collision,2018-01-26 21:34,40,0,0,0,0,Two ways,wet,Jordan,class 3,asphalt,night with enough light,rain,flat straight,Violation of traffic rules,Balqa,Passengers vehicle (up to 9 seats),3,44,Male
Collision,2018-01-26 21:34,40,0,0,0,0,Two ways,wet,Jordan,class 3,asphalt,night with enough light,rain,flat straight,Violation of traffic rules,Balqa,Passengers vehicle (up to 9 seats),3,37,Female
Collision,2018-01-26 21:43,60,0,0,0,0,Two ways with median island,wet,Jordan,class 3 auto,asphalt,night with enough light,rain,flat straight,Neglecting traffic safety precautions,Zarqa,Passengers vehicle (up to 9 seats),2,31,Female
Collision,2018-01-26 21:43,60,0,0,0,0,Two ways with median island,wet,Jordan,class 3,asphalt,night with enough light,rain,flat straight,Neglecting traffic safety precautions,Zarqa,Passengers vehicle (up to 9 seats),2,27,Male
Collision,2018-01-26 21:51,20,0,0,0,0,Public Parks,dry,Jordan,class5,asphalt,night with enough light,clear,flat straight,Violation of traffic rules,Aqaba,Passengers vehicle (up to 9 seats),2,27,Male
Collision,2018-01-26 21:51,20,0,0,0,0,Public Parks,dry,Jordan,class 3,asphalt,night with enough light,clear,flat straight,Neglecting traffic safety precautions,Aqaba,Passengers vehicle (up to 9 seats),2,40,Male
Collision,2018-01-26 21:51,60,0,0,0,0,Two ways with median island,wet,Jordan,class4,asphalt,night with enough light,rain,flat straight,Tailgating,Amman,Passengers vehicle (up to 9 seats),2,31,Male
Collision,2018-01-26 21:51,60,0,0,0,0,Two ways with median island,wet,Jordan,class 6a,asphalt,night with enough light,rain,flat straight,Violation of traffic rules,Amman,Passengers vehicle (up to 9 seats),2,33,Male
Collision,2018-01-26 21:52,40,0,0,0,0,Two ways with median island,dry,Jordan,class 3,asphalt,night with enough light,clear,flat straight,Improper lane changes,Aqaba,Passengers vehicle (up to 9 seats),2,48,Male
Collision,2018-01-26 21:52,40,0,0,0,0,Two ways with median island,dry,Jordan,class4,asphalt,night with enough light,clear,flat straight,Violation of traffic rules,Aqaba,Passengers vehicle (up to 9 seats),2,0,Unkown
Collision,2018-01-26 21:52,20,0,0,0,0,Two ways,wet,Jordan,class 3,asphalt,night with enough light,rain,flat straight,Violation of traffic rules,Amman,Passengers vehicle (up to 9 seats),2,54,Male
Collision,2018-01-26 21:52,20,0,0,0,0,Two ways,wet,Jordan,class 3 auto,asphalt,night with enough light,rain,flat straight,Violation of traffic rules,Amman,Passengers vehicle (up to 9 seats),2,0,Male
Collision,2018-01-26 21:57,40,0,0,0,0,Two ways,wet,Jordan,class 3,asphalt,night with enough light,rain,flat straight,Improper lane changes,Amman,Passengers vehicle (up to 9 seats),1,28,Male
Collision,2018-01-26 21:55,50,0,0,0,0,Two ways,wet,Jordan,class 3,asphalt,night with enough light,rain,flat straight,Violation of traffic rules,Amman,Passengers vehicle (up to 9 seats),2,28,Male
Collision,2018-01-26 21:55,50,0,0,0,0,Two ways,wet,Jordan,class 3,asphalt,night with enough light,rain,flat straight,Unsafe turnaround,Amman,Passengers vehicle (up to 9 seats),2,23,Male
Collision,2018-01-26 21:57,60,0,0,0,0,Two ways with median island,wet,Jordan,class 3,asphalt,night with enough light,rain,flat straight,Violation of traffic rules,Balqa,Passengers vehicle (up to 9 seats),2,52,Male
Collision,2018-01-26 21:57,60,0,0,0,0,Two ways with median island,wet,Jordan,class 3,asphalt,night with enough light,rain,flat straight,Tailgating,Balqa,Passenger and cargo vehicle,2,55,Male
Collision,2018-01-26 22:04,50,0,0,0,0,Two ways,wet,Jordan,class4,asphalt,night without enough light,rain,flat straight,Violation of traffic rules,Amman,Passengers vehicle (up to 9 seats),2,24,Male
Collision,2018-01-26 22:04,50,0,0,0,0,Two ways,wet,Jordan,class 3 auto,asphalt,night without enough light,rain,flat straight,Violation of traffic rules,Amman,Passengers vehicle (up to 9 seats),2,0,Male
Collision,2018-01-27 17:50,50,0,0,0,0,Two ways,dry,Jordan,class 3,asphalt,day,clear,flat straight,Violation of traffic rules,Amman,Passengers vehicle (up to 9 seats),2,0,Unkown
Collision,2018-01-26 22:09,50,0,0,0,0,Two ways with median island,wet,Jordan,class4,asphalt,night with enough light,rain,flat straight,Violation of traffic rules,Amman,Passengers vehicle (up to 9 seats),2,36,Male
Collision,2018-01-26 22:09,50,0,0,0,0,Two ways with median island,wet,Jordan,class 3,asphalt,night with enough light,rain,flat straight,Tailgating,Amman,Passengers vehicle (up to 9 seats),2,0,Unkown
Collision,2018-01-26 22:37,80,0,0,0,0,Two ways,dry,Jordan,class4,asphalt,night with enough light,rain,flat straight,Loss of control,Jerash,Passengers vehicle (up to 9 seats),2,44,Male
Collision,2018-01-26 22:37,80,0,0,0,0,Two ways,dry,Jordan,class 3,asphalt,night with enough light,rain,flat straight,Violation of traffic rules,Jerash,Passengers vehicle (up to 9 seats),2,38,Male
Collision,2018-01-26 22:38,40,0,0,0,0,Two ways,wet,Jordan,class 3,asphalt,night with enough light,rain,flat straight,Violation of traffic rules,Amman,Passengers vehicle (up to 9 seats),2,30,Male
Collision,2018-01-26 22:38,40,0,0,0,0,Two ways,wet,Jordan,class 3,asphalt,night with enough light,rain,flat straight,Violation of traffic rules,Amman,Passengers vehicle (up to 9 seats),2,32,Male
Collision,2018-01-26 22:40,40,0,0,0,0,Two ways,wet,Jordan,class4,asphalt,night with enough light,rain,flat straight,Violation of traffic rules,Amman,Passengers vehicle (up to 9 seats),2,26,Male
Collision,2018-01-26 22:40,40,0,0,0,0,Two ways,wet,Jordan,class 3,asphalt,night with enough light,rain,flat straight,Tailgating,Amman,Passengers vehicle (up to 9 seats),2,26,Male
Run over,2018-01-26 22:44,50,1,0,0,0,Two ways with median island,dry,Jordan,class 3,asphalt,night with enough light,rain,flat straight,Neglecting traffic safety precautions,Amman,Passengers vehicle (up to 9 seats),1,60,Male
Collision,2018-01-26 22:46,50,0,0,0,0,Two ways,wet,Jordan,class 3 auto,asphalt,night with enough light,rain,flat straight,Tailgating,Amman,Passengers vehicle (up to 9 seats),2,26,Male
Collision,2018-01-26 22:46,50,0,0,0,0,Two ways,wet,Jordan,class4,asphalt,night with enough light,rain,flat straight,Violation of traffic rules,Amman,Passengers vehicle (up to 9 seats),2,56,Male
Collision,2018-01-26 22:47,50,0,0,0,0,Two ways with median island,wet,Jordan,class 3,asphalt,night with enough light,rain,flat straight,Tailgating,Balqa,Passengers vehicle (up to 9 seats),2,50,Male
Collision,2018-01-26 22:47,50,0,0,0,0,Two ways with median island,wet,Jordan,class 3,asphalt,night with enough light,rain,flat straight,Violation of traffic rules,Balqa,Passenger and cargo vehicle,2,32,Female
Collision,2018-01-26 23:01,30,0,0,0,0,Two ways,wet,Jordan,class 3,asphalt,night with enough light,clear,flat straight,Running a stop sign,Zarqa,Passengers vehicle (up to 9 seats),2,25,Male
Collision,2018-01-26 23:01,30,0,0,0,0,Two ways,wet,Jordan,class 3,asphalt,night with enough light,clear,flat straight,Violation of traffic rules,Zarqa,Passengers vehicle (up to 9 seats),2,32,Male
Collision,2018-01-26 23:04,50,0,0,0,0,Two ways with median island,wet,Jordan,class 3,asphalt,night with enough light,rain,flat straight,Improper reversing,Amman,Passengers vehicle (up to 9 seats),1,41,Male
Collision,2018-01-26 23:08,40,0,0,0,0,Two ways,wet,Jordan,class4,asphalt,night with enough light,rain,flat straight,Violation of traffic rules,Madaba,Passengers vehicle (up to 9 seats),2,21,Male
Collision,2018-01-26 23:08,40,0,0,0,0,Two ways,wet,Jordan,class 3,asphalt,night with enough light,rain,flat straight,Violation of traffic rules,Madaba,Passengers vehicle (up to 9 seats),2,32,Male
Collision,2018-01-26 23:11,50,0,0,0,0,Two ways with median island,wet,Jordan,class 3,asphalt,night with enough light,rain,flat straight,Violation of traffic rules,Irbid,Passengers vehicle (up to 9 seats),2,22,Male
Collision,2018-01-26 23:11,50,0,0,0,0,Two ways with median island,wet,Jordan,class4,asphalt,night with enough light,rain,flat straight,Violation of traffic rules,Irbid,Passengers vehicle (up to 9 seats),2,23,Male
Collision,2018-01-26 23:12,50,0,0,0,0,One way,wet,Jordan,class 3,asphalt,night without enough light,rain,flat straight,Violation of traffic rules,Amman,Passengers vehicle (up to 9 seats),2,45,Male
Collision,2018-01-26 23:12,50,0,0,0,0,One way,wet,Jordan,class 3 auto,asphalt,night without enough light,rain,flat straight,Improper lane changes,Amman,Passengers vehicle (up to 9 seats),2,22,Male
Collision,2018-01-26 23:14,40,0,0,0,0,Two ways with median island,dry,Jordan,class 3,asphalt,night without enough light,clear,Upright straight,Tailgating,Aqaba,Passengers vehicle (up to 9 seats),2,36,Male
Collision,2018-01-26 23:14,40,0,0,0,0,Two ways with median island,dry,Jordan,class 3,asphalt,night without enough light,clear,Upright straight,Violation of traffic rules,Aqaba,Passengers vehicle (up to 9 seats),2,47,Male
Collision,2018-01-26 23:22,80,0,0,0,0,Two ways,wet,Jordan,class 6ab,asphalt,night with enough light,clear,flat straight,Violation of traffic rules,Jerash,Passenger and cargo vehicle,2,54,Male
Collision,2018-01-26 23:22,80,0,0,0,0,Two ways,wet,Jordan,class 3,asphalt,night with enough light,clear,flat straight,Improper lane changes,Jerash,Passengers vehicle (up to 9 seats),2,22,Male
Collision,2018-01-26 23:28,50,0,0,0,0,Two ways with median island,wet,Jordan,class4,asphalt,night with enough light,rain,flat straight,Violation of traffic rules,Amman,Passengers vehicle (up to 9 seats),2,30,Male
Collision,2018-01-26 23:28,50,0,0,0,0,Two ways with median island,wet,Jordan,class 3,asphalt,night with enough light,rain,flat straight,Improper reversing,Amman,Passengers vehicle (up to 9 seats),2,50,Male
Collision,2018-01-26 23:29,50,0,0,0,0,Two ways with median island,wet,Jordan,class 3,asphalt,night with enough light,rain,flat straight,Tailgating,Amman,Passengers vehicle (up to 9 seats),2,0,Unkown
Collision,2018-01-26 23:29,50,0,0,0,0,Two ways with median island,wet,Jordan,class 3,asphalt,night with enough light,rain,flat straight,Violation of traffic rules,Amman,Passengers vehicle (up to 9 seats),2,25,Male
Collision,2018-01-26 23:42,40,0,0,0,0,Two ways,wet,Jordan,class 3,asphalt,night with enough light,rain,flat straight,Violation of traffic rules,Amman,Passengers vehicle (up to 9 seats),2,19,Male
Collision,2018-01-26 23:42,40,0,0,0,0,Two ways,wet,Jordan,class 3,asphalt,night with enough light,rain,flat straight,Violation of traffic rules,Amman,Truck,2,24,Male
Collision,2018-01-26 23:42,20,0,0,0,0,Two ways,dry,Jordan,class 3,asphalt,night with enough light,clear,flat straight,Neglecting traffic safety precautions,Zarqa,Passengers vehicle (up to 9 seats),1,26,Male
Collision,2018-01-26 23:49,50,1,0,0,0,One way,wet,Jordan,class 3,asphalt,night with enough light,rain,flat straight,Violation of traffic rules,Amman,Passengers vehicle (up to 9 seats),2,0,Unkown
Collision,2018-01-26 23:49,50,1,0,0,0,One way,wet,Jordan,class 3,asphalt,night with enough light,rain,flat straight,Improper lane changes,Amman,Passengers vehicle (up to 9 seats),2,20,Male
Collision,2018-01-26 23:48,60,0,0,0,0,Two ways with median island,wet,Jordan,class 3,asphalt,night with enough light,rain,flat straight,Improper lane changes,Amman,Passengers vehicle (up to 9 seats),1,26,Male
Collision,2018-01-26 23:50,50,0,0,0,0,Two ways with median island,wet,Jordan,class 3 auto,asphalt,night with enough light,rain,flat straight,Violation of traffic rules,Amman,Passengers vehicle (up to 9 seats),2,28,Male
Collision,2018-01-26 23:50,50,0,0,0,0,Two ways with median island,wet,Jordan,class 3,asphalt,night with enough light,rain,flat straight,Tailgating,Amman,Passengers vehicle (up to 9 seats),2,22,Male
Collision,2018-01-26 23:55,40,0,0,0,0,Two ways,wet,KSA,unkown driver,asphalt,night with enough light,fog,flat straight,Violation of traffic rules,Amman,Passengers vehicle (up to 9 seats),2,20,Unkown
Collision,2018-01-26 23:55,40,0,0,0,0,Two ways,wet,Jordan,class 3,asphalt,night with enough light,fog,flat straight,Violation of traffic rules,Amman,Passengers vehicle (up to 9 seats),2,40,Female
Collision,2018-01-26 23:56,70,3,0,0,0,Two ways with median island,wet,Jordan,class 3,asphalt,night with enough light,rain,flat straight,Violation of traffic rules,Irbid,Passengers vehicle (up to 9 seats),2,30,Male
Collision,2018-01-26 23:56,70,3,0,0,0,Two ways with median island,wet,Jordan,class 6b,asphalt,night with enough light,rain,flat straight,Tailgating,Irbid,Passengers vehicle (up to 9 seats),2,34,Male
Collision,2018-01-27 0:08,40,0,0,0,0,Two ways with median island,wet,Jordan,class4,asphalt,night with enough light,rain,flat straight,Tailgating,Amman,Passengers vehicle (up to 9 seats),3,0,Male
Collision,2018-01-27 0:08,40,0,0,0,0,Two ways with median island,wet,Jordan,class 3,asphalt,night with enough light,rain,flat straight,Violation of traffic rules,Amman,Passengers vehicle (up to 9 seats),3,20,Male
Collision,2018-01-27 0:08,40,0,0,0,0,Two ways with median island,wet,Jordan,class 3,asphalt,night with enough light,rain,flat straight,Violation of traffic rules,Amman,Passengers vehicle (up to 9 seats),3,40,Male
Run over,2018-01-27 0:09,60,1,0,0,0,Two ways with median island,wet,Jordan,class 3,asphalt,night with enough light,rain,flat straight,Neglecting traffic safety precautions,Amman,Passengers vehicle (up to 9 seats),1,28,Male
Collision,2018-01-27 0:18,60,0,1,0,0,Two ways with median island,wet,Jordan,class 3 auto,asphalt,night without enough light,rain,flat straight,Improper lane changes,Amman,Passengers vehicle (up to 9 seats),1,25,Male
Collision,2018-01-27 18:20,60,0,0,0,0,Two ways with median island,dry,Jordan,class 6b,asphalt,night with enough light,clear,flat straight,Tailgating,Zarqa,Passengers Van or small bus (10 to 30 seats),2,36,Male
Collision,2018-01-27 18:20,60,0,0,0,0,Two ways with median island,dry,Jordan,class4,asphalt,night with enough light,clear,flat straight,Violation of traffic rules,Zarqa,Passengers vehicle (up to 9 seats),2,44,Male
Collision,2018-01-27 18:25,60,0,0,0,0,Two ways with median island,dry,Jordan,class 3,asphalt,night with enough light,clear,flat straight,Violation of traffic rules,Amman,Passengers vehicle (up to 9 seats),2,23,Male
Collision,2018-01-27 18:25,60,0,0,0,0,Two ways with median island,dry,Jordan,class 3 auto,asphalt,night with enough light,clear,flat straight,Neglecting traffic safety precautions,Amman,Passengers vehicle (up to 9 seats),2,23,Male
Collision,2018-01-27 0:27,60,0,0,0,0,One way,wet,Jordan,class 3,asphalt,night without enough light,fog,flat straight,Improper lane changes,Amman,Passengers vehicle (up to 9 seats),1,0,Unkown
Collision,2018-01-27 0:39,60,0,0,0,0,Two ways,wet,Jordan,unkown driver,asphalt,night with enough light,rain,flat straight,Violation of traffic rules,Amman,Passengers vehicle (up to 9 seats),2,118,Unkown
Collision,2018-01-27 0:39,60,0,0,0,0,Two ways,wet,Jordan,class 3,asphalt,night with enough light,rain,flat straight,Violation of traffic rules,Amman,Passengers vehicle (up to 9 seats),2,31,Male
Collision,2018-01-27 0:46,50,0,0,0,0,Two ways,wet,Jordan,class4,asphalt,night with enough light,rain,flat straight,Improper reversing,Amman,Passengers vehicle (up to 9 seats),2,40,Male
Collision,2018-01-27 0:46,50,0,0,0,0,Two ways,wet,Jordan,class 3,asphalt,night with enough light,rain,flat straight,Violation of traffic rules,Amman,Passengers vehicle (up to 9 seats),2,0,Male
Collision,2018-01-27 0:55,20,0,0,0,0,Two ways,dry,Jordan,class 3,asphalt,night with enough light,clear,flat straight,Violation of traffic rules,Zarqa,Passengers vehicle (up to 9 seats),2,0,Unkown
Collision,2018-01-27 0:55,20,0,0,0,0,Two ways,dry,Jordan,class5,asphalt,night with enough light,clear,flat straight,Unsafe Parking,Zarqa,Passenger and cargo vehicle,2,59,Male
Collision,2018-01-27 1:05,40,0,0,0,0,Two ways with median island,dry,Jordan,class 3,asphalt,day,clear,flat straight,Neglecting traffic safety precautions,Amman,Passengers vehicle (up to 9 seats),2,118,Unkown
Collision,2018-01-27 1:05,40,0,0,0,0,Two ways with median island,dry,Jordan,class4,asphalt,day,clear,flat straight,Violation of traffic rules,Amman,Passengers vehicle (up to 9 seats),2,31,Male
Collision,2018-01-27 1:09,60,0,0,0,0,Two ways with median island,wet,Jordan,class 3,asphalt,night with enough light,rain,flat straight,Violation of traffic rules,Amman,Passengers vehicle (up to 9 seats),2,29,Male
Collision,2018-01-27 1:09,60,0,0,0,0,Two ways with median island,wet,Jordan,class 3,asphalt,night with enough light,rain,flat straight,Neglecting traffic safety precautions,Amman,Passengers vehicle (up to 9 seats),2,37,Male
Collision,2018-01-27 1:30,40,0,0,0,0,Two ways with median island,wet,Jordan,class5,asphalt,night with enough light,rain,flat straight,Violation of traffic rules,Amman,Vehicle for private use,2,39,Male
Collision,2018-01-27 1:30,40,0,0,0,0,Two ways with median island,wet,Jordan,class 3,asphalt,night with enough light,rain,flat straight,Improper reversing,Amman,Passengers vehicle (up to 9 seats),2,26,Male
Collision,2018-01-26 22:00,40,1,0,0,0,Two ways,wet,Jordan,class 3,asphalt,night with enough light,rain,flat straight,Violation of traffic rules,Amman,Truck,2,0,Unkown
Collision,2018-01-26 22:00,40,1,0,0,0,Two ways,wet,Jordan,class 3,asphalt,night with enough light,rain,flat straight,Improper reversing,Amman,Passengers vehicle (up to 9 seats),2,31,Male
Off-Road,2018-01-27 1:54,50,0,0,0,0,Two ways with median island,wet,Jordan,class 3,asphalt,night with enough light,fog,Upright curved,Sharp curved,Amman,Passengers vehicle (up to 9 seats),1,0,Unkown
Collision,2018-01-27 2:03,40,0,0,0,0,Two ways with median island,dry,Jordan,class4,asphalt,night with enough light,clear,flat straight,Violation of traffic rules,Aqaba,Passengers vehicle (up to 9 seats),2,43,Male
Collision,2018-01-27 2:03,40,0,0,0,0,Two ways with median island,dry,Jordan,class 3,asphalt,night with enough light,clear,flat straight,Neglecting traffic safety precautions,Aqaba,Passengers vehicle (up to 9 seats),2,18,Male
Collision,2018-01-27 2:21,40,0,0,0,0,Two ways,wet,Jordan,class 3,asphalt,night with enough light,rain,flat straight,Neglecting traffic safety precautions,Balqa,Passengers vehicle (up to 9 seats),1,26,Male
Collision,2018-01-27 2:26,60,0,0,0,0,Two ways with median island,wet,Jordan,class 3,asphalt,night with enough light,rain,flat straight,Violation of traffic rules,Amman,Passengers vehicle (up to 9 seats),8,0,Unkown
Collision,2018-01-27 2:26,60,0,0,0,0,Two ways with median island,wet,Jordan,class 3,asphalt,night with enough light,rain,flat straight,Improper lane changes,Amman,Passengers vehicle (up to 9 seats),8,26,Male
Collision,2018-01-27 2:32,40,0,0,0,0,Two ways,dry,Jordan,class4,concrrete,night with enough light,clear,flat straight,Violation of traffic rules,Zarqa,Passengers vehicle (up to 9 seats),2,29,Male
Collision,2018-01-27 2:32,40,0,0,0,0,Two ways,dry,Jordan,class5,concrrete,night with enough light,clear,flat straight,Violation of traffic rules,Zarqa,Passengers vehicle (up to 9 seats),2,34,Male
Collision,2018-01-27 3:52,40,0,0,0,0,Two ways with median island,wet,Jordan,class 3,asphalt,night with enough light,rain,flat straight,Violation of traffic rules,Amman,Passengers vehicle (up to 9 seats),2,33,Male
Collision,2018-01-27 3:52,40,0,0,0,0,Two ways with median island,wet,Jordan,class 3,asphalt,night with enough light,rain,flat straight,Improper reversing,Amman,Passengers vehicle (up to 9 seats),2,23,Male
Collision,2018-01-27 5:26,70,0,0,0,0,Two ways with median island,wet,Jordan,class 3 auto,asphalt,night with enough light,fog,flat straight,Neglecting traffic safety precautions,Amman,Passengers vehicle (up to 9 seats),1,25,Male
Collision,2018-01-27 6:56,40,0,0,0,0,Two ways,wet,Jordan,class 3,asphalt,day,rain,flat straight,Violation of traffic rules,Amman,Passengers vehicle (up to 9 seats),2,48,Male
Collision,2018-01-27 6:56,40,0,0,0,0,Two ways,wet,Jordan,class4,asphalt,day,rain,flat straight,Violation of traffic rules,Amman,Passengers vehicle (up to 9 seats),2,24,Male
Collision,2018-01-27 7:22,50,0,0,0,0,Two ways,dry,Jordan,class 3,asphalt,day,clear,flat straight,Tailgating,Amman,Truck,2,27,Male
Collision,2018-01-27 7:22,50,0,0,0,0,Two ways,dry,Jordan,class4,asphalt,day,clear,flat straight,Violation of traffic rules,Amman,Passengers vehicle (up to 9 seats),2,31,Male
Collision,2018-01-27 7:25,60,0,0,0,0,Two ways with median island,wet,Jordan,class 3,asphalt,day,clear,flat straight,Violation of traffic rules,Irbid,Passenger and cargo vehicle,2,48,Male
Collision,2018-01-27 7:25,60,0,0,0,0,Two ways with median island,wet,Kuwait,unkown driver,asphalt,day,clear,flat straight,Improper lane changes,Irbid,Passengers vehicle (up to 9 seats),2,24,Male
Collision,2018-01-27 7:38,50,0,0,0,0,Two ways with median island,wet,Jordan,class 3,asphalt,day,fog,flat straight,Neglecting traffic safety precautions,Amman,Passengers vehicle (up to 9 seats),2,20,Male
Collision,2018-01-27 7:38,50,0,0,0,0,Two ways with median island,wet,Jordan,class5,asphalt,day,fog,flat straight,Violation of traffic rules,Amman,Passengers Van or small bus (10 to 30 seats),2,40,Male
Run over,2018-01-27 8:33,40,1,0,0,0,Two ways,dry,Jordan,class 3,asphalt,day,clear,flat straight,Neglecting traffic safety precautions,Irbid,Passengers vehicle (up to 9 seats),1,50,Male
Collision,2018-01-27 8:34,50,0,0,0,0,Two ways,wet,Jordan,class 3,asphalt,day,clear,flat straight,Violation of traffic rules,Amman,Passengers vehicle (up to 9 seats),2,70,Male
Collision,2018-01-27 8:34,50,0,0,0,0,Two ways,wet,Jordan,class 3,asphalt,day,clear,flat straight,Violation of traffic rules,Amman,Passengers vehicle (up to 9 seats),2,33,Female
Collision,2018-01-27 8:34,60,0,0,0,0,Two ways,dry,Jordan,class4,asphalt,day,clear,flat straight,Improper lane changes,Irbid,Passengers vehicle (up to 9 seats),1,35,Male
Off-Road,2018-01-27 8:34,40,1,0,0,0,One way,wet,Jordan,class 3,Dirt,day,rain,straight ramp,Neglecting traffic safety precautions,Irbid,Truck,1,53,Male
Collision,2018-01-27 8:46,50,0,0,0,0,Two ways with median island,dry,Jordan,class 3,asphalt,day,clear,flat straight,Tailgating,Amman,Passenger and cargo vehicle,2,118,Male
Collision,2018-01-27 8:46,50,0,0,0,0,Two ways with median island,dry,Jordan,class4,asphalt,day,clear,flat straight,Violation of traffic rules,Amman,Passengers vehicle (up to 9 seats),2,40,Male
Collision,2018-01-27 8:51,50,0,0,0,0,Two ways with median island,wet,Jordan,class 3,asphalt,day,clear,flat straight,Violation of traffic rules,Amman,Passengers vehicle (up to 9 seats),2,49,Male
Collision,2018-01-27 8:51,50,0,0,0,0,Two ways with median island,wet,Jordan,class5,asphalt,day,clear,flat straight,Tailgating,Amman,Passengers Van or small bus (10 to 30 seats),2,25,Male
Collision,2018-01-27 8:54,60,0,0,0,0,Two ways with median island,dry,Jordan,class 3,asphalt,day,clear,flat straight,Tailgating,Amman,Passengers vehicle (up to 9 seats),2,29,Male
Collision,2018-01-27 8:54,60,0,0,0,0,Two ways with median island,dry,Jordan,class5,asphalt,day,clear,flat straight,Violation of traffic rules,Amman,Passenger and cargo vehicle,2,25,Male
Run over,2018-01-27 8:56,60,1,0,0,0,Two ways with median island,wet,Jordan,class 3,asphalt,night with enough light,rain,flat straight,Neglecting traffic safety precautions,Amman,Passengers vehicle (up to 9 seats),1,28,Male
Collision,2018-01-27 9:10,40,0,0,0,0,Two ways with median island,dry,Jordan,class4,asphalt,day,clear,flat straight,Violation of traffic rules,Amman,Passengers vehicle (up to 9 seats),2,34,Male
Collision,2018-01-27 9:10,40,0,0,0,0,Two ways with median island,dry,Jordan,class 3,asphalt,day,clear,flat straight,Tailgating,Amman,Passengers vehicle (up to 9 seats),2,24,Male
Collision,2018-01-27 9:08,60,0,0,0,0,Two ways with median island,dry,Jordan,class 3,asphalt,day,clear,flat straight,Violation of traffic rules,Amman,Passengers vehicle (up to 9 seats),2,32,Male
Collision,2018-01-27 9:08,60,0,0,0,0,Two ways with median island,dry,Jordan,class 3,asphalt,day,clear,flat straight,Neglecting traffic safety precautions,Amman,Passengers vehicle (up to 9 seats),2,62,Male
Collision,2018-01-27 9:13,60,0,1,0,0,Two ways with median island,wet,Jordan,class 3,asphalt,night with enough light,clear,Upright straight,Neglecting traffic safety precautions,Amman,Passenger and cargo vehicle,1,25,Male
Collision,2018-01-27 9:23,40,0,0,0,0,Parking lot,wet,Jordan,class 6ab,asphalt,day,clear,flat straight,Violation of traffic rules,Amman,Trailer private use,2,60,Male
Collision,2018-01-27 9:23,40,0,0,0,0,Parking lot,wet,Jordan,class 6b,asphalt,day,clear,flat straight,Neglecting traffic safety precautions,Amman,Vehicle for private use,2,31,Male
Collision,2018-01-27 9:26,40,0,0,0,0,Two ways with median island,dry,Jordan,class 3,asphalt,day,clear,flat straight,Violation of traffic rules,Amman,Passengers vehicle (up to 9 seats),2,57,Male
Collision,2018-01-27 9:26,40,0,0,0,0,Two ways with median island,dry,Jordan,class 3,asphalt,day,clear,flat straight,Tailgating,Amman,Passengers vehicle (up to 9 seats),2,29,Male
Collision,2018-01-27 9:28,40,0,0,0,0,One way,wet,Jordan,class5,asphalt,day,rain,flat straight,Violation of traffic rules,Mafraq,Passenger and cargo vehicle,2,47,Male
Collision,2018-01-27 9:28,40,0,0,0,0,One way,wet,Jordan,class 6ab,asphalt,day,rain,flat straight,Violation of traffic rules,Mafraq,Passenger and cargo vehicle,2,78,Male
Collision,2018-01-27 9:29,40,0,0,0,0,Parking lot,dry,Jordan,class 3,concrrete,day,clear,flat straight,Improper reversing,Amman,Passengers vehicle (up to 9 seats),1,21,Male
Run over,2018-01-26 17:36,60,1,0,0,0,Two ways with median island,dry,KSA,unkown driver,asphalt,night with enough light,clear,flat straight,Neglecting traffic safety precautions,Amman,Passengers vehicle (up to 9 seats),1,118,Male
Collision,2018-01-27 9:39,60,0,0,0,0,Two ways with median island,wet,Jordan,class 6a,asphalt,day,clear,flat straight,Violation of traffic rules,Mafraq,Passenger and cargo vehicle,2,45,Male
Collision,2018-01-27 9:39,60,0,0,0,0,Two ways with median island,wet,Jordan,class5,asphalt,day,clear,flat straight,Tailgating,Mafraq,Passenger and cargo vehicle,2,26,Male
Collision,2018-01-27 9:41,60,0,0,0,0,Two ways with median island,dry,Jordan,class5,asphalt,day,clear,flat straight,Neglecting traffic safety precautions,Irbid,Truck,2,45,Male
Collision,2018-01-27 9:41,60,0,0,0,0,Two ways with median island,dry,Jordan,class5,asphalt,day,clear,flat straight,Violation of traffic rules,Irbid,Passengers vehicle (up to 9 seats),2,35,Male
Collision,2018-01-27 9:45,60,0,0,0,0,Two ways with median island,dry,Jordan,class 3,asphalt,day,clear,Upright straight,Violation of traffic rules,Amman,Passengers vehicle (up to 9 seats),2,56,Male
Collision,2018-01-27 9:45,60,0,0,0,0,Two ways with median island,dry,Jordan,class5,asphalt,day,clear,Upright straight,Improper reversing,Amman,Truck,2,29,Male
Collision,2018-01-27 9:46,50,0,0,0,0,Two ways,dry,Jordan,class 3,asphalt,day,clear,flat straight,Violation of traffic rules,Amman,Passengers vehicle (up to 9 seats),2,30,Female
Collision,2018-01-27 9:46,50,0,0,0,0,Two ways,dry,Jordan,class 3,asphalt,day,clear,flat straight,Violation of traffic rules,Amman,Passengers vehicle (up to 9 seats),2,27,Female