Accident Type,Date,Speed (Km),Simple Injuries,Severe Injuries,Death,Medium Injuries,Road Lanes,Road Surfuce Description,Vehicle Country,Driver Licensee Type,Road Type,Light,Weather,Road Proerties,Driver Mistake,City,Vehicle type,Number of Cars,Driver Age,Sex
Collision,2018-06-24 12:25,40,0,0,0,0,Two ways with median island,dry,Jordan,class4,asphalt,day,clear,flat straight,Open door while driving or parking,Irbid,Passengers vehicle (up to 9 seats),2,51,Male
Collision,2018-06-24 13:30,40,0,0,0,0,Two ways,dry,Jordan,class 3,asphalt,night without enough light,clear,flat straight,Violation of traffic rules,Mafraq,Passenger and cargo vehicle,2,23,Male
Collision,2018-06-24 13:30,40,0,0,0,0,Two ways,dry,Jordan,class4,asphalt,night without enough light,clear,flat straight,Violation of traffic rules,Mafraq,Passengers vehicle (up to 9 seats),2,49,Male
Collision,2018-06-27 10:40,50,0,0,0,0,Two ways with median island,dry,Jordan,class 3,asphalt,day,clear,Upright straight,Violation of traffic rules,Amman,Passengers vehicle (up to 9 seats),2,24,Male
Collision,2018-06-27 10:40,50,0,0,0,0,Two ways with median island,dry,Jordan,class 3,asphalt,day,clear,Upright straight,Violation of traffic rules,Amman,Passengers vehicle (up to 9 seats),2,0,Female
Collision,2018-06-27 10:45,60,0,0,0,0,Two ways with median island,dry,Jordan,class 3 auto,asphalt,day,clear,flat straight,Violation of traffic rules,Balqa,Passengers vehicle (up to 9 seats),2,23,Unkown
Collision,2018-06-27 10:45,60,0,0,0,0,Two ways with median island,dry,Jordan,class 3,asphalt,day,clear,flat straight,Improper lane changes,Balqa,Passengers vehicle (up to 9 seats),2,53,Male
Collision,2018-06-25 14:00,60,0,0,0,0,Two ways with median island,dry,Jordan,class4,asphalt,day,clear,flat straight,Improper lane changes,Mafraq,Truck,1,62,Male
Collision,2018-06-25 9:30,60,0,0,0,0,Two ways,dry,Jordan,class 3,asphalt,day,clear,flat straight,Violation of traffic rules,Mafraq,Passenger and cargo vehicle,2,26,Unkown
Collision,2018-06-25 9:30,60,0,0,0,0,Two ways,dry,Jordan,class 3,asphalt,day,clear,flat straight,Improper lane changes,Mafraq,Passenger and cargo vehicle,2,49,Male
Collision,2018-06-27 18:17,40,0,1,0,0,Two ways with median island,dry,Jordan,class 3,asphalt,day,clear,Upright straight,Violation of traffic rules,Maan,Passengers vehicle (up to 9 seats),2,27,Male
Collision,2018-06-27 18:17,40,0,1,0,0,Two ways with median island,dry,Jordan,class 3,asphalt,day,clear,Upright straight,Sharp curved,Maan,Passenger and cargo vehicle,2,60,Male
Collision,2018-06-26 15:59,50,0,0,0,0,Two ways with median island,dry,KSA,unkown driver,asphalt,day,clear,flat straight,Violation of traffic rules,Amman,Passengers vehicle (up to 9 seats),2,118,Unkown
Collision,2018-06-26 15:59,50,0,0,0,0,Two ways with median island,dry,Jordan,class 3,asphalt,day,clear,flat straight,Improper lane changes,Amman,Passengers vehicle (up to 9 seats),2,34,Female
Collision,2018-06-26 4:12,60,0,0,0,0,Two ways with median island,dry,Jordan,class 3,asphalt,day,clear,flat straight,Violation of traffic rules,Amman,Passengers vehicle (up to 9 seats),2,34,Male
Collision,2018-06-26 4:12,60,0,0,0,0,Two ways with median island,dry,Jordan,class 3,asphalt,day,clear,flat straight,Tailgating,Amman,Passengers vehicle (up to 9 seats),2,0,Unkown
Collision,2018-06-27 13:11,50,0,0,0,0,Two ways with median island,dry,Jordan,class 3 auto,asphalt,day,clear,flat straight,Violation of traffic rules,Amman,Passengers vehicle (up to 9 seats),2,24,Unkown
Collision,2018-06-27 13:11,50,0,0,0,0,Two ways with median island,dry,Jordan,class 3,asphalt,day,clear,flat straight,Tailgating,Amman,Passengers vehicle (up to 9 seats),2,26,Male
Collision,2018-06-27 10:34,40,0,0,0,0,Two ways with median island,dry,Jordan,class4,asphalt,day,clear,Upright straight,Neglecting traffic safety precautions,Amman,Truck,2,46,Male
Collision,2018-06-27 10:34,40,0,0,0,0,Two ways with median island,dry,Jordan,class 3,asphalt,day,clear,Upright straight,Violation of traffic rules,Amman,Passengers vehicle (up to 9 seats),2,23,Male
Collision,2018-06-25 8:02,70,0,0,0,0,Two ways with median island,dry,Jordan,class 3,asphalt,day,clear,flat straight,Violation of traffic rules,Zarqa,Passengers vehicle (up to 9 seats),2,32,Male
Collision,2018-06-25 8:02,70,0,0,0,0,Two ways with median island,dry,Jordan,class 3,asphalt,day,clear,flat straight,Improper lane changes,Zarqa,Passengers vehicle (up to 9 seats),2,19,Male
Collision,2018-06-25 15:36,60,0,0,0,0,Two ways with median island,dry,Jordan,class4,asphalt,sunset,clear,flat straight,Neglecting traffic safety precautions,Aqaba,Passengers vehicle (up to 9 seats),2,25,Male
Collision,2018-06-25 15:36,60,0,0,0,0,Two ways with median island,dry,Jordan,class 3,asphalt,sunset,clear,flat straight,Violation of traffic rules,Aqaba,Passengers vehicle (up to 9 seats),2,43,Male
Collision,2018-06-26 11:11,50,0,0,0,0,Two ways with median island,dry,Jordan,class4,asphalt,day,clear,flat straight,Violation of traffic rules,Irbid,Truck,2,30,Male
Collision,2018-06-26 11:11,50,0,0,0,0,Two ways with median island,dry,Jordan,class 3,asphalt,day,clear,flat straight,Improper lane changes,Irbid,Truck,2,19,Unkown
Collision,2018-06-24 12:00,40,0,0,0,0,One way,dry,Jordan,class5,asphalt,day,clear,flat straight,Violation of traffic rules,Mafraq,Passengers vehicle (up to 9 seats),2,58,Male
Collision,2018-06-24 12:00,40,0,0,0,0,One way,dry,Jordan,class 3,asphalt,day,clear,flat straight,Violation of traffic rules,Mafraq,Passengers vehicle (up to 9 seats),2,28,Male
Collision,2018-06-26 12:12,50,0,0,0,0,Two ways,dry,Jordan,class4,asphalt,day,clear,flat straight,Violation of traffic rules,Amman,Passengers vehicle (up to 9 seats),2,38,Male
Collision,2018-06-26 12:12,50,0,0,0,0,Two ways,dry,Jordan,class5,asphalt,day,clear,flat straight,Improper reversing,Amman,Truck,2,26,Male
Collision,2018-06-26 6:20,50,0,0,0,0,Two ways with median island,dry,Jordan,class 3,asphalt,day,clear,flat straight,Violation of traffic rules,Amman,Passengers vehicle (up to 9 seats),2,0,Unkown
Collision,2018-06-26 6:20,50,0,0,0,0,Two ways with median island,dry,Jordan,class 6b,asphalt,day,clear,flat straight,Neglecting traffic safety precautions,Amman,Passenger and cargo vehicle,2,33,Male
Off-Road,2018-06-27 12:47,50,3,1,0,0,Two ways,sandy,Jordan,class 3,Dirt,day,clear,flat straight,Improper lane changes,Zarqa,Passenger and cargo vehicle,1,49,Male
Collision,2018-06-24 21:05,40,0,0,0,0,Two ways with median island,dry,KSA,unkown driver,asphalt,night with enough light,clear,flat straight,Improper lane changes,Jerash,Passengers vehicle (up to 9 seats),2,118,Male
Collision,2018-06-24 21:05,40,0,0,0,0,Two ways with median island,dry,Jordan,class 3,asphalt,night with enough light,clear,flat straight,Violation of traffic rules,Jerash,Passengers vehicle (up to 9 seats),2,46,Male
Collision,2018-06-25 1:30,60,0,0,0,0,Two ways,dry,Jordan,class4,asphalt,night with enough light,clear,flat straight,Violation of traffic rules,Amman,Passenger and cargo vehicle,2,50,Male
Collision,2018-06-25 1:30,60,0,0,0,0,Two ways,dry,Jordan,class 3,asphalt,night with enough light,clear,flat straight,Tailgating,Amman,Passengers vehicle (up to 9 seats),2,23,Male
Collision,2018-06-26 0:05,70,0,0,0,0,Two ways,dry,Jordan,class4,asphalt,night without enough light,clear,flat straight,Violation of traffic rules,Mafraq,Passenger and cargo vehicle,2,35,Male
Collision,2018-06-26 0:05,70,0,0,0,0,Two ways,dry,Jordan,class4,asphalt,night without enough light,clear,flat straight,Violation of traffic rules,Mafraq,Passengers vehicle (up to 9 seats),2,35,Male
Collision,2018-06-25 16:00,60,0,0,0,0,Two ways,dry,Jordan,class 3,asphalt,day,clear,flat straight,Violation of traffic rules,Mafraq,Passengers vehicle (up to 9 seats),2,48,Male
Collision,2018-06-25 16:00,60,0,0,0,0,Two ways,dry,Jordan,class 3,asphalt,day,clear,flat straight,Improper lane changes,Mafraq,Truck,2,64,Female
Collision,2018-06-25 12:30,60,0,0,0,0,Two ways,dry,Jordan,class 3,asphalt,day,clear,flat straight,Improper reversing,Mafraq,Passenger and cargo vehicle,1,30,Male
Collision,2018-06-25 12:15,60,0,0,0,0,Two ways,dry,Jordan,class 6ab,asphalt,day,clear,flat straight,Violation of traffic rules,Mafraq,Passenger and cargo vehicle,2,46,Male
Collision,2018-06-25 12:15,60,0,0,0,0,Two ways,dry,Jordan,class 3,asphalt,day,clear,flat straight,Neglecting traffic safety precautions,Mafraq,Truck,2,25,Male
Off-Road,2018-06-24 14:00,60,0,0,0,2,Two ways,dry,Jordan,class 3,asphalt,day,clear,flat straight,Improper lane changes,Mafraq,Passengers vehicle (up to 9 seats),1,118,Unkown
Collision,2018-06-24 17:00,40,0,0,0,0,Public Parks,dry,Jordan,class 3,Dirt,day,clear,flat straight,Violation of traffic rules,Mafraq,Truck,2,0,Unkown
Collision,2018-06-24 17:00,40,0,0,0,0,Public Parks,dry,Jordan,class 3,Dirt,day,clear,flat straight,Improper reversing,Mafraq,Construction\works vehicle,2,22,Male
Collision,2018-06-25 3:00,40,0,0,0,0,Two ways,dry,Jordan,class5,asphalt,day,clear,flat straight,Violation of traffic rules,Balqa,Passengers vehicle (up to 9 seats),2,41,Male
Collision,2018-06-25 3:00,40,0,0,0,0,Two ways,dry,Jordan,class 3,asphalt,day,clear,flat straight,Violation of traffic rules,Balqa,Passenger and cargo vehicle,2,23,Male
Collision,2018-06-24 11:35,70,0,0,0,0,Two ways with median island,dry,Jordan,class4,asphalt,day,clear,flat straight,Violation of traffic rules,Zarqa,Passenger and cargo vehicle,2,29,Male
Collision,2018-06-24 11:35,70,0,0,0,0,Two ways with median island,dry,Jordan,class 3,asphalt,day,clear,flat straight,Violating No Turnaround Sign,Zarqa,Passengers vehicle (up to 9 seats),2,27,Male
Collision,2018-06-25 7:14,40,0,0,0,0,Two ways,dry,Jordan,class 3,asphalt,day,clear,flat straight,Violation of traffic rules,Balqa,Truck,2,0,Unkown
Collision,2018-06-25 7:14,40,0,0,0,0,Two ways,dry,Jordan,class 3,asphalt,day,clear,flat straight,Neglecting traffic safety precautions,Balqa,Truck,2,0,Unkown
Off-Road,2018-06-25 2:31,40,1,0,0,0,Two ways,dry,Jordan,class 3 auto,asphalt,night with enough light,clear,flat straight,Sharp curved,Ajloun,Passengers vehicle (up to 9 seats),1,41,Male
Collision,2018-06-25 12:10,50,0,0,0,0,Two ways with median island,dry,Jordan,class 3,asphalt,day,clear,flat straight,Open door while driving or parking,Irbid,Truck,2,24,Male
Collision,2018-06-25 12:10,50,0,0,0,0,Two ways with median island,dry,Jordan,class 3,asphalt,day,clear,flat straight,Violation of traffic rules,Irbid,Passengers vehicle (up to 9 seats),2,52,Female
Collision,2018-06-24 13:20,40,0,0,0,0,Two ways with median island,dry,Jordan,class4,asphalt,day,clear,Upright straight,Neglecting traffic safety precautions,Irbid,Passengers vehicle (up to 9 seats),2,39,Male
Collision,2018-06-24 13:20,40,0,0,0,0,Two ways with median island,dry,Jordan,class5,asphalt,day,clear,Upright straight,Violation of traffic rules,Irbid,Passengers Van or small bus (10 to 30 seats),2,35,Male
Collision,2018-06-24 6:51,40,0,0,0,0,Two ways,dry,Jordan,class 3,asphalt,day,clear,flat straight,Violation of traffic rules,Amman,Passengers vehicle (up to 9 seats),2,28,Male
Collision,2018-06-24 6:51,40,0,0,0,0,Two ways,dry,Jordan,class 3,asphalt,day,clear,flat straight,Improper lane changes,Amman,Passengers vehicle (up to 9 seats),2,36,Male
Collision,2018-06-24 6:52,40,0,0,0,0,Two ways with median island,dry,Jordan,class4,asphalt,day,clear,flat straight,Neglecting traffic safety precautions,Amman,Passenger and cargo vehicle,2,58,Male
Collision,2018-06-24 6:52,40,0,0,0,0,Two ways with median island,dry,Jordan,class4,asphalt,day,clear,flat straight,Violation of traffic rules,Amman,Passengers vehicle (up to 9 seats),2,30,Male
Collision,2018-06-24 10:31,40,0,0,0,0,Two ways,dry,Jordan,class 3,asphalt,day,clear,flat straight,Violation of traffic rules,Zarqa,Passengers vehicle (up to 9 seats),2,46,Male
Collision,2018-06-24 10:31,40,0,0,0,0,Two ways,dry,Jordan,class 3 auto,asphalt,day,clear,flat straight,Neglecting traffic safety precautions,Zarqa,Passengers vehicle (up to 9 seats),2,49,Female
Collision,2018-06-24 9:35,70,0,0,0,0,Two ways with median island,dry,Jordan,class 3,asphalt,day,clear,flat straight,Violation of traffic rules,Amman,Passengers vehicle (up to 9 seats),3,21,Male
Collision,2018-06-24 9:35,70,0,0,0,0,Two ways with median island,dry,Jordan,class 3,asphalt,day,clear,flat straight,Tailgating,Amman,Passenger and cargo vehicle,3,19,Male
Collision,2018-06-24 9:35,70,0,0,0,0,Two ways with median island,dry,Jordan,class 3,asphalt,day,clear,flat straight,Tailgating,Amman,Passenger and cargo vehicle,3,53,Male
Collision,2018-06-27 8:20,40,0,0,0,0,Two ways,dry,Jordan,class 3,asphalt,day,clear,flat straight,Tailgating,Amman,Passengers vehicle (up to 9 seats),2,26,Male
Collision,2018-06-27 8:20,40,0,0,0,0,Two ways,dry,Jordan,class 3,asphalt,day,clear,flat straight,Violation of traffic rules,Amman,Passengers vehicle (up to 9 seats),2,50,Male
Collision,2018-06-24 13:42,40,0,0,0,0,One way,dry,Jordan,class4,asphalt,day,clear,flat straight,Violation of traffic rules,Irbid,Passengers vehicle (up to 9 seats),2,42,Male
Collision,2018-06-24 13:42,40,0,0,0,0,One way,dry,Jordan,class5,asphalt,day,clear,flat straight,Violation of traffic rules,Irbid,Passengers Van or small bus (10 to 30 seats),2,28,Male
Collision,2018-06-27 16:05,40,0,0,0,0,Two ways with median island,dry,Jordan,class 3,asphalt,day,clear,Upright straight,Violation of traffic rules,Amman,Truck,2,41,Male
Collision,2018-06-27 16:05,40,0,0,0,0,Two ways with median island,dry,Jordan,class 3 auto,asphalt,day,clear,Upright straight,Violation of traffic rules,Amman,Passengers vehicle (up to 9 seats),2,118,Female
Collision,2018-06-24 19:23,30,0,0,0,0,Two ways,dry,Jordan,class 3,asphalt,day,clear,flat straight,Violation of traffic rules,Zarqa,Truck,2,32,Male
Collision,2018-06-24 19:23,30,0,0,0,0,Two ways,dry,Jordan,class4,asphalt,day,clear,flat straight,Open door while driving or parking,Zarqa,Passengers vehicle (up to 9 seats),2,26,Male
Collision,2018-06-24 8:54,60,0,0,0,0,Two ways,dry,Jordan,class 3,asphalt,dark,clear,flat straight,Violation of traffic rules,Zarqa,Passengers vehicle (up to 9 seats),2,30,Male
Collision,2018-06-24 8:54,60,0,0,0,0,Two ways,dry,Jordan,class4,asphalt,dark,clear,flat straight,Violation of traffic rules,Zarqa,Passengers vehicle (up to 9 seats),2,49,Male
Collision,2018-06-24 15:00,50,0,0,0,0,Two ways with median island,dry,Jordan,class 3,asphalt,day,clear,flat straight,Violation of traffic rules,Irbid,Passengers vehicle (up to 9 seats),2,22,Male
Collision,2018-06-24 15:00,50,0,0,0,0,Two ways with median island,dry,Jordan,class 3,asphalt,day,clear,flat straight,Open door while driving or parking,Irbid,Passengers vehicle (up to 9 seats),2,38,Male
Collision,2018-06-25 11:00,40,0,0,0,0,Two ways,dry,Jordan,class 3,asphalt,day,clear,flat straight,Violation of traffic rules,Jerash,Passengers vehicle (up to 9 seats),2,29,Female
Collision,2018-06-25 11:00,40,0,0,0,0,Two ways,dry,Jordan,class 3,asphalt,day,clear,flat straight,Neglecting traffic safety precautions,Jerash,Truck,2,22,Male
Collision,2018-06-25 12:41,60,0,0,0,0,Two ways,dry,Jordan,class 3,asphalt,day,clear,flat straight,Tailgating,Amman,Passengers vehicle (up to 9 seats),2,49,Female
Collision,2018-06-25 12:41,60,0,0,0,0,Two ways,dry,Jordan,class 3,asphalt,day,clear,flat straight,Violation of traffic rules,Amman,Truck,2,39,Male
Collision,2018-06-24 0:20,20,0,0,0,0,Parking lot,dry,Jordan,class 6a,asphalt,night without enough light,clear,flat straight,Improper reversing,Aqaba,Bus (> 30 seats),2,30,Male
Collision,2018-06-24 0:20,20,0,0,0,0,Parking lot,dry,Jordan,class 3,asphalt,night without enough light,clear,flat straight,Violation of traffic rules,Aqaba,Passengers Van or small bus (10 to 30 seats),2,0,Unkown
Collision,2018-06-26 10:29,40,0,0,0,0,Two ways with median island,dry,Jordan,class 3,asphalt,day,clear,flat straight,Violation of traffic rules,Irbid,Passengers vehicle (up to 9 seats),3,58,Female
Collision,2018-06-26 10:29,40,0,0,0,0,Two ways with median island,dry,Jordan,class 3,asphalt,day,clear,flat straight,Tailgating,Irbid,Passengers vehicle (up to 9 seats),3,39,Male
Collision,2018-06-26 10:29,40,0,0,0,0,Two ways with median island,dry,Jordan,class 3,asphalt,day,clear,flat straight,Tailgating,Irbid,Passengers vehicle (up to 9 seats),3,28,Male
Collision,2018-06-25 1:10,40,0,0,0,0,Two ways with median island,dry,Jordan,class 3,asphalt,night with enough light,clear,flat straight,Tailgating,Amman,Passengers vehicle (up to 9 seats),2,0,Unkown
Collision,2018-06-25 1:10,40,0,0,0,0,Two ways with median island,dry,Jordan,class 3,asphalt,night with enough light,clear,flat straight,Violation of traffic rules,Amman,Passengers vehicle (up to 9 seats),2,52,Female
Collision,2018-06-26 11:33,60,0,0,0,0,Two ways with median island,dry,Jordan,class4,asphalt,day,clear,flat straight,Violation of traffic rules,Amman,Passenger and cargo vehicle,2,52,Male
Collision,2018-06-26 11:33,60,0,0,0,0,Two ways with median island,dry,Jordan,class 3,asphalt,day,clear,flat straight,Improper reversing,Amman,Passenger and cargo vehicle,2,30,Male
Collision,2018-06-26 2:40,60,0,0,0,0,Two ways with median island,dry,Jordan,class 6ab,asphalt,night with enough light,clear,flat straight,Violation of traffic rules,Irbid,Passengers vehicle (up to 9 seats),2,59,Male
Collision,2018-06-26 2:40,60,0,0,0,0,Two ways with median island,dry,Jordan,class 3,asphalt,night with enough light,clear,flat straight,Tailgating,Irbid,Passengers vehicle (up to 9 seats),2,23,Male
Collision,2018-06-26 14:10,40,0,0,0,0,Two ways with median island,dry,Jordan,class 3,asphalt,day,clear,flat straight,Violation of traffic rules,Ajloun,Passengers vehicle (up to 9 seats),2,24,Male
Collision,2018-06-26 14:10,40,0,0,0,0,Two ways with median island,dry,Jordan,class 3,asphalt,day,clear,flat straight,Violation of traffic rules,Ajloun,Passengers vehicle (up to 9 seats),2,20,Male
Collision,2018-06-24 19:04,80,0,0,0,0,Two ways with median island,dry,Jordan,class 3,asphalt,day,clear,flat straight,Improper lane changes,Jerash,Passengers vehicle (up to 9 seats),1,56,Male
Run over,2018-06-25 18:15,40,1,0,0,0,Two ways,dry,Jordan,class 3,asphalt,night with enough light,clear,flat straight,Neglecting traffic safety precautions,Amman,Passengers vehicle (up to 9 seats),1,26,Male
Collision,2018-06-26 0:50,70,0,0,0,0,Two ways with median island,dry,Jordan,class 3,asphalt,night without enough light,clear,flat straight,Violation of traffic rules,Amman,Passengers vehicle (up to 9 seats),2,0,Unkown
Collision,2018-06-26 0:50,70,0,0,0,0,Two ways with median island,dry,Jordan,class 3,asphalt,night without enough light,clear,flat straight,Improper lane changes,Amman,Passengers vehicle (up to 9 seats),2,20,Male
Collision,2018-06-25 8:12,60,0,0,0,0,Two ways with median island,dry,Jordan,clas2ab,asphalt,day,clear,flat straight,Improper reversing,Amman,Construction\works vehicle,2,53,Male
Collision,2018-06-25 8:12,60,0,0,0,0,Two ways with median island,dry,Jordan,class 3,asphalt,day,clear,flat straight,Violation of traffic rules,Amman,Passengers vehicle (up to 9 seats),2,24,Male
Collision,2018-06-25 8:50,40,0,0,0,0,Two ways with median island,dry,Jordan,class4,asphalt,day,clear,flat straight,Violation of traffic rules,Amman,Passengers vehicle (up to 9 seats),2,55,Male
Collision,2018-06-25 8:50,40,0,0,0,0,Two ways with median island,dry,Jordan,class 3,asphalt,day,clear,flat straight,Violation of traffic rules,Amman,Passengers vehicle (up to 9 seats),2,0,Unkown
Collision,2018-06-25 11:49,50,0,0,0,0,Two ways,dry,Jordan,class 3 auto,asphalt,day,clear,flat straight,Tailgating,Amman,Passengers vehicle (up to 9 seats),2,31,Female
Collision,2018-06-25 11:49,50,0,0,0,0,Two ways,dry,Jordan,class 3,asphalt,day,clear,flat straight,Violation of traffic rules,Amman,Passengers vehicle (up to 9 seats),2,21,Male
Collision,2018-06-25 7:30,40,0,0,0,0,Two ways,dry,Jordan,class4,asphalt,night with enough light,clear,flat straight,Violation of traffic rules,Amman,Passengers vehicle (up to 9 seats),2,33,Male
Collision,2018-06-25 7:30,40,0,0,0,0,Two ways,dry,Jordan,class 3,asphalt,night with enough light,clear,flat straight,Violation of traffic rules,Amman,Passengers vehicle (up to 9 seats),2,19,Male
Collision,2018-06-25 1:43,60,0,0,0,0,Two ways,dry,KSA,unkown driver,asphalt,day,clear,flat straight,Improper reversing,Amman,Truck with trailer,1,118,Unkown
Collision,2018-06-26 23:48,50,0,0,0,0,Two ways,dry,Jordan,class 3,asphalt,night without enough light,clear,Upright straight,Violation of traffic rules,al-karak,Passengers vehicle (up to 9 seats),2,40,Male
Collision,2018-06-26 23:48,50,0,0,0,0,Two ways,dry,Jordan,class 3,asphalt,night without enough light,clear,Upright straight,Violation of traffic rules,al-karak,Passengers vehicle (up to 9 seats),2,21,Unkown
Run over,2018-06-24 9:07,60,1,0,0,0,Two ways,dry,Jordan,class 3,asphalt,day,clear,flat straight,Neglecting traffic safety precautions,al-karak,Passenger and cargo vehicle,1,34,Male
Collision,2018-06-24 19:50,30,0,0,0,0,Public Parks,dry,Jordan,class 3 auto,asphalt,sunset,clear,flat straight,Neglecting traffic safety precautions,Amman,Passengers vehicle (up to 9 seats),1,39,Male
Collision,2018-06-24 17:07,80,0,0,0,0,Two ways with median island,dry,Jordan,class 3,asphalt,day,clear,flat straight,Violation of traffic rules,Jerash,Passengers vehicle (up to 9 seats),2,31,Male
Collision,2018-06-24 17:07,80,0,0,0,0,Two ways with median island,dry,Jordan,class 3,asphalt,day,clear,flat straight,Violation of traffic rules,Jerash,Passengers vehicle (up to 9 seats),2,30,Female
Collision,2018-06-24 0:41,40,0,0,0,1,Two ways,dry,Jordan,class 3,asphalt,night with enough light,clear,flat straight,Violation of traffic rules,Jerash,Passengers vehicle (up to 9 seats),2,26,Male
Collision,2018-06-24 0:41,40,0,0,0,1,Two ways,dry,Jordan,class 3,asphalt,night with enough light,clear,flat straight,Recless driving,Jerash,Passengers vehicle (up to 9 seats),2,21,Male
Collision,2018-06-27 11:30,60,0,0,0,0,Two ways,dry,Jordan,class 3,asphalt,day,clear,flat straight,Violation of traffic rules,Irbid,Passengers vehicle (up to 9 seats),2,44,Male
Collision,2018-06-27 11:30,60,0,0,0,0,Two ways,dry,Jordan,class 3,asphalt,day,clear,flat straight,Violation of traffic rules,Irbid,Passengers vehicle (up to 9 seats),2,22,Male
Collision,2018-06-24 12:57,60,0,0,0,0,Two ways with median island,dry,Jordan,class 3,asphalt,day,clear,flat straight,Violation of traffic rules,Amman,Passengers vehicle (up to 9 seats),3,22,Male
Collision,2018-06-24 12:57,60,0,0,0,0,Two ways with median island,dry,Jordan,class 3,asphalt,day,clear,flat straight,Violation of traffic rules,Amman,Passengers vehicle (up to 9 seats),3,43,Female
Collision,2018-06-24 12:57,60,0,0,0,0,Two ways with median island,dry,Jordan,class 3,asphalt,day,clear,flat straight,Tailgating,Amman,Passengers vehicle (up to 9 seats),3,36,Male
Collision,2018-06-24 7:46,30,0,0,0,0,Two ways,dry,Jordan,class 3,asphalt,day,clear,flat straight,Tailgating,Amman,Passengers vehicle (up to 9 seats),2,30,Male
Collision,2018-06-24 7:46,30,0,0,0,0,Two ways,dry,Jordan,class 3,asphalt,day,clear,flat straight,Violation of traffic rules,Amman,Passengers vehicle (up to 9 seats),2,47,Male
Collision,2018-06-24 17:48,40,0,0,0,0,Two ways with median island,dry,Jordan,class4,asphalt,night with enough light,clear,flat straight,Violation of traffic rules,Amman,Passengers vehicle (up to 9 seats),2,42,Male
Collision,2018-06-24 17:48,40,0,0,0,0,Two ways with median island,dry,Jordan,class 6ab,asphalt,night with enough light,clear,flat straight,Neglecting traffic safety precautions,Amman,Bus (> 30 seats),2,64,Male
Collision,2018-06-24 11:30,50,0,0,0,0,Two ways with median island,dry,Jordan,class4,asphalt,day,clear,flat straight,Neglecting traffic safety precautions,Amman,Truck,2,32,Male
Collision,2018-06-24 11:30,50,0,0,0,0,Two ways with median island,dry,Jordan,class 3,asphalt,day,clear,flat straight,Violation of traffic rules,Amman,Passengers vehicle (up to 9 seats),2,118,Male
Collision,2018-06-24 15:29,40,0,0,0,0,Two ways,dry,Jordan,class4,asphalt,day,clear,flat straight,Violation of traffic rules,Amman,Passengers vehicle (up to 9 seats),2,30,Male
Collision,2018-06-24 15:29,40,0,0,0,0,Two ways,dry,Jordan,class 6b,asphalt,day,clear,flat straight,Neglecting traffic safety precautions,Amman,Passengers vehicle (up to 9 seats),2,44,Male
Collision,2018-06-27 8:56,40,0,0,0,0,Two ways,dry,KSA,unkown driver,asphalt,day,clear,flat straight,Improper reversing,Amman,Passengers vehicle (up to 9 seats),2,118,Unkown
Collision,2018-06-27 8:56,40,0,0,0,0,Two ways,dry,Jordan,class 3 auto,asphalt,day,clear,flat straight,Violation of traffic rules,Amman,Passengers vehicle (up to 9 seats),2,35,Male
Collision,2018-06-24 8:56,40,0,0,0,0,Two ways with median island,dry,Jordan,class 3,asphalt,day,clear,flat straight,Violation of traffic rules,Amman,Passengers vehicle (up to 9 seats),2,0,Unkown
Collision,2018-06-24 8:56,40,0,0,0,0,Two ways with median island,dry,Jordan,class 3 auto,asphalt,day,clear,flat straight,Neglecting traffic safety precautions,Amman,Passengers vehicle (up to 9 seats),2,19,Male
Collision,2018-06-24 9:21,60,0,0,0,0,Two ways with median island,dry,Jordan,class 3,asphalt,day,clear,flat straight,Neglecting traffic safety precautions,Amman,Passengers vehicle (up to 9 seats),2,30,Male
Collision,2018-06-24 9:21,60,0,0,0,0,Two ways with median island,dry,Jordan,class5,asphalt,day,clear,flat straight,Violation of traffic rules,Amman,Passengers vehicle (up to 9 seats),2,48,Male
Collision,2018-06-24 0:03,50,0,0,0,0,Two ways,dry,Jordan,class 3,asphalt,night with enough light,clear,flat straight,Improper lane changes,Amman,Passengers vehicle (up to 9 seats),2,31,Male
Collision,2018-06-24 0:03,50,0,0,0,0,Two ways,dry,Jordan,class 3 auto,asphalt,night with enough light,clear,flat straight,Violation of traffic rules,Amman,Passengers vehicle (up to 9 seats),2,27,Female
Collision,2018-06-24 0:03,60,2,0,0,1,Two ways with median island,dry,Jordan,class 3,asphalt,night with enough light,clear,flat straight,Violation of traffic rules,Amman,Passenger and cargo vehicle,3,21,Male
Collision,2018-06-24 0:03,60,2,0,0,1,Two ways with median island,dry,Jordan,class4,asphalt,night with enough light,clear,flat straight,Improper lane changes,Amman,Passengers vehicle (up to 9 seats),3,22,Male
Collision,2018-06-24 0:03,60,2,0,0,1,Two ways with median island,dry,Jordan,class5,asphalt,night with enough light,clear,flat straight,Violation of traffic rules,Amman,Passengers vehicle (up to 9 seats),3,33,Male
Collision,2018-06-24 0:04,50,0,0,0,0,Two ways with median island,dry,Jordan,class 3,asphalt,night with enough light,clear,flat straight,Tailgating,Amman,Passengers vehicle (up to 9 seats),2,27,Male
Collision,2018-06-24 0:04,50,0,0,0,0,Two ways with median island,dry,Jordan,class 3,asphalt,night with enough light,clear,flat straight,Violation of traffic rules,Amman,Passengers vehicle (up to 9 seats),2,28,Male
Collision,2018-06-24 0:07,50,0,0,0,0,Two ways with median island,dry,Jordan,class 3,asphalt,night with enough light,clear,flat straight,Violation of traffic rules,Amman,Passengers vehicle (up to 9 seats),2,0,Male
Collision,2018-06-24 0:07,50,0,0,0,0,Two ways with median island,dry,Jordan,class 3,asphalt,night with enough light,clear,flat straight,Violation of traffic rules,Amman,Passengers vehicle (up to 9 seats),2,118,Male
Collision,2018-06-24 0:10,50,0,0,0,0,Two ways with median island,dry,Jordan,class4,asphalt,day,clear,flat straight,Violation of traffic rules,Amman,Passengers vehicle (up to 9 seats),2,47,Male