Accident Type,Date,Speed (Km),Simple Injuries,Severe Injuries,Death,Medium Injuries,Road Lanes,Road Surfuce Description,Vehicle Country,Driver Licensee Type,Road Type,Light,Weather,Road Proerties,Driver Mistake,City,Vehicle type,Number of Cars,Driver Age,Sex
Collision,2018-11-01 18:43,70,0,0,0,0,Two ways with median island,dry,Jordan,class 3,asphalt,night with enough light,clear,flat straight,Tailgating,Amman,Passenger and cargo vehicle,2,53,Male
Collision,2018-11-01 18:43,70,0,0,0,0,Two ways with median island,dry,Jordan,class 3,asphalt,night with enough light,clear,flat straight,Violation of traffic rules,Amman,Passengers vehicle (up to 9 seats),2,30,Male
Collision,2018-11-01 18:47,50,0,0,0,0,Two ways with median island,dry,Jordan,class 3,asphalt,night with enough light,clear,Upright straight,Violation of traffic rules,Amman,Passengers vehicle (up to 9 seats),2,57,Male
Collision,2018-11-01 18:47,50,0,0,0,0,Two ways with median island,dry,Jordan,class 3,asphalt,night with enough light,clear,Upright straight,Tailgating,Amman,Passenger and cargo vehicle,2,0,Unkown
Collision,2018-11-01 18:51,60,0,0,0,0,Two ways,dry,Jordan,class 3,asphalt,night without enough light,clear,flat straight,Running a stop sign,Irbid,Passengers vehicle (up to 9 seats),2,49,Male
Collision,2018-11-01 18:51,60,0,0,0,0,Two ways,dry,Jordan,class 3,asphalt,night without enough light,clear,flat straight,Violation of traffic rules,Irbid,Passengers vehicle (up to 9 seats),2,20,Male
Collision,2018-11-01 18:53,50,0,0,0,0,Two ways,dry,Jordan,class 3 auto,asphalt,night with enough light,clear,flat straight,Violation of traffic rules,Amman,Passengers vehicle (up to 9 seats),2,35,Female
Collision,2018-11-01 18:53,50,0,0,0,0,Two ways,dry,Jordan,class 3,asphalt,night with enough light,clear,flat straight,Tailgating,Amman,Passengers vehicle (up to 9 seats),2,23,Male
Run over,2018-11-01 18:55,40,1,0,0,0,Two ways,dry,Jordan,class 3,asphalt,night with enough light,clear,flat straight,Neglecting traffic safety precautions,Zarqa,Truck,1,30,Male
Collision,2018-11-01 18:59,60,0,0,0,0,Two ways with median island,dry,Jordan,class 3,asphalt,night with enough light,clear,flat straight,Violation of traffic rules,Zarqa,Passengers vehicle (up to 9 seats),2,50,Male
Collision,2018-11-01 18:59,60,0,0,0,0,Two ways with median island,dry,Jordan,class 3,asphalt,night with enough light,clear,flat straight,Violation of traffic rules,Zarqa,Passenger and cargo vehicle,2,0,Male
Collision,2018-11-01 19:00,50,0,0,0,0,One way,dry,Jordan,class 3,asphalt,night with enough light,clear,Upright straight,Tailgating,Amman,Passengers vehicle (up to 9 seats),4,0,Unkown
Collision,2018-11-01 19:00,50,0,0,0,0,One way,dry,Jordan,class 3,asphalt,night with enough light,clear,Upright straight,Violation of traffic rules,Amman,Passengers vehicle (up to 9 seats),4,49,Female
Collision,2018-11-01 19:00,50,0,0,0,0,One way,dry,Jordan,class 3,asphalt,night with enough light,clear,Upright straight,Violation of traffic rules,Amman,Passengers vehicle (up to 9 seats),4,32,Male
Collision,2018-11-01 19:00,50,0,0,0,0,One way,dry,Jordan,class 3,asphalt,night with enough light,clear,Upright straight,Tailgating,Amman,Passengers vehicle (up to 9 seats),4,118,Unkown
Collision,2018-11-01 19:00,30,0,0,0,0,Two ways,dry,Jordan,class4,asphalt,night with enough light,clear,flat straight,Improper lane changes,Amman,Passengers vehicle (up to 9 seats),2,26,Male
Collision,2018-11-01 19:00,30,0,0,0,0,Two ways,dry,Jordan,class 3,asphalt,night with enough light,clear,flat straight,Improper lane changes,Amman,Truck,2,30,Male
Collision,2018-11-01 19:00,50,0,0,0,0,Two ways,dry,Jordan,class 3,asphalt,night without enough light,clear,flat straight,Neglecting traffic safety precautions,Amman,Truck,2,0,Unkown
Collision,2018-11-01 19:00,50,0,0,0,0,Two ways,dry,Jordan,class 3,asphalt,night without enough light,clear,flat straight,Violation of traffic rules,Amman,Passengers vehicle (up to 9 seats),2,24,Male
Collision,2018-11-01 19:03,60,0,0,0,0,Two ways with median island,dry,Jordan,class 3 auto,asphalt,night with enough light,clear,flat straight,Violation of traffic rules,Irbid,Passengers vehicle (up to 9 seats),2,35,Female
Collision,2018-11-01 19:03,60,0,0,0,0,Two ways with median island,dry,Jordan,class 3,asphalt,night with enough light,clear,flat straight,Violation of traffic rules,Irbid,Passengers vehicle (up to 9 seats),2,36,Male
Collision,2018-11-01 19:04,100,0,0,0,0,Two ways with median island,dry,Jordan,class 3,asphalt,night with enough light,clear,Upright straight,Violation of traffic rules,Maan,Passengers vehicle (up to 9 seats),2,59,Male
Collision,2018-11-01 19:04,100,0,0,0,0,Two ways with median island,dry,Jordan,class 3,asphalt,night with enough light,clear,Upright straight,Tailgating,Maan,Passengers vehicle (up to 9 seats),2,36,Male
Collision,2018-11-01 19:04,60,0,0,0,0,Two ways with median island,dry,Jordan,class 3,asphalt,night without enough light,clear,flat straight,Improper reversing,Ajloun,Passengers vehicle (up to 9 seats),2,41,Male
Collision,2018-11-01 19:04,60,0,0,0,0,Two ways with median island,dry,Jordan,class 3,asphalt,night without enough light,clear,flat straight,Violation of traffic rules,Ajloun,Passengers vehicle (up to 9 seats),2,37,Male
Collision,2018-11-01 19:04,40,0,0,0,0,Two ways,dry,Jordan,class 3,asphalt,night without enough light,clear,straight ramp,Violation of traffic rules,Amman,Passengers vehicle (up to 9 seats),2,22,Male
Collision,2018-11-01 19:04,40,0,0,0,0,Two ways,dry,Jordan,class 3,asphalt,night without enough light,clear,straight ramp,Tailgating,Amman,Passengers vehicle (up to 9 seats),2,35,Male
Collision,2018-11-01 19:06,40,0,0,0,0,Two ways with median island,dry,Jordan,unkown driver,asphalt,day,clear,flat straight,Violation of traffic rules,Amman,Passengers vehicle (up to 9 seats),3,118,Unkown
Collision,2018-11-01 19:06,40,0,0,0,0,Two ways with median island,dry,Jordan,class 3,asphalt,day,clear,flat straight,Violation of traffic rules,Amman,Passengers vehicle (up to 9 seats),3,0,Unkown
Collision,2018-11-01 19:06,40,0,0,0,0,Two ways with median island,dry,Jordan,class 3,asphalt,day,clear,flat straight,Neglecting traffic safety precautions,Amman,Passengers vehicle (up to 9 seats),3,24,Male
Collision,2018-11-01 17:20,40,3,0,0,0,Two ways,dry,Jordan,class4,asphalt,night without enough light,clear,flat straight,Violation of traffic rules,Amman,Passengers vehicle (up to 9 seats),2,24,Male
Collision,2018-11-01 17:20,40,3,0,0,0,Two ways,dry,KSA,class 3,asphalt,night without enough light,clear,flat straight,Improper lane changes,Amman,Passengers vehicle (up to 9 seats),2,20,Male
Collision,2018-11-01 19:10,40,0,0,0,0,Two ways,dry,Jordan,class5,asphalt,night with enough light,clear,flat straight,Improper lane changes,Zarqa,Passenger and cargo vehicle,2,60,Male
Collision,2018-11-01 19:10,40,0,0,0,0,Two ways,dry,Jordan,class 3,asphalt,night with enough light,clear,flat straight,Violation of traffic rules,Zarqa,Passengers vehicle (up to 9 seats),2,51,Male
Collision,2018-11-01 16:00,90,0,0,0,0,Two ways,dry,KSA,unkown driver,asphalt,sunset,clear,flat straight,Neglecting traffic safety precautions,Zarqa,Bus (> 30 seats),1,118,Unkown
Collision,2018-11-01 19:21,60,0,0,0,0,Two ways with median island,dry,Jordan,class4,asphalt,night with enough light,clear,flat straight,Tailgating,Irbid,Truck,2,41,Male
Collision,2018-11-01 19:21,60,0,0,0,0,Two ways with median island,dry,Jordan,class4,asphalt,night with enough light,clear,flat straight,Violation of traffic rules,Irbid,Passengers vehicle (up to 9 seats),2,23,Male
Collision,2018-11-01 19:23,60,0,0,0,0,Two ways with median island,dry,Jordan,class 3,asphalt,night with enough light,clear,flat straight,Violation of traffic rules,Amman,Passengers vehicle (up to 9 seats),2,0,Unkown
Collision,2018-11-01 19:23,60,0,0,0,0,Two ways with median island,dry,Jordan,class 3,asphalt,night with enough light,clear,flat straight,Improper reversing,Amman,Passengers vehicle (up to 9 seats),2,21,Male
Collision,2018-11-01 19:26,60,0,0,0,0,Two ways with median island,dry,Jordan,class4,asphalt,day,clear,flat straight,Neglecting traffic safety precautions,Amman,Truck,2,28,Male
Collision,2018-11-01 19:26,60,0,0,0,0,Two ways with median island,dry,Jordan,class 3,asphalt,day,clear,flat straight,Violation of traffic rules,Amman,Passengers vehicle (up to 9 seats),2,34,Female
Collision,2018-11-01 19:26,60,0,0,0,0,Two ways with median island,dry,Jordan,class 3,asphalt,day,clear,flat straight,Violation of traffic rules,Amman,Passengers vehicle (up to 9 seats),2,0,Unkown
Collision,2018-11-01 19:26,60,0,0,0,0,Two ways with median island,dry,Jordan,class 3,asphalt,day,clear,flat straight,Tailgating,Amman,Passengers vehicle (up to 9 seats),2,43,Male
Collision,2018-11-01 19:29,40,0,0,0,0,Two ways with median island,dry,Jordan,class4,asphalt,night with enough light,clear,flat straight,Improper lane changes,Amman,Passengers vehicle (up to 9 seats),2,28,Male
Collision,2018-11-01 19:29,40,0,0,0,0,Two ways with median island,dry,Jordan,class 3,asphalt,night with enough light,clear,flat straight,Violation of traffic rules,Amman,Passengers vehicle (up to 9 seats),2,54,Male
Collision,2018-11-01 19:03,100,3,3,1,0,Two ways with median island,oily,KSA,class4,asphalt,night without enough light,clear,Upright straight,Loss of control,Maan,Passengers vehicle (up to 9 seats),2,34,Male
Collision,2018-11-01 19:03,100,3,3,1,0,Two ways with median island,oily,Jordan,class 3,asphalt,night without enough light,clear,Upright straight,Violation of traffic rules,Maan,Passengers vehicle (up to 9 seats),2,26,Male
Collision,2018-11-01 19:38,50,0,0,0,0,Two ways with median island,dry,Jordan,class 3,asphalt,night with enough light,clear,flat straight,Violation of traffic rules,Amman,Passengers vehicle (up to 9 seats),2,66,Male
Collision,2018-11-01 19:38,50,0,0,0,0,Two ways with median island,dry,Jordan,class 3,asphalt,night with enough light,clear,flat straight,Improper lane changes,Amman,Passengers vehicle (up to 9 seats),2,30,Male
Collision,2018-11-01 18:10,60,2,0,0,0,Two ways,dry,Jordan,class 3,asphalt,night without enough light,clear,flat straight,Tailgating,Amman,Passengers vehicle (up to 9 seats),2,35,Male
Collision,2018-11-01 18:10,60,2,0,0,0,Two ways,dry,Jordan,class 3,asphalt,night without enough light,clear,flat straight,Violation of traffic rules,Amman,Passenger and cargo vehicle,2,43,Male
Collision,2018-11-01 19:41,60,0,0,0,0,Two ways with median island,dry,Jordan,class4,asphalt,day,clear,flat straight,Violation of traffic rules,Amman,Passengers vehicle (up to 9 seats),3,30,Male
Collision,2018-11-01 19:41,60,0,0,0,0,Two ways with median island,dry,Jordan,class 3,asphalt,day,clear,flat straight,Violation of traffic rules,Amman,Passenger and cargo vehicle,3,32,Male
Collision,2018-11-01 19:41,60,0,0,0,0,Two ways with median island,dry,Jordan,class 3,asphalt,day,clear,flat straight,Improper lane changes,Amman,Passengers vehicle (up to 9 seats),3,118,Unkown
Collision,2018-11-01 19:48,40,0,0,0,0,Two ways,dry,Jordan,class 3,asphalt,night with enough light,clear,flat straight,Violation of traffic rules,Amman,Passengers vehicle (up to 9 seats),2,45,Male
Collision,2018-11-01 19:48,40,0,0,0,0,Two ways,dry,Jordan,class 3,asphalt,night with enough light,clear,flat straight,Improper reversing,Amman,Passengers vehicle (up to 9 seats),2,37,Male
Collision,2018-12-01 14:50,60,0,0,0,0,Two ways with median island,dry,Jordan,class4,asphalt,night with enough light,clear,flat straight,Violation of traffic rules,Irbid,Passengers vehicle (up to 9 seats),2,29,Male
Collision,2018-12-01 14:50,60,0,0,0,0,Two ways with median island,dry,Jordan,class 3,asphalt,night with enough light,clear,flat straight,Tailgating,Irbid,Passengers vehicle (up to 9 seats),2,21,Male
Collision,2018-11-01 19:54,60,0,0,0,0,Two ways,dry,Jordan,class 3,asphalt,night without enough light,clear,flat straight,Violation of traffic rules,Irbid,Passengers vehicle (up to 9 seats),1,38,Male
Collision,2018-11-01 19:57,50,0,0,0,0,Parking lot,dry,Jordan,class4,asphalt,night with enough light,clear,flat straight,Neglecting traffic safety precautions,Amman,Passengers vehicle (up to 9 seats),2,0,Unkown
Collision,2018-11-01 19:57,50,0,0,0,0,Parking lot,dry,Jordan,class 3,asphalt,night with enough light,clear,flat straight,Violation of traffic rules,Amman,Passengers vehicle (up to 9 seats),2,0,Unkown
Collision,2018-11-01 19:58,50,0,0,0,0,Two ways,dry,Jordan,class 3,asphalt,night with enough light,clear,flat straight,Violation of traffic rules,Amman,Passengers vehicle (up to 9 seats),2,25,Male
Collision,2018-11-01 19:58,50,0,0,0,0,Two ways,dry,Jordan,class 3,asphalt,night with enough light,clear,flat straight,Tailgating,Amman,Passengers vehicle (up to 9 seats),2,29,Male
Collision,2018-11-01 20:03,70,0,0,0,0,Two ways with median island,dry,Jordan,class4,asphalt,night with enough light,clear,flat straight,Violation of traffic rules,Amman,Passengers vehicle (up to 9 seats),2,32,Male
Collision,2018-11-01 20:03,70,0,0,0,0,Two ways with median island,dry,Jordan,class 3,asphalt,night with enough light,clear,flat straight,Improper lane changes,Amman,Passengers vehicle (up to 9 seats),2,39,Male
Collision,2018-11-01 20:05,40,0,0,0,0,Two ways with median island,dry,Jordan,class4,asphalt,night with enough light,clear,Upright straight,Violation of traffic rules,Zarqa,Passengers vehicle (up to 9 seats),2,50,Male
Collision,2018-11-01 20:05,40,0,0,0,0,Two ways with median island,dry,Jordan,class 3,asphalt,night with enough light,clear,Upright straight,Improper reversing,Zarqa,Passenger and cargo vehicle,2,49,Male
Collision,2018-11-01 20:07,50,0,0,0,0,Two ways with median island,dry,Jordan,class 3,asphalt,night with enough light,clear,flat straight,Violation of traffic rules,Amman,Passengers vehicle (up to 9 seats),2,0,Male
Collision,2018-11-01 20:07,50,0,0,0,0,Two ways with median island,dry,Jordan,class 3,asphalt,night with enough light,clear,flat straight,Violation of traffic rules,Amman,Passengers vehicle (up to 9 seats),2,25,Male
Collision,2018-11-01 20:07,50,0,0,0,0,Two ways,dry,Jordan,class4,asphalt,night with enough light,clear,flat straight,Tailgating,Madaba,Passenger and cargo vehicle,2,21,Male
Collision,2018-11-01 20:07,50,0,0,0,0,Two ways,dry,Jordan,class 6ab,asphalt,night with enough light,clear,flat straight,Violation of traffic rules,Madaba,Passengers vehicle (up to 9 seats),2,65,Male
Collision,2018-11-01 8:10,40,0,0,0,0,Two ways with median island,dry,Jordan,class4,asphalt,day,clear,flat straight,Violation of traffic rules,Amman,Passengers vehicle (up to 9 seats),2,49,Male
Collision,2018-11-01 8:10,40,0,0,0,0,Two ways with median island,dry,Jordan,class 3,asphalt,day,clear,flat straight,Open door while driving or parking,Amman,Passengers vehicle (up to 9 seats),2,47,Male
Collision,2018-11-01 20:15,60,0,0,0,0,Two ways with median island,dry,Jordan,class 3,asphalt,night with enough light,clear,flat straight,Improper lane changes,Irbid,Passengers vehicle (up to 9 seats),2,48,Male
Collision,2018-11-01 20:15,60,0,0,0,0,Two ways with median island,dry,Jordan,class 3,asphalt,night with enough light,clear,flat straight,Violation of traffic rules,Irbid,Passengers vehicle (up to 9 seats),2,40,Male
Collision,2018-11-01 20:25,40,0,0,0,0,Two ways with median island,dry,Jordan,class 3 auto,asphalt,night with enough light,clear,flat straight,Improper lane changes,Amman,Passengers vehicle (up to 9 seats),2,28,Female
Collision,2018-11-01 20:25,40,0,0,0,0,Two ways with median island,dry,Jordan,class 3,asphalt,night with enough light,clear,flat straight,Violation of traffic rules,Amman,Passengers vehicle (up to 9 seats),2,0,Unkown
Run over,2018-11-01 20:27,50,1,0,0,0,Two ways,dry,Jordan,class 3,asphalt,day,clear,flat straight,Neglecting traffic safety precautions,Amman,Passengers vehicle (up to 9 seats),1,36,Male
Collision,2018-11-01 20:26,40,0,0,0,0,Two ways with median island,dry,Jordan,class 3,asphalt,night with enough light,clear,flat straight,Tailgating,Amman,Passengers vehicle (up to 9 seats),2,32,Male
Collision,2018-11-01 20:26,40,0,0,0,0,Two ways with median island,dry,Jordan,class 3,asphalt,night with enough light,clear,flat straight,Violation of traffic rules,Amman,Passengers vehicle (up to 9 seats),2,39,Female
Collision,2018-11-01 20:31,70,0,0,0,0,Two ways,dry,Jordan,unkown driver,asphalt,night with enough light,clear,flat straight,Running a stop sign,Amman,Passengers vehicle (up to 9 seats),4,118,Unkown
Collision,2018-11-01 22:45,40,0,0,0,0,Two ways,dry,UAE,class 3,asphalt,night without enough light,clear,Upright straight,Violation of traffic rules,Madaba,Passengers vehicle (up to 9 seats),1,0,Unkown
Collision,2018-11-01 20:31,70,0,0,0,0,Two ways,dry,Jordan,class 3 auto,asphalt,night with enough light,clear,flat straight,"Speeding in school zone,innterssecctions and curved roads",Amman,Passengers vehicle (up to 9 seats),4,26,Male
Collision,2018-11-01 20:34,80,0,0,0,0,Two ways with median island,dry,Jordan,class 3,asphalt,night without enough light,clear,flat straight,Improper lane changes,Maan,Truck,2,48,Male
Collision,2018-11-01 20:34,80,0,0,0,0,Two ways with median island,dry,Jordan,class 3 auto,asphalt,night without enough light,clear,flat straight,Violation of traffic rules,Maan,Passengers vehicle (up to 9 seats),2,24,Female
Collision,2018-11-01 20:36,60,0,1,0,0,Two ways,dry,Jordan,class5,asphalt,night with enough light,clear,straight ramp,Neglecting traffic safety precautions,Mafraq,Passengers Van or small bus (10 to 30 seats),1,56,Male
Collision,2018-12-01 17:10,60,0,0,0,0,Two ways with median island,dry,Jordan,class 3,asphalt,night with enough light,clear,flat straight,Violation of traffic rules,Zarqa,Passengers vehicle (up to 9 seats),2,53,Male
Collision,2018-12-01 17:10,60,0,0,0,0,Two ways with median island,dry,Jordan,class4,asphalt,night with enough light,clear,flat straight,Improper lane changes,Zarqa,Passengers vehicle (up to 9 seats),2,34,Male
Collision,2018-11-01 20:45,40,0,0,0,0,Two ways,dry,Jordan,class 3,asphalt,night with enough light,clear,flat straight,Tailgating,Amman,Passengers vehicle (up to 9 seats),2,36,Male
Collision,2018-11-01 20:45,40,0,0,0,0,Two ways,dry,Jordan,class4,asphalt,night with enough light,clear,flat straight,Violation of traffic rules,Amman,Passengers vehicle (up to 9 seats),2,25,Male
Collision,2018-11-01 20:53,60,0,0,0,0,Two ways,dry,Jordan,class 3,asphalt,night with enough light,clear,flat straight,Violation of traffic rules,Irbid,Passengers vehicle (up to 9 seats),2,57,Male
Collision,2018-11-01 20:53,60,0,0,0,0,Two ways,dry,Jordan,class4,asphalt,night with enough light,clear,flat straight,Tailgating,Irbid,Passenger and cargo vehicle,2,37,Male
Collision,2018-11-01 20:59,60,0,0,0,0,Two ways with median island,dry,Jordan,class 6b,asphalt,night with enough light,clear,flat straight,Violation of traffic rules,Amman,Trailer private use,2,43,Male
Collision,2018-11-01 20:59,60,0,0,0,0,Two ways with median island,dry,Jordan,class4,asphalt,night with enough light,clear,flat straight,Violation of traffic rules,Amman,Passengers vehicle (up to 9 seats),2,26,Male
Run over,2018-11-01 20:59,60,1,0,0,0,Two ways,dry,Jordan,class 3,asphalt,day,clear,Upright straight,Neglecting traffic safety precautions,al-karak,Passenger and cargo vehicle,1,30,Male
Collision,2018-11-01 20:59,60,0,0,0,0,Two ways with median island,dry,Jordan,class 3,asphalt,night without enough light,clear,flat straight,Improper lane changes,Zarqa,Passengers vehicle (up to 9 seats),2,24,Male
Collision,2018-11-01 20:59,60,0,0,0,0,Two ways with median island,dry,Jordan,class 3,asphalt,night without enough light,clear,flat straight,Violation of traffic rules,Zarqa,Passengers vehicle (up to 9 seats),2,21,Male
Collision,2018-11-01 20:59,60,0,0,0,0,Two ways with median island,dry,Jordan,class 3,asphalt,night with enough light,clear,flat straight,Violation of traffic rules,Amman,Passengers vehicle (up to 9 seats),2,50,Male
Collision,2018-11-01 20:59,60,0,0,0,0,Two ways with median island,dry,Jordan,class 3,asphalt,night with enough light,clear,flat straight,Violation of traffic rules,Amman,Passengers vehicle (up to 9 seats),2,23,Male
Collision,2018-11-01 21:02,50,0,0,0,0,Two ways with median island,dry,Jordan,class 3,asphalt,day,clear,flat straight,Disregarding traffic signs,Amman,Passengers vehicle (up to 9 seats),2,118,Unkown
Collision,2018-11-01 21:02,50,0,0,0,0,Two ways with median island,dry,Jordan,class 3,asphalt,day,clear,flat straight,Violation of traffic rules,Amman,Passengers vehicle (up to 9 seats),2,44,Male
Collision,2018-11-01 21:05,50,0,0,0,0,Two ways,dry,Jordan,class 3,asphalt,night without enough light,clear,flat straight,Violation of traffic rules,Balqa,Passengers vehicle (up to 9 seats),2,18,Male
Collision,2018-11-01 21:05,50,0,0,0,0,Two ways,dry,Jordan,class 3,asphalt,night without enough light,clear,flat straight,Violation of traffic rules,Balqa,Passengers vehicle (up to 9 seats),2,34,Male
Collision,2018-11-01 21:06,50,0,0,0,0,Two ways,dry,Jordan,class 6b,asphalt,day,clear,flat straight,Improper lane changes,Amman,Passengers vehicle (up to 9 seats),2,29,Male
Collision,2018-11-01 21:06,50,0,0,0,0,Two ways,dry,Jordan,class 3,asphalt,day,clear,flat straight,Violation of traffic rules,Amman,Passengers vehicle (up to 9 seats),2,0,Unkown
Collision,2018-09-25 7:52,70,0,0,0,0,Two ways with median island,dry,Jordan,class 3,asphalt,night with enough light,clear,flat straight,Violation of traffic rules,Amman,Passengers vehicle (up to 9 seats),2,0,Unkown
Collision,2018-11-01 21:11,40,0,0,0,0,Two ways with median island,dry,Jordan,class 3,asphalt,day,clear,flat straight,Improper reversing,Amman,Truck,2,23,Male
Collision,2018-11-01 21:12,40,0,0,0,0,Two ways,dry,Jordan,class4,asphalt,night with enough light,clear,flat straight,Violation of traffic rules,Amman,Passengers vehicle (up to 9 seats),2,37,Male
Collision,2018-11-01 21:12,40,0,0,0,0,Two ways,dry,Jordan,class 3,asphalt,night with enough light,clear,flat straight,Tailgating,Amman,Passengers vehicle (up to 9 seats),2,20,Male
Collision,2018-11-01 21:18,50,0,0,0,0,Two ways with median island,dry,Jordan,class 3,asphalt,night with enough light,clear,flat straight,Violation of traffic rules,Amman,Passengers vehicle (up to 9 seats),2,25,Male
Collision,2018-11-01 21:18,50,0,0,0,0,Two ways with median island,dry,Jordan,class 3,asphalt,night with enough light,clear,flat straight,Violation of traffic rules,Amman,Passengers vehicle (up to 9 seats),2,28,Male
Collision,2018-11-01 21:24,80,0,0,0,0,Two ways with median island,dry,Jordan,class 3,asphalt,night with enough light,clear,flat straight,Violation of traffic rules,Irbid,Passengers vehicle (up to 9 seats),4,30,Male
Collision,2018-11-01 21:24,80,0,0,0,0,Two ways with median island,dry,Jordan,class 3,asphalt,night with enough light,clear,flat straight,Violation of traffic rules,Irbid,Passengers vehicle (up to 9 seats),4,118,Unkown
Collision,2018-11-01 21:24,80,0,0,0,0,Two ways with median island,dry,Jordan,class 3,asphalt,night with enough light,clear,flat straight,Violation of traffic rules,Irbid,Passengers vehicle (up to 9 seats),4,0,Unkown
Collision,2018-11-01 21:24,80,0,0,0,0,Two ways with median island,dry,Jordan,class 6b,asphalt,night with enough light,clear,flat straight,Tailgating,Irbid,Passenger and cargo vehicle,4,32,Male
Collision,2018-11-01 7:24,100,2,1,0,0,Two ways with median island,dry,Jordan,class 1,asphalt,night without enough light,clear,flat straight,Improper lane changes,Amman,Motorcycle,2,21,Male
Collision,2018-11-01 7:24,100,2,1,0,0,Two ways with median island,dry,Jordan,class 3,asphalt,night without enough light,clear,flat straight,Violation of traffic rules,Amman,Passengers vehicle (up to 9 seats),2,34,Male
Collision,2018-11-01 21:27,40,0,0,0,0,Two ways,dry,Jordan,class 3,asphalt,night with enough light,clear,flat straight,Violation of traffic rules,Amman,Passengers vehicle (up to 9 seats),2,29,Male
Collision,2018-11-01 21:27,40,0,0,0,0,Two ways,dry,Jordan,class 3,asphalt,night with enough light,clear,flat straight,Improper reversing,Amman,Passengers vehicle (up to 9 seats),2,28,Male
Collision,2018-11-01 21:29,40,0,0,0,0,Two ways,dry,Jordan,class 3,asphalt,night with enough light,clear,flat straight,Violation of traffic rules,Amman,Passengers vehicle (up to 9 seats),2,0,Unkown
Collision,2018-11-01 21:29,40,0,0,0,0,Two ways,dry,Jordan,class 3,asphalt,night with enough light,clear,flat straight,Improper lane changes,Amman,Passengers vehicle (up to 9 seats),2,118,Male
Collision,2018-11-01 21:29,60,0,0,0,0,Two ways with median island,dry,Jordan,class5,asphalt,night with enough light,clear,Upright straight,Violation of traffic rules,Amman,Passengers Van or small bus (10 to 30 seats),2,33,Male
Collision,2018-11-01 21:29,60,0,0,0,0,Two ways with median island,dry,Jordan,class 3,asphalt,night with enough light,clear,Upright straight,Tailgating,Amman,Passengers vehicle (up to 9 seats),2,20,Male
Collision,2018-11-01 21:31,50,3,0,0,0,Two ways,dry,Jordan,class 3,asphalt,night with enough light,clear,flat straight,Violation of traffic rules,Irbid,Passengers vehicle (up to 9 seats),2,24,Male
Collision,2018-11-01 21:31,50,3,0,0,0,Two ways,dry,Jordan,class 3,asphalt,night with enough light,clear,flat straight,Violation of traffic rules,Irbid,Passengers vehicle (up to 9 seats),2,36,Male
Collision,2018-11-01 21:35,50,0,0,0,0,Two ways,dry,Jordan,class 3,asphalt,night with enough light,clear,flat straight,Violation of traffic rules,Amman,Passengers vehicle (up to 9 seats),2,42,Male
Collision,2018-11-01 21:35,50,0,0,0,0,Two ways,dry,Jordan,class 3,asphalt,night with enough light,clear,flat straight,Violation of traffic rules,Amman,Passengers vehicle (up to 9 seats),2,38,Male
Collision,2018-12-01 12:22,40,0,0,0,0,Two ways with median island,dry,Jordan,class4,asphalt,day,clear,flat straight,Violation of traffic rules,Zarqa,Passengers vehicle (up to 9 seats),2,25,Male
Collision,2018-12-01 12:22,40,0,0,0,0,Two ways with median island,dry,Jordan,class 3,asphalt,day,clear,flat straight,Tailgating,Zarqa,Passengers vehicle (up to 9 seats),2,34,Male
Collision,2018-11-01 21:56,40,0,0,0,0,Two ways,dry,Jordan,class 3,asphalt,night with enough light,clear,flat straight,Improper reversing,Irbid,Passengers vehicle (up to 9 seats),2,22,Male
Collision,2018-11-01 21:56,40,0,0,0,0,Two ways,dry,Jordan,class 3,asphalt,night with enough light,clear,flat straight,Violation of traffic rules,Irbid,Passengers vehicle (up to 9 seats),2,57,Male
Collision,2018-11-01 21:58,40,0,0,0,0,Two ways,dry,Jordan,class 3,asphalt,night without enough light,clear,flat straight,Improper reversing,Zarqa,Truck,2,23,Male
Collision,2018-11-01 21:58,40,0,0,0,0,Two ways,dry,Jordan,class 3,asphalt,night without enough light,clear,flat straight,Violation of traffic rules,Zarqa,Passengers vehicle (up to 9 seats),2,30,Male
Collision,2018-11-01 22:00,50,0,0,0,0,Two ways with median island,dry,Jordan,class 3 auto,asphalt,night with enough light,clear,flat straight,Tailgating,Amman,Passengers vehicle (up to 9 seats),2,26,Male
Collision,2018-11-01 22:00,50,0,0,0,0,Two ways with median island,dry,Jordan,class 3,asphalt,night with enough light,clear,flat straight,Violation of traffic rules,Amman,Passengers vehicle (up to 9 seats),2,52,Male