Accident Type,Date,Speed (Km),Simple Injuries,Severe Injuries,Death,Medium Injuries,Road Lanes,Road Surfuce Description,Vehicle Country,Driver Licensee Type,Road Type,Light,Weather,Road Proerties,Driver Mistake,City,Vehicle type,Number of Cars,Driver Age,Sex
Collision,2018-01-13 20:46,50,0,0,0,0,Two ways with median island,dry,Jordan,class 3,asphalt,night with enough light,clear,flat straight,Tailgating,Amman,Passengers vehicle (up to 9 seats),2,46,Female
Collision,2018-01-13 20:47,40,0,0,0,0,Two ways with median island,dry,Jordan,class4,asphalt,night with enough light,clear,flat straight,Violation of traffic rules,Amman,Passengers vehicle (up to 9 seats),2,22,Male
Collision,2018-01-13 20:47,40,0,0,0,0,Two ways with median island,dry,Jordan,class 3,asphalt,night with enough light,clear,flat straight,Tailgating,Amman,Passengers vehicle (up to 9 seats),2,45,Male
Collision,2018-01-13 20:46,60,0,0,0,0,Two ways with median island,dry,Jordan,class 3,asphalt,night without enough light,clear,flat straight,Improper lane changes,Mafraq,Passengers vehicle (up to 9 seats),1,26,Male
Collision,2018-01-13 20:49,40,0,0,0,0,Two ways,dry,Jordan,class 3,Dirt,dark,clear,flat straight,Violation of traffic rules,Irbid,Passenger and cargo vehicle,2,28,Male
Collision,2018-01-13 20:49,40,0,0,0,0,Two ways,dry,Jordan,class 3,Dirt,dark,clear,flat straight,Improper reversing,Irbid,Passengers vehicle (up to 9 seats),2,50,Male
Collision,2018-01-13 20:54,40,0,0,0,0,Two ways,dry,Jordan,class 3 auto,asphalt,night with enough light,clear,flat straight,Violation of traffic rules,Amman,Passengers vehicle (up to 9 seats),2,0,Unkown
Collision,2018-01-13 20:54,40,0,0,0,0,Two ways,dry,Jordan,class 3,asphalt,night with enough light,clear,flat straight,Violation of traffic rules,Amman,Passengers vehicle (up to 9 seats),2,24,Male
Collision,2018-01-13 20:54,50,0,0,0,0,Two ways with median island,dry,Jordan,class 3,asphalt,night with enough light,clear,flat straight,Tailgating,Irbid,Passengers vehicle (up to 9 seats),2,24,Male
Collision,2018-01-13 20:54,50,0,0,0,0,Two ways with median island,dry,Jordan,class 3,asphalt,night with enough light,clear,flat straight,Violation of traffic rules,Irbid,Passengers vehicle (up to 9 seats),2,35,Male
Collision,2018-01-13 16:30,80,0,0,0,0,Two ways with median island,dry,Jordan,class4,asphalt,night with enough light,clear,flat straight,Violation of traffic rules,Irbid,Passengers vehicle (up to 9 seats),2,35,Male
Collision,2018-01-13 16:30,80,0,0,0,0,Two ways with median island,dry,Jordan,class 3,asphalt,night with enough light,clear,flat straight,Improper lane changes,Irbid,Passengers vehicle (up to 9 seats),2,21,Male
Collision,2018-01-13 20:56,40,0,0,0,0,Two ways with median island,dry,Jordan,class 3,asphalt,night with enough light,clear,flat straight,Improper reversing,Amman,Passengers vehicle (up to 9 seats),1,39,Male
Collision,2018-01-13 20:56,60,0,0,0,0,Two ways with median island,dry,Jordan,class 3,asphalt,night without enough light,clear,flat straight,Improper lane changes,Irbid,Passengers vehicle (up to 9 seats),2,0,Unkown
Collision,2018-01-13 20:56,60,0,0,0,0,Two ways with median island,dry,Jordan,class 3,asphalt,night without enough light,clear,flat straight,Violation of traffic rules,Irbid,Passengers vehicle (up to 9 seats),2,67,Male
Collision,2018-01-13 20:56,40,0,0,0,0,Two ways with median island,dry,Jordan,class 3,asphalt,night with enough light,clear,flat straight,Improper reversing,Amman,Passengers vehicle (up to 9 seats),2,23,Male
Collision,2018-01-13 20:56,40,0,0,0,0,Two ways with median island,dry,Jordan,class 3,asphalt,night with enough light,clear,flat straight,Violation of traffic rules,Amman,Passengers vehicle (up to 9 seats),2,54,Male
Collision,2018-01-13 21:01,60,0,0,0,0,Two ways,dry,Jordan,class 3,asphalt,night with enough light,clear,flat straight,Neglecting traffic safety precautions,Amman,Passengers vehicle (up to 9 seats),2,39,Male
Collision,2018-01-13 21:01,60,0,0,0,0,Two ways,dry,Jordan,class 3,asphalt,night with enough light,clear,flat straight,Violation of traffic rules,Amman,Passengers vehicle (up to 9 seats),2,0,Unkown
Collision,2018-01-13 21:00,40,0,0,0,0,Two ways with median island,dry,Jordan,class 3 auto,asphalt,night with enough light,clear,flat straight,Neglecting traffic safety precautions,Amman,Passengers vehicle (up to 9 seats),2,19,Female
Collision,2018-01-13 21:00,40,0,0,0,0,Two ways with median island,dry,Jordan,class 3,asphalt,night with enough light,clear,flat straight,Violation of traffic rules,Amman,Passengers vehicle (up to 9 seats),2,30,Male
Collision,2018-01-13 21:02,50,3,0,0,0,Two ways with median island,dry,Jordan,class4,asphalt,night with enough light,clear,flat straight,Violation of traffic rules,Amman,Passengers vehicle (up to 9 seats),2,33,Male
Collision,2018-01-13 21:02,50,3,0,0,0,Two ways with median island,dry,Jordan,class 3,asphalt,night with enough light,clear,flat straight,Violation of traffic rules,Amman,Passengers vehicle (up to 9 seats),2,0,Male
Collision,2018-01-13 21:05,60,0,0,0,0,Two ways with median island,dry,Jordan,class 3,asphalt,night with enough light,clear,flat straight,Violation of traffic rules,Amman,Passenger and cargo vehicle,2,36,Male
Collision,2018-01-13 21:05,60,0,0,0,0,Two ways with median island,dry,Jordan,class 3,asphalt,night with enough light,clear,flat straight,Tailgating,Amman,Passengers vehicle (up to 9 seats),2,34,Male
Collision,2018-01-13 17:30,40,0,0,0,0,Two ways,dry,Jordan,class 6b,asphalt,night without enough light,clear,flat straight,Neglecting traffic safety precautions,Irbid,Truck,1,43,Male
Collision,2018-01-13 21:16,40,0,0,0,0,Two ways,dry,Jordan,class4,asphalt,night without enough light,clear,flat straight,Violation of traffic rules,Amman,Passengers vehicle (up to 9 seats),4,43,Male
Collision,2018-01-13 21:16,40,0,0,0,0,Two ways,dry,Jordan,class 3,asphalt,night without enough light,clear,flat straight,Violation of traffic rules,Amman,Passengers vehicle (up to 9 seats),4,0,Unkown
Collision,2018-01-13 21:16,40,0,0,0,0,Two ways,dry,Jordan,class4,asphalt,night without enough light,clear,flat straight,Violation of traffic rules,Amman,Passengers vehicle (up to 9 seats),4,29,Male
Collision,2018-01-13 21:16,70,0,0,0,0,Two ways with median island,dry,Jordan,class 3,asphalt,night with enough light,clear,flat straight,Improper lane changes,Amman,Passengers vehicle (up to 9 seats),1,39,Male
Run over,2018-01-13 21:11,60,1,0,0,0,Two ways,dry,Jordan,class 3,asphalt,night with enough light,clear,flat straight,Neglecting traffic safety precautions,Balqa,Passenger and cargo vehicle,1,43,Male
Collision,2018-01-13 18:00,80,0,0,0,0,Two ways with median island,dry,Jordan,class 6ab,asphalt,night with enough light,clear,flat straight,Neglecting traffic safety precautions,Irbid,Truck,2,41,Male
Collision,2018-01-13 18:00,80,0,0,0,0,Two ways with median island,dry,Jordan,class 3,asphalt,night with enough light,clear,flat straight,Violation of traffic rules,Irbid,Passengers vehicle (up to 9 seats),2,55,Male
Collision,2018-01-13 21:18,30,0,0,0,0,Parking lot,dry,Jordan,unkown driver,asphalt,night with enough light,clear,flat straight,Improper reversing,Amman,Passengers vehicle (up to 9 seats),2,49,Unkown
Collision,2018-01-13 21:18,30,0,0,0,0,Parking lot,dry,Jordan,class 3,asphalt,night with enough light,clear,flat straight,Violation of traffic rules,Amman,Passengers vehicle (up to 9 seats),2,72,Male
Collision,2018-01-13 21:19,40,0,0,0,0,One way,dry,Jordan,class 3,asphalt,night with enough light,clear,flat straight,Violation of traffic rules,Irbid,Passengers vehicle (up to 9 seats),2,32,Male
Run over,2018-01-13 21:20,40,1,0,0,0,Two ways with median island,dry,Jordan,class 3,asphalt,night with enough light,clear,flat straight,Neglecting traffic safety precautions,Amman,Truck,1,23,Male
Collision,2018-01-13 21:23,60,0,0,0,0,One way,dry,Jordan,class 3,asphalt,night without enough light,clear,flat straight,Tailgating,Balqa,Passenger and cargo vehicle,2,45,Male
Collision,2018-01-13 21:23,60,0,0,0,0,One way,dry,Jordan,class 3,asphalt,night without enough light,clear,flat straight,Violation of traffic rules,Balqa,Passenger and cargo vehicle,2,39,Male
Collision,2018-01-13 21:26,40,0,0,0,0,Two ways with median island,dry,Jordan,class 3,asphalt,night with enough light,clear,flat straight,Violation of traffic rules,Amman,Passengers vehicle (up to 9 seats),2,27,Male
Collision,2018-01-13 21:26,40,0,0,0,0,Two ways with median island,dry,Jordan,class 3,asphalt,night with enough light,clear,flat straight,Violation of traffic rules,Amman,Passengers vehicle (up to 9 seats),2,32,Male
Collision,2018-01-13 20:00,20,0,0,0,0,Parking lot,dry,Jordan,class 3,concrrete,night with enough light,clear,flat straight,Violation of traffic rules,Irbid,Vehicle for private use,2,0,Unkown
Collision,2018-01-13 20:00,20,0,0,0,0,Parking lot,dry,Jordan,class 6ab,concrrete,night with enough light,clear,flat straight,Improper reversing,Irbid,Vehicle for private use,2,45,Male
Collision,2018-01-13 21:23,40,0,0,0,0,Two ways,dry,Kuwait,unkown driver,asphalt,night without enough light,clear,flat straight,Improper reversing,Amman,Passengers vehicle (up to 9 seats),2,118,Unkown
Collision,2018-01-13 21:23,40,0,0,0,0,Two ways,dry,Jordan,unkown driver,asphalt,night without enough light,clear,flat straight,Violation of traffic rules,Amman,Passengers vehicle (up to 9 seats),2,118,Unkown
Collision,2018-01-13 21:37,40,0,0,0,0,Two ways,dry,Jordan,class 3,asphalt,night with enough light,clear,flat straight,Violation of traffic rules,Zarqa,Passengers vehicle (up to 9 seats),2,20,Male
Collision,2018-01-13 21:37,40,0,0,0,0,Two ways,dry,Jordan,class4,asphalt,night with enough light,clear,flat straight,Neglecting traffic safety precautions,Zarqa,Passengers vehicle (up to 9 seats),2,26,Female
Collision,2018-01-13 21:38,20,0,0,0,0,Parking lot,dry,Jordan,class 3,asphalt,night without enough light,clear,flat straight,Improper reversing,Irbid,Passengers vehicle (up to 9 seats),2,28,Male
Collision,2018-01-13 21:38,20,0,0,0,0,Parking lot,dry,Jordan,class4,asphalt,night without enough light,clear,flat straight,Violation of traffic rules,Irbid,Passengers vehicle (up to 9 seats),2,24,Male
Collision,2018-01-13 21:53,20,0,0,0,0,Two ways with median island,dry,Jordan,class5,asphalt,night without enough light,clear,flat straight,Neglecting traffic safety precautions,Amman,Vehicle for private use,1,44,Male
Collision,2018-01-13 21:55,50,0,0,0,0,Two ways with median island,dry,Jordan,class 3,asphalt,night with enough light,clear,flat straight,Violation of traffic rules,Amman,Passengers vehicle (up to 9 seats),2,0,Unkown
Collision,2018-01-13 21:55,50,0,0,0,0,Two ways with median island,dry,Jordan,class 3,asphalt,night with enough light,clear,flat straight,Improper reversing,Amman,Passengers vehicle (up to 9 seats),2,26,Male
Collision,2018-01-13 21:59,40,0,0,0,0,Two ways,dry,Jordan,class 3 auto,asphalt,night with enough light,clear,flat straight,Improper reversing,Amman,Passengers vehicle (up to 9 seats),2,28,Male
Collision,2018-01-13 21:59,40,0,0,0,0,Two ways,dry,Jordan,class 3,asphalt,night with enough light,clear,flat straight,Violation of traffic rules,Amman,Passengers vehicle (up to 9 seats),2,0,Unkown
Collision,2018-01-13 21:59,40,0,0,0,0,Two ways with median island,dry,Jordan,unkown driver,asphalt,night with enough light,clear,flat straight,Violation of traffic rules,Amman,Passengers vehicle (up to 9 seats),2,118,Unkown
Collision,2018-01-13 21:59,40,0,0,0,0,Two ways with median island,dry,Jordan,class 3,asphalt,night with enough light,clear,flat straight,Neglecting traffic safety precautions,Amman,Passenger and cargo vehicle,2,43,Male
Collision,2018-01-13 22:01,40,0,0,0,0,Two ways with median island,dry,Jordan,class 3 auto,asphalt,night with enough light,clear,flat straight,Violation of traffic rules,Amman,Passengers vehicle (up to 9 seats),2,29,Male
Collision,2018-01-13 22:01,40,0,0,0,0,Two ways with median island,dry,Jordan,class 3,asphalt,night with enough light,clear,flat straight,Violation of traffic rules,Amman,Passengers vehicle (up to 9 seats),2,31,Male
Collision,2018-01-13 22:05,40,0,0,0,0,Two ways,dry,Jordan,class4,asphalt,night without enough light,clear,flat straight,Violation of traffic rules,Irbid,Passengers vehicle (up to 9 seats),2,51,Male
Collision,2018-01-13 22:05,40,0,0,0,0,Two ways,dry,Jordan,class 3,asphalt,night without enough light,clear,flat straight,Improper reversing,Irbid,Passengers vehicle (up to 9 seats),2,0,Unkown
Collision,2018-01-13 22:06,50,0,0,0,0,Two ways with median island,dry,Jordan,class4,asphalt,night with enough light,clear,flat straight,Violation of traffic rules,Amman,Passengers vehicle (up to 9 seats),2,53,Male
Collision,2018-01-13 22:06,50,0,0,0,0,Two ways with median island,dry,Jordan,class4,asphalt,night with enough light,clear,flat straight,Improper lane changes,Amman,Passengers vehicle (up to 9 seats),2,38,Male
Collision,2018-01-13 22:22,40,0,0,0,0,Two ways,dry,Jordan,class 3 auto,asphalt,night with enough light,clear,flat straight,Violation of traffic rules,Amman,Passengers vehicle (up to 9 seats),2,118,Unkown
Collision,2018-01-13 22:22,40,0,0,0,0,Two ways,dry,Jordan,class 3 auto,asphalt,night with enough light,clear,flat straight,Violation of traffic rules,Amman,Passengers vehicle (up to 9 seats),2,0,Unkown
Collision,2018-01-13 23:24,60,0,0,0,0,Two ways with median island,dry,Jordan,class 3,asphalt,night with enough light,clear,flat straight,Violation of traffic rules,Amman,Passengers vehicle (up to 9 seats),2,0,Male
Collision,2018-01-13 23:24,60,0,0,0,0,Two ways with median island,dry,Jordan,class 3,asphalt,night with enough light,clear,flat straight,Violation of traffic rules,Amman,Passengers vehicle (up to 9 seats),2,22,Male
Collision,2018-01-13 22:31,40,0,0,0,0,Two ways with median island,dry,Jordan,class 3,asphalt,night with enough light,clear,flat straight,Violation of traffic rules,Amman,Passengers vehicle (up to 9 seats),2,36,Male
Collision,2018-01-13 22:31,40,0,0,0,0,Two ways with median island,dry,Jordan,class 3,asphalt,night with enough light,clear,flat straight,Improper lane changes,Amman,Passengers vehicle (up to 9 seats),2,0,Unkown
Collision,2018-01-13 22:32,60,0,0,0,0,Two ways,dry,Jordan,class4,asphalt,dark,clear,flat straight,Improper lane changes,Balqa,Passengers vehicle (up to 9 seats),2,24,Male
Collision,2018-01-13 22:32,60,0,0,0,0,Two ways,dry,Jordan,class 3,asphalt,dark,clear,flat straight,Violation of traffic rules,Balqa,Passengers vehicle (up to 9 seats),2,0,Male
Collision,2018-01-13 22:54,40,0,0,0,0,One way,dry,Jordan,class4,asphalt,night with enough light,clear,flat straight,Tailgating,Amman,Passengers vehicle (up to 9 seats),2,25,Male
Collision,2018-01-13 22:54,40,0,0,0,0,One way,dry,Jordan,class 3,asphalt,night with enough light,clear,flat straight,Violation of traffic rules,Amman,Passengers vehicle (up to 9 seats),2,41,Female
Collision,2018-01-13 22:55,90,0,0,0,0,Two ways,dry,KSA,unkown driver,asphalt,dark,clear,flat straight,Violation of traffic rules,Zarqa,Passengers vehicle (up to 9 seats),2,118,Unkown
Collision,2018-01-13 22:55,90,0,0,0,0,Two ways,dry,Jordan,class 6ab,asphalt,dark,clear,flat straight,Improper lane changes,Zarqa,Trailer private use,2,40,Male
Collision,2018-01-13 23:01,40,0,0,0,0,Two ways with median island,dry,Jordan,class 3,asphalt,night with enough light,clear,flat straight,Violation of traffic rules,Amman,Passengers vehicle (up to 9 seats),2,0,Unkown
Collision,2018-01-13 23:01,40,0,0,0,0,Two ways with median island,dry,Jordan,class 3,asphalt,night with enough light,clear,flat straight,Violation of traffic rules,Amman,Passengers vehicle (up to 9 seats),2,0,Unkown
Collision,2018-01-13 23:11,40,0,0,0,0,Two ways,dry,Jordan,class5,asphalt,night with enough light,clear,flat straight,Violation of traffic rules,Zarqa,Passengers Van or small bus (10 to 30 seats),2,36,Unkown
Collision,2018-01-13 23:11,40,0,0,0,0,Two ways,dry,Jordan,class 3,asphalt,night with enough light,clear,flat straight,Improper reversing,Zarqa,Truck,2,24,Male
Collision,2018-01-13 23:11,40,0,0,0,0,Two ways,dry,Jordan,class4,asphalt,night with enough light,clear,flat straight,Improper reversing,Zarqa,Passenger and cargo vehicle,2,26,Male
Collision,2018-01-13 23:11,40,0,0,0,0,Two ways,dry,Jordan,class 3,asphalt,night with enough light,clear,flat straight,Violation of traffic rules,Zarqa,Passengers vehicle (up to 9 seats),2,0,Unkown
Collision,2018-01-13 23:16,40,0,0,0,0,Two ways,dry,Qatar,unkown driver,asphalt,night with enough light,clear,flat straight,Improper reversing,Amman,Passengers vehicle (up to 9 seats),2,118,Male
Collision,2018-01-13 23:16,40,0,0,0,0,Two ways,dry,Jordan,class 3,asphalt,night with enough light,clear,flat straight,Violation of traffic rules,Amman,Passengers vehicle (up to 9 seats),2,36,Male
Collision,2018-01-13 23:27,60,0,0,0,0,Two ways with median island,dry,Jordan,class5,asphalt,night with enough light,clear,flat straight,Violation of traffic rules,Amman,Passengers vehicle (up to 9 seats),2,54,Male
Collision,2018-01-13 23:27,60,0,0,0,0,Two ways with median island,dry,Jordan,class 3,asphalt,night with enough light,clear,flat straight,Improper reversing,Amman,Passengers vehicle (up to 9 seats),2,32,Male
Collision,2018-01-13 23:31,50,0,0,0,0,Two ways with median island,dry,Jordan,class 3,asphalt,night with enough light,clear,flat straight,Violation of traffic rules,Amman,Passengers vehicle (up to 9 seats),2,0,Unkown
Collision,2018-01-13 23:31,50,0,0,0,0,Two ways with median island,dry,Jordan,class 3,asphalt,night with enough light,clear,flat straight,Improper lane changes,Amman,Passengers vehicle (up to 9 seats),2,28,Female
Collision,2018-01-13 23:42,40,0,0,0,0,Two ways,dry,Jordan,class 3,asphalt,night with enough light,clear,Upright straight,Violation of traffic rules,Amman,Passengers vehicle (up to 9 seats),2,30,Male
Collision,2018-01-13 23:42,40,0,0,0,0,Two ways,dry,Jordan,class 3,asphalt,night with enough light,clear,Upright straight,Violation of traffic rules,Amman,Passenger and cargo vehicle,2,23,Male
Collision,2018-01-13 23:47,60,0,0,0,0,Two ways with median island,dry,Jordan,class5,asphalt,night with enough light,clear,flat straight,Violation of traffic rules,Amman,Passengers vehicle (up to 9 seats),2,37,Male
Collision,2018-01-13 23:47,60,0,0,0,0,Two ways with median island,dry,Jordan,class 3,asphalt,night with enough light,clear,flat straight,Improper lane changes,Amman,Passengers vehicle (up to 9 seats),2,0,Unkown
Collision,2018-01-13 23:47,50,0,0,0,0,Two ways with median island,dry,Jordan,class 3,asphalt,night with enough light,clear,flat straight,Improper reversing,Amman,Passengers vehicle (up to 9 seats),2,25,Male
Collision,2018-01-13 23:47,50,0,0,0,0,Two ways with median island,dry,Jordan,class 3,asphalt,night with enough light,clear,flat straight,Violation of traffic rules,Amman,Passengers vehicle (up to 9 seats),2,25,Male
Collision,2018-01-13 23:58,50,0,0,0,0,Two ways with median island,dry,Jordan,class 3,asphalt,night with enough light,clear,flat straight,Violation of traffic rules,Amman,Passengers vehicle (up to 9 seats),2,118,Male
Collision,2018-01-13 23:58,50,0,0,0,0,Two ways with median island,dry,Jordan,class 3,asphalt,night with enough light,clear,flat straight,Violation of traffic rules,Amman,Passengers vehicle (up to 9 seats),2,29,Female
Run over,2018-01-13 8:56,60,1,0,0,0,Two ways,dry,Jordan,class 3,asphalt,day,clear,flat straight,Neglecting traffic safety precautions,Jerash,Passengers vehicle (up to 9 seats),1,32,Male
Collision,2018-01-13 19:15,80,0,0,0,0,Two ways with median island,dry,Jordan,class 3,asphalt,night without enough light,clear,flat straight,Improper lane changes,Mafraq,Passengers vehicle (up to 9 seats),2,29,Male
Collision,2018-01-13 19:15,80,0,0,0,0,Two ways with median island,dry,Jordan,class 3,asphalt,night without enough light,clear,flat straight,Violation of traffic rules,Mafraq,Passengers vehicle (up to 9 seats),2,31,Male
Collision,2018-01-13 9:06,40,0,0,0,0,Two ways,dry,Jordan,class 6b,asphalt,day,clear,flat straight,Violation of traffic rules,Irbid,Passengers vehicle (up to 9 seats),2,39,Male
Collision,2018-01-13 9:06,40,0,0,0,0,Two ways,dry,Jordan,class 3,asphalt,day,clear,flat straight,Violation of traffic rules,Irbid,Passengers vehicle (up to 9 seats),2,41,Male
Collision,2018-01-13 16:29,10,0,0,0,0,Two ways,dry,Jordan,class 3,concrrete,sunset,clear,flat straight,Neglecting traffic safety precautions,Amman,Passengers vehicle (up to 9 seats),1,61,Male
Collision,2018-01-13 20:37,40,0,0,0,0,Two ways with median island,dry,Jordan,class4,asphalt,night with enough light,clear,straight ramp,Violation of traffic rules,Amman,Passengers vehicle (up to 9 seats),2,42,Male
Collision,2018-01-13 20:37,40,0,0,0,0,Two ways with median island,dry,Jordan,class 3,asphalt,night with enough light,clear,straight ramp,Tailgating,Amman,Passengers vehicle (up to 9 seats),2,22,Male
Collision,2018-12-01 20:10,60,0,0,0,0,Two ways with median island,dry,Jordan,class 3,asphalt,day,clear,flat straight,Violation of traffic rules,Balqa,Passengers vehicle (up to 9 seats),2,26,Male
Collision,2018-12-01 20:10,60,0,0,0,0,Two ways with median island,dry,Jordan,class 3,asphalt,day,clear,flat straight,Improper lane changes,Balqa,Passengers vehicle (up to 9 seats),2,30,Male
Run over,2018-11-01 7:49,40,1,0,0,0,Two ways,dry,Jordan,class4,asphalt,night without enough light,clear,flat straight,Neglecting traffic safety precautions,Zarqa,Passengers Van or small bus (10 to 30 seats),1,29,Male
Collision,2018-09-25 13:04,60,0,0,0,0,Two ways,dry,Jordan,class 3,asphalt,day,clear,flat straight,Violation of traffic rules,Amman,Passengers vehicle (up to 9 seats),2,0,Unkown
Collision,2018-10-01 16:42,60,0,0,0,0,Two ways with median island,dry,Jordan,class5,asphalt,night without enough light,clear,flat straight,Violation of traffic rules,Amman,Passengers vehicle (up to 9 seats),2,41,Male
Collision,2018-10-01 16:42,60,0,0,0,0,Two ways with median island,dry,Jordan,class 3,asphalt,night without enough light,clear,flat straight,Tailgating,Amman,Passengers vehicle (up to 9 seats),2,36,Male
Collision,2018-11-01 10:06,50,0,0,0,0,Two ways with median island,dry,Jordan,class4,asphalt,night with enough light,clear,flat straight,Violation of traffic rules,Jerash,Truck,2,22,Male
Collision,2018-11-01 10:06,50,0,0,0,0,Two ways with median island,dry,Jordan,class 3,asphalt,night with enough light,clear,flat straight,Violation of traffic rules,Jerash,Passengers vehicle (up to 9 seats),2,57,Male
Collision,2018-10-01 13:40,50,0,0,0,0,Two ways with median island,dry,Jordan,class4,asphalt,night without enough light,clear,flat straight,Violation of traffic rules,al-karak,Passengers vehicle (up to 9 seats),2,32,Male
Collision,2018-10-01 13:40,50,0,0,0,0,Two ways with median island,dry,Jordan,class 3,asphalt,night without enough light,clear,flat straight,Violation of traffic rules,al-karak,Passenger and cargo vehicle,2,31,Male
Collision,2018-12-01 11:15,70,0,0,0,0,Two ways with median island,dry,Jordan,class4,asphalt,day,clear,flat straight,Neglecting traffic safety precautions,al-karak,Passengers vehicle (up to 9 seats),2,27,Male
Collision,2018-12-01 11:15,70,0,0,0,0,Two ways with median island,dry,Jordan,class 3,asphalt,day,clear,flat straight,Violation of traffic rules,al-karak,Passengers vehicle (up to 9 seats),2,27,Male
Collision,2018-09-25 7:10,50,0,0,0,0,Two ways,dry,KSA,unkown driver,asphalt,sunrise,clear,flat straight,Improper lane changes,Zarqa,Passengers vehicle (up to 9 seats),2,39,Male
Collision,2018-09-25 7:10,50,0,0,0,0,Two ways,dry,Jordan,class 3,asphalt,sunrise,clear,flat straight,Violation of traffic rules,Zarqa,Truck,2,23,Male
Collision,2018-09-26 12:15,60,0,0,0,0,Two ways with median island,dry,Jordan,class 3,asphalt,day,clear,flat straight,Violation of traffic rules,Zarqa,Passengers vehicle (up to 9 seats),2,30,Male
Collision,2018-09-26 12:15,60,0,0,0,0,Two ways with median island,dry,Jordan,class 6b,asphalt,day,clear,flat straight,Tailgating,Zarqa,Truck,2,37,Male
Collision,2018-09-28 16:50,60,0,0,0,0,Two ways with median island,dry,Jordan,class 3,asphalt,day,clear,flat straight,Violation of traffic rules,Irbid,Passengers Van or small bus (10 to 30 seats),2,0,Unkown
Collision,2018-09-28 16:50,60,0,0,0,0,Two ways with median island,dry,Jordan,class 3,asphalt,day,clear,flat straight,Improper lane changes,Irbid,Passengers vehicle (up to 9 seats),2,25,Male
Run over,2018-09-28 20:20,40,0,1,0,0,Public Parks,dry,Jordan,class 3,Dirt,night without enough light,clear,flat straight,Unsafe Parking,Amman,agricultural vehicle,1,27,Male
Run over,2018-09-28 17:18,40,1,0,0,0,One way,dry,Jordan,class 3,asphalt,day,clear,flat straight,Neglecting traffic safety precautions,Irbid,Passengers vehicle (up to 9 seats),1,39,Male
Collision,2018-09-25 8:07,60,0,0,0,0,Two ways with median island,dry,Jordan,class 3,asphalt,day,clear,flat straight,Violation of traffic rules,Amman,Passengers vehicle (up to 9 seats),2,27,Female
Collision,2018-09-25 8:07,60,0,0,0,0,Two ways with median island,dry,Jordan,class 3,asphalt,day,clear,flat straight,Violation of traffic rules,Amman,Passengers vehicle (up to 9 seats),2,49,Male
Collision,2018-09-26 23:07,40,0,0,0,0,Two ways,dry,Jordan,class 3,asphalt,day,clear,flat straight,Improper lane changes,Zarqa,Passengers vehicle (up to 9 seats),2,22,Male
Collision,2018-09-26 23:07,40,0,0,0,0,Two ways,dry,Jordan,class 3,asphalt,day,clear,flat straight,Violation of traffic rules,Zarqa,Passengers vehicle (up to 9 seats),2,48,Male
Collision,2018-09-28 13:40,40,0,0,0,0,One way,dry,Jordan,class 3,asphalt,day,clear,flat straight,Violation of traffic rules,Irbid,Passengers vehicle (up to 9 seats),2,26,Male
Collision,2018-09-28 13:40,40,0,0,0,0,One way,dry,Jordan,class 3,asphalt,day,clear,flat straight,Improper lane changes,Irbid,Passengers vehicle (up to 9 seats),2,29,Male
Collision,2018-09-25 18:32,20,0,0,0,0,Public Parks,dry,Jordan,class 3,asphalt,night with enough light,clear,flat straight,Improper reversing,Jerash,Passengers vehicle (up to 9 seats),2,32,Male
Collision,2018-09-25 18:32,20,0,0,0,0,Public Parks,dry,Jordan,class 3,asphalt,night with enough light,clear,flat straight,Violation of traffic rules,Jerash,Passengers vehicle (up to 9 seats),2,27,Male
Collision,2018-09-28 10:15,60,0,0,0,0,Two ways with median island,dry,Jordan,class 3,asphalt,day,clear,flat straight,Violation of traffic rules,Irbid,Passenger and cargo vehicle,2,33,Male
Collision,2018-09-28 10:15,60,0,0,0,0,Two ways with median island,dry,Jordan,class 3,asphalt,day,clear,flat straight,Improper lane changes,Irbid,Passengers vehicle (up to 9 seats),2,37,Male
Collision,2018-09-26 10:00,40,0,0,0,0,One way,dry,Jordan,class 3,asphalt,day,clear,Upright straight,Tailgating,Amman,Passenger and cargo vehicle,2,39,Male
Collision,2018-09-26 10:00,40,0,0,0,0,One way,dry,Jordan,class 3,asphalt,day,clear,Upright straight,Violation of traffic rules,Amman,Passengers vehicle (up to 9 seats),2,27,Male
Collision,2018-09-25 9:05,80,2,0,0,0,Two ways,dry,Jordan,class 3,asphalt,day,clear,flat straight,Improper lane changes,al-karak,Truck,1,33,Male
Run over,2018-09-26 12:30,50,0,1,0,0,Two ways,dry,Jordan,class 3,asphalt,day,clear,flat straight,Neglecting traffic safety precautions,al-karak,Passenger and cargo vehicle,1,49,Male
Collision,2018-09-25 8:10,50,1,0,0,0,Two ways,dry,Jordan,class5,asphalt,day,clear,straight ramp,Violation of traffic rules,Jerash,Passenger and cargo vehicle,2,64,Male