Accident Type,Date,Speed (Km),Simple Injuries,Severe Injuries,Death,Medium Injuries,Road Lanes,Road Surfuce Description,Vehicle Country,Driver Licensee Type,Road Type,Light,Weather,Road Proerties,Driver Mistake,City,Vehicle type,Number of Cars,Driver Age,Sex
Collision,2018-06-28 13:31,80,0,0,0,0,Two ways,dry,Jordan,class 3 auto,asphalt,day,clear,flat straight,Violation of traffic rules,Amman,Passengers vehicle (up to 9 seats),2,25,Male
Collision,2018-06-28 13:31,60,0,0,0,0,Two ways with median island,dry,Jordan,class 3,asphalt,day,clear,flat straight,Violation of traffic rules,Amman,Passengers vehicle (up to 9 seats),2,38,Male
Collision,2018-06-28 13:31,60,0,0,0,0,Two ways with median island,dry,Jordan,class4,asphalt,day,clear,flat straight,Tailgating,Amman,Passengers vehicle (up to 9 seats),2,45,Male
Collision,2018-06-28 13:38,10,0,0,0,0,Parking lot,dry,Jordan,class 3 auto,asphalt,day,clear,flat straight,Neglecting traffic safety precautions,Irbid,Passengers vehicle (up to 9 seats),1,30,Male
Collision,2018-06-28 18:00,50,0,0,0,0,One way,dry,Jordan,class 3,asphalt,day,clear,flat straight,Neglecting traffic safety precautions,Amman,Passengers vehicle (up to 9 seats),2,0,Unkown
Collision,2018-06-28 18:00,50,0,0,0,0,One way,dry,Jordan,class4,asphalt,day,clear,flat straight,Violation of traffic rules,Amman,Passengers vehicle (up to 9 seats),2,32,Male
Collision,2018-06-28 13:40,40,0,0,0,0,One way,dry,Jordan,class 3,asphalt,day,clear,flat straight,Violation of traffic rules,Amman,Passengers Van or small bus (10 to 30 seats),2,0,Unkown
Collision,2018-06-28 13:40,40,0,0,0,0,One way,dry,Jordan,class 3 auto,asphalt,day,clear,flat straight,Neglecting traffic safety precautions,Amman,Passengers vehicle (up to 9 seats),2,0,Unkown
Collision,2018-06-28 13:44,50,0,0,0,0,Two ways with median island,dry,Jordan,class 3,asphalt,day,clear,flat straight,Tailgating,Amman,Passengers vehicle (up to 9 seats),3,27,Male
Collision,2018-06-28 13:44,50,0,0,0,0,Two ways with median island,dry,Jordan,class 3,asphalt,day,clear,flat straight,Violation of traffic rules,Amman,Passengers vehicle (up to 9 seats),3,25,Female
Collision,2018-06-28 13:44,50,0,0,0,0,Two ways with median island,dry,Jordan,class 3,asphalt,day,clear,flat straight,Tailgating,Amman,Passengers vehicle (up to 9 seats),3,35,Male
Collision,2018-06-28 13:47,70,0,0,0,0,Two ways with median island,dry,Jordan,class 3,asphalt,day,clear,flat straight,Violation of traffic rules,Zarqa,Passengers vehicle (up to 9 seats),2,32,Male
Collision,2018-06-28 13:47,70,0,0,0,0,Two ways with median island,dry,Jordan,class 3,asphalt,day,clear,flat straight,Neglecting traffic safety precautions,Zarqa,Passengers vehicle (up to 9 seats),2,23,Male
Collision,2018-06-28 13:47,50,0,0,0,0,Two ways with median island,dry,Jordan,class4,asphalt,day,clear,flat straight,Tailgating,Amman,Passengers vehicle (up to 9 seats),2,34,Male
Collision,2018-06-28 13:47,50,0,0,0,0,Two ways with median island,dry,Jordan,class 3 auto,asphalt,day,clear,flat straight,Violation of traffic rules,Amman,Passengers vehicle (up to 9 seats),2,0,Unkown
Collision,2018-06-28 13:48,40,0,0,0,0,Two ways with median island,dry,Jordan,class 3,asphalt,day,clear,flat straight,Tailgating,Amman,Passengers vehicle (up to 9 seats),2,60,Male
Collision,2018-06-28 13:48,40,0,0,0,0,Two ways with median island,dry,Jordan,class 3,asphalt,day,clear,flat straight,Violation of traffic rules,Amman,Passengers vehicle (up to 9 seats),2,23,Male
Collision,2018-06-28 13:49,40,0,0,0,0,Two ways,dry,KSA,class 3,asphalt,day,clear,flat straight,Violation of traffic rules,Amman,Passengers vehicle (up to 9 seats),2,0,Unkown
Collision,2018-06-28 13:49,40,0,0,0,0,Two ways,dry,Jordan,class 3,asphalt,day,clear,flat straight,Neglecting traffic safety precautions,Amman,Passengers vehicle (up to 9 seats),2,33,Male
Collision,2018-06-28 13:53,60,0,0,0,0,Two ways with median island,dry,Jordan,unkown driver,asphalt,day,clear,flat straight,Improper reversing,Amman,Passengers vehicle (up to 9 seats),2,118,Male
Collision,2018-06-28 13:53,60,0,0,0,0,Two ways with median island,dry,Jordan,class 3,asphalt,day,clear,flat straight,Violation of traffic rules,Amman,Passengers vehicle (up to 9 seats),2,22,Male
Collision,2018-06-28 13:54,60,0,0,0,0,Two ways with median island,dry,Jordan,class4,asphalt,day,clear,flat straight,Violation of traffic rules,Balqa,Passengers vehicle (up to 9 seats),2,60,Male
Collision,2018-06-28 13:54,60,0,0,0,0,Two ways with median island,dry,Jordan,class5,asphalt,day,clear,flat straight,Tailgating,Balqa,Passengers vehicle (up to 9 seats),2,63,Male
Collision,2018-06-28 13:59,40,0,0,0,0,Two ways,dry,Jordan,class 3,asphalt,day,clear,flat straight,Violation of traffic rules,Amman,Passengers vehicle (up to 9 seats),2,33,Male
Collision,2018-06-28 13:59,40,0,0,0,0,Two ways,dry,UAE,unkown driver,asphalt,day,clear,flat straight,Improper reversing,Amman,Bus (> 30 seats),2,41,Male
Collision,2018-06-28 14:01,50,0,0,0,0,Two ways with median island,dry,Jordan,class 3,asphalt,day,clear,Upright straight,Neglecting traffic safety precautions,Amman,Passengers vehicle (up to 9 seats),2,27,Male
Collision,2018-06-28 14:01,50,0,0,0,0,Two ways with median island,dry,Jordan,class 3 auto,asphalt,day,clear,Upright straight,Violation of traffic rules,Amman,Passengers vehicle (up to 9 seats),2,0,Male
Collision,2018-06-28 14:02,60,0,0,0,0,Two ways with median island,dry,Jordan,class 6ab,asphalt,day,clear,flat straight,Improper lane changes,Zarqa,Truck,2,32,Male
Collision,2018-06-28 14:02,60,0,0,0,0,Two ways with median island,dry,Jordan,class 3,asphalt,day,clear,flat straight,Violation of traffic rules,Zarqa,Passengers vehicle (up to 9 seats),2,40,Female
Collision,2018-06-28 14:03,80,0,0,0,0,Two ways with median island,dry,Jordan,class4,asphalt,day,clear,flat straight,Violation of traffic rules,Amman,Passengers vehicle (up to 9 seats),2,54,Male
Collision,2018-06-28 14:03,80,0,0,0,0,Two ways with median island,dry,Jordan,class4,asphalt,day,clear,flat straight,Tailgating,Amman,Passengers vehicle (up to 9 seats),2,47,Female
Collision,2018-06-28 14:05,50,0,0,0,0,Two ways,dry,Jordan,class 3,asphalt,day,clear,Upright straight,Violation of traffic rules,Irbid,Passengers vehicle (up to 9 seats),2,0,Unkown
Collision,2018-06-28 14:05,50,0,0,0,0,Two ways,dry,Jordan,class 3,asphalt,day,clear,Upright straight,Improper reversing,Irbid,Passengers vehicle (up to 9 seats),2,37,Male
Collision,2018-06-28 14:05,60,0,0,0,0,Two ways,dry,Jordan,class 3,asphalt,day,clear,flat straight,Violation of traffic rules,Irbid,Passengers vehicle (up to 9 seats),2,24,Male
Collision,2018-06-28 14:05,60,0,0,0,0,Two ways,dry,Jordan,class 3,asphalt,day,clear,flat straight,Neglecting traffic safety precautions,Irbid,Passengers vehicle (up to 9 seats),2,52,Male
Collision,2018-06-28 14:06,60,1,0,0,0,Two ways with median island,dry,Jordan,class 3,concrrete,day,clear,flat straight,Neglecting traffic safety precautions,Irbid,Passenger and cargo vehicle,1,44,Male
Collision,2018-06-28 14:07,80,0,0,0,0,Two ways,dry,Jordan,class 3,asphalt,day,clear,flat straight,Violation of traffic rules,Amman,Passengers vehicle (up to 9 seats),2,57,Male
Collision,2018-06-28 14:07,80,0,0,0,0,Two ways,dry,Jordan,class 3,asphalt,day,clear,flat straight,Violation of traffic rules,Amman,Passengers vehicle (up to 9 seats),2,30,Male
Collision,2018-06-28 14:09,50,0,0,0,0,Two ways with median island,dry,Jordan,class 3 auto,asphalt,day,clear,flat straight,Tailgating,Amman,Passengers vehicle (up to 9 seats),2,0,Unkown
Collision,2018-06-28 14:09,50,0,0,0,0,Two ways with median island,dry,Jordan,class4,asphalt,day,clear,flat straight,Violation of traffic rules,Amman,Passengers vehicle (up to 9 seats),2,37,Male
Collision,2018-06-28 14:09,40,0,0,0,0,One way,dry,Jordan,class 3,asphalt,day,clear,flat straight,Tailgating,Amman,Passengers vehicle (up to 9 seats),2,44,Male
Collision,2018-06-28 14:09,40,0,0,0,0,One way,dry,Jordan,unkown driver,asphalt,day,clear,flat straight,Violation of traffic rules,Amman,Passengers vehicle (up to 9 seats),2,118,Unkown
Collision,2018-06-28 14:04,50,0,0,0,0,Two ways,dry,Jordan,class 3,asphalt,day,clear,flat straight,Unsafe turnaround,Amman,Passengers vehicle (up to 9 seats),2,60,Female
Collision,2018-06-28 14:04,50,0,0,0,0,Two ways,dry,Jordan,class 3 auto,asphalt,day,clear,flat straight,Violation of traffic rules,Amman,Passengers vehicle (up to 9 seats),2,30,Female
Collision,2018-06-28 14:11,40,0,0,0,0,Two ways,dry,Jordan,class 3,asphalt,day,clear,flat straight,Violation of traffic rules,Amman,Passengers vehicle (up to 9 seats),2,28,Male
Collision,2018-06-28 14:11,40,0,0,0,0,Two ways,dry,Jordan,class 3,asphalt,day,clear,flat straight,Improper reversing,Amman,Passengers vehicle (up to 9 seats),2,34,Male
Collision,2018-06-28 14:13,40,0,0,0,0,Two ways,dry,Jordan,class 3 auto,asphalt,day,clear,flat straight,Violation of traffic rules,Zarqa,Passengers vehicle (up to 9 seats),3,24,Female
Collision,2018-06-28 14:13,40,0,0,0,0,Two ways,dry,Jordan,class 3,asphalt,day,clear,flat straight,Violation of traffic rules,Zarqa,Passengers vehicle (up to 9 seats),3,0,Unkown
Collision,2018-06-28 14:13,40,0,0,0,0,Two ways,dry,Jordan,class 3,asphalt,day,clear,flat straight,Improper lane changes,Zarqa,Passengers vehicle (up to 9 seats),3,30,Female
Collision,2018-06-28 14:14,60,1,0,0,0,Two ways with median island,dry,Jordan,class4,asphalt,day,clear,flat straight,Tailgating,Amman,Passengers vehicle (up to 9 seats),3,26,Male
Collision,2018-06-28 14:14,60,1,0,0,0,Two ways with median island,dry,Jordan,class 3,asphalt,day,clear,flat straight,Violation of traffic rules,Amman,Passengers vehicle (up to 9 seats),3,50,Male
Collision,2018-06-28 14:14,60,1,0,0,0,Two ways with median island,dry,Jordan,class4,asphalt,day,clear,flat straight,Violation of traffic rules,Amman,Passengers vehicle (up to 9 seats),3,33,Male
Collision,2018-06-28 14:18,60,0,0,0,0,Two ways with median island,dry,Jordan,class 3,asphalt,day,clear,flat straight,Violation of traffic rules,Balqa,Passengers vehicle (up to 9 seats),2,47,Male
Collision,2018-06-28 14:18,60,0,0,0,0,Two ways with median island,dry,Jordan,class 3 auto,asphalt,day,clear,flat straight,Sharp curved,Balqa,Passengers vehicle (up to 9 seats),2,20,Male
Collision,2018-06-28 14:19,40,0,0,0,0,Two ways,dry,Jordan,class 6ab,asphalt,day,clear,flat straight,Violation of traffic rules,Amman,Passengers Van or small bus (10 to 30 seats),2,44,Male
Collision,2018-06-28 14:19,40,0,0,0,0,Two ways,dry,Jordan,class 3 auto,asphalt,day,clear,flat straight,Violation of traffic rules,Amman,Passengers vehicle (up to 9 seats),2,30,Female
Collision,2018-06-28 14:20,40,1,0,0,0,Two ways,dry,Jordan,class 3,asphalt,day,clear,flat straight,Violation of traffic rules,Amman,Passengers vehicle (up to 9 seats),2,0,Male
Collision,2018-06-28 14:20,40,1,0,0,0,Two ways,dry,Jordan,class 3,asphalt,day,clear,flat straight,Violation of traffic rules,Amman,Passengers vehicle (up to 9 seats),2,70,Female
Collision,2018-06-28 14:21,40,0,0,0,0,Two ways,dry,Jordan,class 3,asphalt,day,clear,flat straight,Tailgating,Amman,Passengers vehicle (up to 9 seats),2,118,Unkown
Collision,2018-06-28 14:21,40,0,0,0,0,Two ways,dry,Jordan,class 3,asphalt,day,clear,flat straight,Violation of traffic rules,Amman,Passengers vehicle (up to 9 seats),2,36,Female
Collision,2018-06-28 14:21,50,0,0,0,0,Two ways,dry,Jordan,class 6b,asphalt,day,clear,flat straight,Neglecting traffic safety precautions,Amman,Trailer private use,1,41,Male
Collision,2018-06-28 14:22,30,0,0,0,0,Parking lot,dry,Jordan,class 3,asphalt,day,clear,flat straight,Neglecting traffic safety precautions,Amman,Passengers vehicle (up to 9 seats),1,0,Unkown
Collision,2018-06-28 14:27,60,0,0,0,0,Two ways with median island,dry,Jordan,class5,asphalt,day,clear,flat straight,Improper lane changes,Zarqa,Passengers Van or small bus (10 to 30 seats),2,40,Male
Collision,2018-06-28 14:27,60,0,0,0,0,Two ways with median island,dry,Jordan,class 3,asphalt,day,clear,flat straight,Violation of traffic rules,Zarqa,Passengers vehicle (up to 9 seats),2,63,Male
Collision,2018-06-28 14:29,30,0,0,0,0,Parking lot,dry,Jordan,class 3,asphalt,day,clear,flat straight,Improper reversing,Amman,Passengers vehicle (up to 9 seats),1,29,Male
Collision,2018-06-28 14:28,40,0,0,0,0,One way,dry,Jordan,class 3,asphalt,day,clear,flat straight,Violation of traffic rules,Amman,Passengers vehicle (up to 9 seats),2,35,Male
Collision,2018-06-28 14:30,40,0,0,0,0,One way,dry,Jordan,class 3,asphalt,day,clear,flat straight,Disregarding traffic signs,Irbid,Passengers vehicle (up to 9 seats),2,28,Female
Collision,2018-06-28 14:30,40,0,0,0,0,One way,dry,Jordan,class 3,asphalt,day,clear,flat straight,Violation of traffic rules,Irbid,Passengers vehicle (up to 9 seats),2,22,Male
Collision,2018-06-28 14:31,40,0,0,0,0,Two ways with median island,dry,Jordan,class4,asphalt,day,clear,flat straight,Violation of traffic rules,Amman,Passengers vehicle (up to 9 seats),3,46,Female
Collision,2018-06-28 14:31,40,0,0,0,0,Two ways with median island,dry,Jordan,class 6ab,asphalt,day,clear,flat straight,Tailgating,Amman,Passenger and cargo vehicle,3,53,Male
Collision,2018-06-28 14:31,40,0,0,0,0,Two ways with median island,dry,Jordan,class 3,asphalt,day,clear,flat straight,Violation of traffic rules,Amman,Passengers vehicle (up to 9 seats),3,32,Male
Collision,2018-06-28 14:34,40,0,0,0,0,Two ways with median island,dry,Jordan,class 3 auto,asphalt,day,clear,flat straight,Violation of traffic rules,Amman,Passengers vehicle (up to 9 seats),2,118,Unkown
Collision,2018-06-28 14:34,40,0,0,0,0,Two ways with median island,dry,Jordan,class 3,asphalt,day,clear,flat straight,Violation of traffic rules,Amman,Passenger and cargo vehicle,2,23,Male
Collision,2018-06-28 14:35,40,0,0,0,0,Two ways with median island,dry,Jordan,class 3 auto,asphalt,day,clear,flat straight,Violation of traffic rules,Amman,Passengers vehicle (up to 9 seats),3,19,Female
Collision,2018-06-28 14:35,40,0,0,0,0,Two ways with median island,dry,Jordan,class 3,asphalt,day,clear,flat straight,Tailgating,Amman,Truck,3,0,Unkown
Collision,2018-06-28 14:35,40,0,0,0,0,Two ways with median island,dry,Jordan,class 3,asphalt,day,clear,flat straight,Violation of traffic rules,Amman,Passengers vehicle (up to 9 seats),3,0,Unkown
Collision,2018-06-28 11:36,60,0,0,0,0,Two ways,dry,Jordan,class 3,asphalt,day,clear,Upright straight,Improper lane changes,Maan,Truck,1,46,Male
Collision,2018-06-28 14:39,60,0,0,0,0,Two ways with median island,dry,Jordan,class5,asphalt,day,clear,flat straight,Violation of traffic rules,Amman,Vehicle for private use,2,42,Male
Collision,2018-06-28 14:39,60,0,0,0,0,Two ways with median island,dry,Jordan,class 3,asphalt,day,clear,flat straight,Improper lane changes,Amman,Passengers vehicle (up to 9 seats),2,0,Unkown
Collision,2018-06-28 14:38,50,0,0,0,0,Two ways with median island,dry,Jordan,class5,asphalt,day,clear,flat straight,Improper lane changes,Amman,Truck,2,63,Male
Collision,2018-06-28 14:38,50,0,0,0,0,Two ways with median island,dry,Jordan,class 3,asphalt,day,clear,flat straight,Violation of traffic rules,Amman,Passengers vehicle (up to 9 seats),2,118,Male
Collision,2018-06-28 14:39,50,0,0,0,0,Two ways with median island,dry,Jordan,class4,asphalt,day,clear,flat straight,Violation of traffic rules,Amman,Passengers vehicle (up to 9 seats),2,56,Male
Collision,2018-06-28 14:39,50,0,0,0,0,Two ways with median island,dry,Jordan,class 3,asphalt,day,clear,flat straight,Tailgating,Amman,Passengers vehicle (up to 9 seats),2,35,Male
Collision,2018-06-28 11:30,60,0,0,0,0,Two ways with median island,dry,Jordan,class 6ab,asphalt,day,clear,flat straight,Violation of traffic rules,Tafila,Passengers Van or small bus (10 to 30 seats),2,45,Male
Collision,2018-06-28 11:30,60,0,0,0,0,Two ways with median island,dry,Jordan,class 3,asphalt,day,clear,flat straight,Tailgating,Tafila,Truck,2,36,Male
Collision,2018-06-28 14:40,40,0,0,0,0,Two ways with median island,dry,Jordan,class 3 auto,asphalt,day,clear,flat straight,Violation of traffic rules,Amman,Passengers vehicle (up to 9 seats),3,32,Male
Collision,2018-06-28 14:40,40,0,0,0,0,Two ways with median island,dry,KSA,class 3,asphalt,day,clear,flat straight,Tailgating,Amman,Passengers vehicle (up to 9 seats),3,30,Male
Collision,2018-06-28 14:40,40,0,0,0,0,Two ways with median island,dry,Jordan,class 3,asphalt,day,clear,flat straight,Violation of traffic rules,Amman,Passengers vehicle (up to 9 seats),3,29,Male
Collision,2018-06-28 14:40,30,0,0,0,0,Two ways with median island,dry,Jordan,class4,asphalt,day,clear,flat straight,Violation of traffic rules,Amman,Passengers vehicle (up to 9 seats),2,26,Male
Collision,2018-06-28 14:40,30,0,0,0,0,Two ways with median island,dry,Jordan,class4,asphalt,day,clear,flat straight,Improper lane changes,Amman,Passengers vehicle (up to 9 seats),2,40,Male
Collision,2018-06-28 14:41,60,0,0,0,0,Two ways with median island,dry,Jordan,class5,asphalt,day,clear,flat straight,Violating no pass sign,Amman,Truck,2,53,Male
Collision,2018-06-28 14:41,60,0,0,0,0,Two ways with median island,dry,Jordan,class4,asphalt,day,clear,flat straight,Violation of traffic rules,Amman,Passengers vehicle (up to 9 seats),2,36,Male
Collision,2018-06-28 14:41,50,0,0,0,0,Two ways,dry,Jordan,class 3,asphalt,day,clear,flat straight,Violation of traffic rules,Amman,Passengers vehicle (up to 9 seats),2,25,Male
Collision,2018-06-28 14:41,50,0,0,0,0,Two ways,dry,Jordan,class 3,asphalt,day,clear,flat straight,Tailgating,Amman,Passengers vehicle (up to 9 seats),2,0,Unkown
Collision,2018-06-28 14:42,40,0,0,0,0,Two ways with median island,dry,Jordan,class4,asphalt,day,clear,flat straight,Violation of traffic rules,Irbid,Passenger and cargo vehicle,2,59,Male
Collision,2018-06-28 14:42,40,0,0,0,0,Two ways with median island,dry,Jordan,class 6ab,asphalt,day,clear,flat straight,Neglecting traffic safety precautions,Irbid,Truck,2,52,Male
Collision,2018-06-28 14:43,40,4,0,0,0,Two ways with median island,dry,Jordan,class4,asphalt,day,clear,flat straight,Running a red light,Amman,Passenger and cargo vehicle,2,49,Male
Collision,2018-06-28 14:43,40,4,0,0,0,Two ways with median island,dry,Jordan,class 3,asphalt,day,clear,flat straight,Violation of traffic rules,Amman,Passengers vehicle (up to 9 seats),2,118,Unkown
Collision,2018-06-28 14:44,60,0,0,0,0,Two ways with median island,dry,Jordan,class5,asphalt,day,clear,flat straight,Violation of traffic rules,Zarqa,Passenger and cargo vehicle,2,29,Male
Collision,2018-06-28 14:44,60,0,0,0,0,Two ways with median island,dry,Jordan,class4,asphalt,day,clear,flat straight,Neglecting traffic safety precautions,Zarqa,Passenger and cargo vehicle,2,44,Male
Collision,2018-06-28 14:46,60,0,0,0,0,Two ways,dry,Jordan,class 3,asphalt,day,clear,flat straight,Sharp curved,Balqa,Passenger and cargo vehicle,1,37,Male
Collision,2018-06-28 14:47,40,0,0,0,0,Two ways,dry,Jordan,class 3,asphalt,day,clear,flat straight,Violation of traffic rules,al-karak,Passengers vehicle (up to 9 seats),2,53,Male
Collision,2018-06-28 14:47,40,0,0,0,0,Two ways,dry,Jordan,class 3,asphalt,day,clear,flat straight,Tailgating,al-karak,Passengers vehicle (up to 9 seats),2,24,Male
Collision,2018-06-28 14:51,60,0,0,0,0,Two ways with median island,dry,Jordan,class 3,asphalt,night without enough light,clear,flat straight,Neglecting traffic safety precautions,Irbid,Passengers vehicle (up to 9 seats),1,22,Male
Collision,2018-06-28 14:51,40,0,0,0,0,Two ways,dry,Jordan,class 3,asphalt,day,clear,flat straight,Open door while driving or parking,Amman,Passengers vehicle (up to 9 seats),2,0,Unkown
Collision,2018-06-28 14:51,40,0,0,0,0,Two ways,dry,Jordan,class 3,asphalt,day,clear,flat straight,Violation of traffic rules,Amman,Truck,2,43,Male
Collision,2018-06-28 14:55,60,0,0,0,1,Two ways with median island,dry,Jordan,class 3 auto,asphalt,day,clear,flat straight,Improper lane changes,Ajloun,Passengers vehicle (up to 9 seats),2,0,Unkown
Collision,2018-06-28 14:55,60,0,0,0,1,Two ways with median island,dry,Jordan,class5,asphalt,day,clear,flat straight,Violation of traffic rules,Ajloun,Passengers Van or small bus (10 to 30 seats),2,46,Male
Collision,2018-06-28 14:56,50,0,0,0,0,Two ways,dry,Jordan,class 3,asphalt,day,clear,flat straight,Violation of traffic rules,Amman,Passenger and cargo vehicle,2,28,Male
Collision,2018-06-28 14:56,50,0,0,0,0,Two ways,dry,Jordan,class4,asphalt,day,clear,flat straight,Violation of traffic rules,Amman,Passengers vehicle (up to 9 seats),2,38,Male
Collision,2018-06-28 14:56,40,0,0,0,0,Two ways with median island,dry,Jordan,class 6ab,asphalt,day,clear,Upright straight,Improper reversing,Amman,Truck,2,68,Male
Collision,2018-06-28 14:56,40,0,0,0,0,Two ways with median island,dry,Jordan,class 6b,asphalt,day,clear,Upright straight,Violation of traffic rules,Amman,Trailer private use,2,33,Male
Collision,2018-06-28 15:01,60,0,0,0,0,Two ways with median island,dry,Jordan,class4,asphalt,day,clear,flat straight,Violation of traffic rules,Amman,Passengers vehicle (up to 9 seats),2,35,Male
Collision,2018-06-28 15:01,60,0,0,0,0,Two ways with median island,dry,Jordan,class 3,asphalt,day,clear,flat straight,Violation of traffic rules,Amman,Passengers vehicle (up to 9 seats),2,51,Female
Collision,2018-06-29 18:02,40,0,0,0,0,Two ways,dry,Jordan,class 3,asphalt,day,clear,flat straight,Improper lane changes,Irbid,Passenger and cargo vehicle,2,30,Male
Collision,2018-06-29 18:02,40,0,0,0,0,Two ways,dry,Jordan,class 3,asphalt,day,clear,flat straight,Violation of traffic rules,Irbid,Truck,2,72,Male
Collision,2018-06-28 15:06,30,0,0,0,0,Two ways,dry,Jordan,class4,asphalt,day,clear,flat straight,Improper reversing,Amman,Passengers vehicle (up to 9 seats),2,24,Male
Collision,2018-06-28 15:06,30,0,0,0,0,Two ways,dry,Jordan,class 3,asphalt,day,clear,flat straight,Violation of traffic rules,Amman,Passengers vehicle (up to 9 seats),2,0,Unkown
Collision,2018-06-28 15:13,50,0,0,0,0,Two ways with median island,dry,Jordan,class4,asphalt,day,clear,flat straight,Violation of traffic rules,Amman,Passengers vehicle (up to 9 seats),2,46,Male
Collision,2018-06-28 15:13,50,0,0,0,0,Two ways with median island,dry,Jordan,class 3,asphalt,day,clear,flat straight,Tailgating,Amman,Passengers vehicle (up to 9 seats),2,20,Male
Collision,2018-06-28 15:13,50,0,0,0,0,Two ways,dry,Jordan,class5,asphalt,day,clear,flat straight,Tailgating,Amman,Passengers vehicle (up to 9 seats),2,41,Male
Collision,2018-06-28 15:13,50,0,0,0,0,Two ways,dry,Jordan,class 3,asphalt,day,clear,flat straight,Violation of traffic rules,Amman,Passengers vehicle (up to 9 seats),2,30,Male
Collision,2018-06-28 15:14,20,0,0,0,0,Public Parks,dry,Jordan,class 6ab,asphalt,day,clear,flat straight,Improper reversing,Amman,Bus (> 30 seats),2,42,Male
Collision,2018-06-28 15:14,20,0,0,0,0,Public Parks,dry,Jordan,class 3,asphalt,day,clear,flat straight,Violation of traffic rules,Amman,Bus (> 30 seats),2,0,Unkown
Collision,2018-06-28 21:46,40,0,0,0,0,Two ways,dry,Jordan,class 3,asphalt,night without enough light,clear,flat straight,Neglecting traffic safety precautions,Amman,Passengers vehicle (up to 9 seats),2,45,Male
Collision,2018-06-28 21:46,40,0,0,0,0,Two ways,dry,Jordan,class 3,asphalt,night without enough light,clear,flat straight,Violation of traffic rules,Amman,Passengers vehicle (up to 9 seats),2,30,Male
Collision,2018-06-28 15:18,60,0,0,0,0,Two ways,dry,Jordan,class5,asphalt,day,clear,flat straight,Violation of traffic rules,Amman,Passengers vehicle (up to 9 seats),2,48,Male
Collision,2018-06-28 15:18,60,0,0,0,0,Two ways,dry,Jordan,class 3,asphalt,day,clear,flat straight,Violation of traffic rules,Amman,Passengers vehicle (up to 9 seats),2,34,Male
Collision,2018-06-28 15:15,70,0,0,0,0,Two ways with median island,dry,Jordan,class 6a,asphalt,day,clear,flat straight,Violation of traffic rules,Balqa,Bus (> 30 seats),2,45,Female
Collision,2018-06-28 15:15,70,0,0,0,0,Two ways with median island,dry,Jordan,class 3,asphalt,day,clear,flat straight,Improper lane changes,Balqa,Passengers vehicle (up to 9 seats),2,31,Male
Collision,2018-06-28 15:19,60,0,0,0,0,Two ways with median island,dry,Jordan,class4,asphalt,day,clear,flat straight,Improper lane changes,Amman,Passengers vehicle (up to 9 seats),2,40,Male
Collision,2018-06-28 15:19,60,0,0,0,0,Two ways with median island,dry,Jordan,class 3,asphalt,day,clear,flat straight,Violation of traffic rules,Amman,Passengers vehicle (up to 9 seats),2,32,Male
Collision,2018-06-28 15:21,70,0,0,0,1,Two ways,dry,Jordan,class5,asphalt,day,clear,flat straight,Improper lane changes,Amman,Truck,1,37,Male
Collision,2018-09-29 9:58,50,0,0,0,0,Two ways,dry,Jordan,class 3,asphalt,day,clear,flat straight,Violation of traffic rules,Amman,Passengers vehicle (up to 9 seats),2,0,Unkown
Collision,2018-06-28 15:25,40,0,0,0,0,One way,dry,Jordan,class 3,asphalt,day,clear,flat straight,Improper reversing,Amman,Passengers vehicle (up to 9 seats),2,41,Male
Collision,2018-06-28 15:25,40,0,0,0,0,Two ways,dry,Jordan,class 3,asphalt,day,clear,straight ramp,Violation of traffic rules,Amman,Passengers vehicle (up to 9 seats),2,58,Male
Collision,2018-06-28 15:25,40,0,0,0,0,Two ways,dry,Jordan,class 3,asphalt,day,clear,straight ramp,Violation of traffic rules,Amman,Passengers vehicle (up to 9 seats),2,47,Male
Collision,2018-06-28 15:27,40,0,0,0,0,Two ways,dry,Jordan,class4,asphalt,day,clear,flat straight,Violation of traffic rules,Amman,Passengers vehicle (up to 9 seats),2,0,Male
Collision,2018-06-28 15:27,40,0,0,0,0,Two ways,dry,Jordan,class 3,asphalt,day,clear,flat straight,Tailgating,Amman,Passengers vehicle (up to 9 seats),2,28,Male
Collision,2018-06-28 15:27,40,0,0,0,0,Two ways,dry,Jordan,class 3,asphalt,day,clear,flat straight,Improper reversing,Amman,Truck,2,33,Male
Collision,2018-06-28 15:27,40,0,0,0,0,Two ways,dry,Jordan,class 3,asphalt,day,clear,flat straight,Violation of traffic rules,Amman,Passengers vehicle (up to 9 seats),2,50,Male
Collision,2018-06-28 15:28,60,0,0,0,0,Two ways with median island,dry,Jordan,class 6ab,asphalt,day,clear,flat straight,Violation of traffic rules,Irbid,Passenger and cargo vehicle,2,41,Male
Collision,2018-06-28 15:28,60,0,0,0,0,Two ways with median island,dry,Jordan,class 3,asphalt,day,clear,flat straight,Violation of traffic rules,Irbid,Passengers vehicle (up to 9 seats),2,30,Male
Collision,2018-06-28 15:33,50,0,0,0,0,Two ways with median island,dry,Jordan,class5,asphalt,day,clear,flat straight,Neglecting traffic safety precautions,Amman,Truck,2,44,Male
Collision,2018-06-28 15:33,50,0,0,0,0,Two ways with median island,dry,Jordan,class 3,asphalt,day,clear,flat straight,Violation of traffic rules,Amman,Passengers vehicle (up to 9 seats),2,41,Male
Collision,2018-06-28 15:36,50,0,0,0,0,Two ways with median island,dry,Jordan,class 3 auto,asphalt,day,clear,flat straight,Tailgating,Amman,Passengers vehicle (up to 9 seats),2,0,Unkown
Collision,2018-06-28 15:36,50,0,0,0,0,Two ways with median island,dry,Jordan,class 6b,asphalt,day,clear,flat straight,Violation of traffic rules,Amman,Passengers vehicle (up to 9 seats),2,51,Male
Collision,2018-06-28 15:37,40,0,0,0,0,Two ways with median island,dry,Jordan,class4,asphalt,day,clear,flat straight,Violation of traffic rules,Amman,Passengers vehicle (up to 9 seats),2,26,Male
Collision,2018-06-28 15:37,40,0,0,0,0,Two ways with median island,dry,Jordan,class5,asphalt,day,clear,flat straight,Tailgating,Amman,Passengers vehicle (up to 9 seats),2,55,Male