Accident Type,Date,Speed (Km),Simple Injuries,Severe Injuries,Death,Medium Injuries,Road Lanes,Road Surfuce Description,Vehicle Country,Driver Licensee Type,Road Type,Light,Weather,Road Proerties,Driver Mistake,City,Vehicle type,Number of Cars,Driver Age,Sex
Collision,2018-06-29 19:57,50,0,0,0,0,Two ways with median island,dry,Jordan,class 3,asphalt,sunset,clear,flat straight,Improper reversing,Amman,Passengers vehicle (up to 9 seats),2,54,Male
Collision,2018-06-29 21:57,50,2,1,0,0,Two ways with median island,dry,Jordan,class4,asphalt,night with enough light,clear,flat straight,Violation of traffic rules,Amman,Passengers vehicle (up to 9 seats),2,49,Male
Collision,2018-06-29 21:57,50,2,1,0,0,Two ways with median island,dry,Jordan,class 3 auto,asphalt,night with enough light,clear,flat straight,Running a red light,Amman,Passengers vehicle (up to 9 seats),2,34,Male
Collision,2018-06-29 19:58,40,0,0,0,0,Two ways with median island,dry,Jordan,class 3,asphalt,day,clear,flat straight,Unsafe turnaround,Amman,Passengers vehicle (up to 9 seats),2,28,Female
Collision,2018-06-29 19:58,40,0,0,0,0,Two ways with median island,dry,Jordan,class4,asphalt,day,clear,flat straight,Violation of traffic rules,Amman,Passengers vehicle (up to 9 seats),2,48,Male
Collision,2018-06-29 19:59,50,0,0,0,0,Two ways with median island,dry,Jordan,class5,asphalt,night with enough light,clear,flat straight,Tailgating,Amman,Passengers vehicle (up to 9 seats),2,26,Male
Collision,2018-06-29 19:59,50,0,0,0,0,Two ways with median island,dry,UAE,unkown driver,asphalt,night with enough light,clear,flat straight,Violation of traffic rules,Amman,Passengers vehicle (up to 9 seats),2,118,Unkown
Collision,2018-06-29 20:02,60,0,0,0,0,Two ways with median island,dry,Jordan,class 3,asphalt,day,clear,flat straight,Improper lane changes,Amman,Passengers vehicle (up to 9 seats),2,22,Male
Collision,2018-06-29 20:02,60,0,0,0,0,Two ways with median island,dry,Jordan,class 3,asphalt,day,clear,flat straight,Violation of traffic rules,Amman,Truck,2,28,Male
Collision,2018-06-29 20:09,70,0,0,0,0,Two ways with median island,dry,Jordan,class 3,asphalt,sunset,clear,flat straight,Violation of traffic rules,Balqa,Passenger and cargo vehicle,2,29,Male
Collision,2018-06-29 20:09,70,0,0,0,0,Two ways with median island,dry,Jordan,class 3,asphalt,sunset,clear,flat straight,Tailgating,Balqa,Passengers vehicle (up to 9 seats),2,30,Male
Collision,2018-06-29 20:10,60,0,0,0,0,Two ways with median island,dry,Jordan,class 3,asphalt,day,clear,flat straight,Improper lane changes,Zarqa,Passengers vehicle (up to 9 seats),2,24,Male
Collision,2018-06-29 20:10,60,0,0,0,0,Two ways with median island,dry,Jordan,class 3,asphalt,day,clear,flat straight,Violation of traffic rules,Zarqa,Passengers vehicle (up to 9 seats),2,60,Male
Collision,2018-06-29 20:11,60,0,0,0,0,Two ways with median island,dry,KSA,unkown driver,asphalt,sunset,clear,flat straight,Tailgating,Amman,Passengers vehicle (up to 9 seats),2,25,Male
Collision,2018-06-29 20:11,60,0,0,0,0,Two ways with median island,dry,Jordan,class 3,asphalt,sunset,clear,flat straight,Violation of traffic rules,Amman,Passengers vehicle (up to 9 seats),2,24,Male
Collision,2018-06-29 20:15,50,0,0,0,0,Two ways with median island,dry,Jordan,class 3,asphalt,sunset,clear,flat straight,Tailgating,Amman,Passengers vehicle (up to 9 seats),2,0,Unkown
Collision,2018-06-29 20:15,50,0,0,0,0,Two ways with median island,dry,Jordan,class 3,asphalt,sunset,clear,flat straight,Violation of traffic rules,Amman,Passengers vehicle (up to 9 seats),2,42,Male
Collision,2018-06-29 20:19,70,0,0,0,0,Two ways with median island,dry,KSA,class 3 auto,asphalt,day,clear,flat straight,Violation of traffic rules,Amman,Passengers vehicle (up to 9 seats),2,24,Female
Collision,2018-06-29 20:19,70,0,0,0,0,Two ways with median island,dry,Jordan,class 3,asphalt,day,clear,flat straight,Improper lane changes,Amman,Passengers vehicle (up to 9 seats),2,23,Male
Run over,2018-06-29 20:21,40,0,0,0,1,Two ways,dry,Jordan,class 3,asphalt,sunset,clear,flat straight,Neglecting traffic safety precautions,Madaba,Passengers vehicle (up to 9 seats),1,41,Male
Collision,2018-06-29 20:24,70,0,0,0,0,Two ways with median island,dry,Jordan,class 3,asphalt,night with enough light,clear,flat straight,Improper lane changes,Amman,Passenger and cargo vehicle,2,54,Male
Collision,2018-06-29 20:24,70,0,0,0,0,Two ways with median island,dry,Jordan,class4,asphalt,night with enough light,clear,flat straight,Violation of traffic rules,Amman,Passengers vehicle (up to 9 seats),2,47,Male
Collision,2018-06-30 0:05,60,0,0,0,0,Two ways,dry,Jordan,class 3,asphalt,night with enough light,clear,flat straight,Violation of traffic rules,Amman,Passengers vehicle (up to 9 seats),3,45,Male
Collision,2018-06-30 0:05,60,0,0,0,0,Two ways,dry,Jordan,class5,asphalt,night with enough light,clear,flat straight,Violation of traffic rules,Amman,Passengers vehicle (up to 9 seats),3,49,Male
Collision,2018-06-30 0:05,60,0,0,0,0,Two ways,dry,Jordan,class 3,asphalt,night with enough light,clear,flat straight,Tailgating,Amman,Passengers vehicle (up to 9 seats),3,57,Female
Collision,2018-06-29 20:27,40,0,0,0,0,Public Parks,dry,Jordan,class4,asphalt,night with enough light,clear,flat straight,Neglecting traffic safety precautions,Irbid,Passengers vehicle (up to 9 seats),1,42,Male
Collision,2018-06-29 20:29,60,0,0,0,0,Two ways with median island,dry,Jordan,class 3,asphalt,day,clear,flat straight,Tailgating,Balqa,Passengers vehicle (up to 9 seats),2,21,Male
Collision,2018-06-29 20:29,60,0,0,0,0,Two ways with median island,dry,Jordan,class 3,asphalt,day,clear,flat straight,Violation of traffic rules,Balqa,Passengers vehicle (up to 9 seats),2,76,Male
Collision,2018-06-29 23:15,50,0,0,0,0,Two ways with median island,dry,Jordan,class5,asphalt,night with enough light,clear,flat straight,Tailgating,Amman,Passengers vehicle (up to 9 seats),2,36,Male
Collision,2018-06-29 23:15,50,0,0,0,0,Two ways with median island,dry,Jordan,class4,asphalt,night with enough light,clear,flat straight,Violation of traffic rules,Amman,Passengers vehicle (up to 9 seats),2,25,Male
Collision,2018-06-29 20:32,50,0,0,0,0,Two ways with median island,dry,Jordan,class 3 auto,asphalt,day,clear,flat straight,Tailgating,Amman,Passengers vehicle (up to 9 seats),2,25,Male
Collision,2018-06-29 20:32,50,0,0,0,0,Two ways with median island,dry,Jordan,class 3 auto,asphalt,day,clear,flat straight,Violation of traffic rules,Amman,Passengers vehicle (up to 9 seats),2,118,Unkown
Collision,2018-06-29 20:42,40,0,0,0,0,Two ways,dry,Jordan,class 3,asphalt,night with enough light,clear,flat straight,Violation of traffic rules,Amman,Passengers vehicle (up to 9 seats),2,0,Male
Collision,2018-06-29 20:42,40,0,0,0,0,Two ways,dry,Jordan,class4,asphalt,night with enough light,clear,flat straight,Neglecting traffic safety precautions,Amman,Passengers vehicle (up to 9 seats),2,34,Male
Collision,2018-06-29 20:47,50,0,0,0,0,Two ways,dry,KSA,class 3,asphalt,night with enough light,clear,flat straight,Neglecting traffic safety precautions,Amman,Passengers vehicle (up to 9 seats),2,39,Female
Collision,2018-06-29 20:47,50,0,0,0,0,Two ways,dry,Jordan,class 3,asphalt,night with enough light,clear,flat straight,Violation of traffic rules,Amman,Passengers vehicle (up to 9 seats),2,33,Female
Collision,2018-06-29 20:54,30,0,0,0,0,Parking lot,dry,Jordan,class 3,asphalt,night without enough light,clear,flat straight,Improper reversing,Amman,Passengers vehicle (up to 9 seats),2,42,Female
Collision,2018-06-29 20:54,30,0,0,0,0,Parking lot,dry,Jordan,class 3,asphalt,night without enough light,clear,flat straight,Violation of traffic rules,Amman,Passengers vehicle (up to 9 seats),2,25,Male
Collision,2018-06-29 20:58,20,0,0,0,0,Parking lot,dry,KSA,unkown driver,asphalt,day,clear,flat straight,Violation of traffic rules,Zarqa,Trailer private use,2,48,Unkown
Collision,2018-06-29 20:58,20,0,0,0,0,Parking lot,dry,KSA,unkown driver,asphalt,day,clear,flat straight,Improper reversing,Zarqa,Trailer private use,2,32,Male
Collision,2018-06-29 11:30,100,0,0,0,2,Two ways with median island,dry,Jordan,class 3,asphalt,day,clear,flat straight,Sharp curved,Amman,Passengers vehicle (up to 9 seats),1,33,Female
Collision,2018-06-29 21:10,40,0,0,0,0,Two ways with median island,dry,Jordan,class 3,asphalt,night with enough light,clear,flat straight,Improper lane changes,Amman,Passengers vehicle (up to 9 seats),2,23,Female
Collision,2018-06-29 21:10,40,0,0,0,0,Two ways with median island,dry,Jordan,class 3,asphalt,night with enough light,clear,flat straight,Violation of traffic rules,Amman,Passengers vehicle (up to 9 seats),2,45,Male
Collision,2018-06-29 21:10,70,0,0,0,0,Two ways with median island,dry,Jordan,class4,asphalt,night with enough light,clear,flat straight,Tailgating,Balqa,Passengers vehicle (up to 9 seats),3,38,Male
Collision,2018-06-29 21:10,70,0,0,0,0,Two ways with median island,dry,Jordan,class 3,asphalt,night with enough light,clear,flat straight,Neglecting traffic safety precautions,Balqa,Passengers vehicle (up to 9 seats),3,40,Male
Collision,2018-06-29 21:10,70,0,0,0,0,Two ways with median island,dry,Jordan,unkown driver,asphalt,night with enough light,clear,flat straight,Violation of traffic rules,Balqa,Passengers vehicle (up to 9 seats),3,23,Male
Collision,2018-06-29 21:11,70,0,0,0,0,Two ways with median island,dry,Jordan,class 3,asphalt,night without enough light,clear,Upright curved,Violation of traffic rules,Balqa,Passengers vehicle (up to 9 seats),3,28,Male
Collision,2018-06-29 21:11,70,0,0,0,0,Two ways with median island,dry,Jordan,class4,asphalt,night without enough light,clear,Upright curved,Tailgating,Balqa,Passengers vehicle (up to 9 seats),3,26,Male
Collision,2018-06-29 21:11,70,0,0,0,0,Two ways with median island,dry,Jordan,class4,asphalt,night without enough light,clear,Upright curved,Tailgating,Balqa,Passengers vehicle (up to 9 seats),3,28,Male
Collision,2018-06-29 21:14,60,0,0,0,0,Two ways with median island,dry,Jordan,class 3,asphalt,night with enough light,clear,flat straight,Violation of traffic rules,Amman,Passengers vehicle (up to 9 seats),2,29,Male
Collision,2018-06-29 21:14,60,0,0,0,0,Two ways with median island,dry,Jordan,class 3,asphalt,night with enough light,clear,flat straight,Tailgating,Amman,Passenger and cargo vehicle,2,34,Male
Collision,2018-06-29 21:18,40,0,0,0,0,Two ways with median island,dry,Jordan,class5,asphalt,night with enough light,clear,flat straight,Neglecting traffic safety precautions,Amman,Passengers vehicle (up to 9 seats),2,28,Male
Collision,2018-06-29 21:18,40,0,0,0,0,Two ways with median island,dry,Jordan,class4,asphalt,night with enough light,clear,flat straight,Violation of traffic rules,Amman,Passengers vehicle (up to 9 seats),2,40,Male
Collision,2018-06-29 21:23,60,0,0,0,0,Two ways with median island,dry,Jordan,class 3,asphalt,night with enough light,clear,flat straight,Tailgating,Amman,Passengers vehicle (up to 9 seats),2,28,Male
Collision,2018-06-29 21:23,60,0,0,0,0,Two ways with median island,dry,Jordan,class 3,asphalt,night with enough light,clear,flat straight,Violation of traffic rules,Amman,Passengers vehicle (up to 9 seats),2,29,Male
Collision,2018-06-29 21:23,60,0,0,0,0,Two ways with median island,dry,Jordan,unkown driver,asphalt,night with enough light,clear,flat straight,Open door while driving or parking,Amman,Passengers vehicle (up to 9 seats),2,118,Male
Collision,2018-06-29 21:23,60,0,0,0,0,Two ways with median island,dry,Jordan,class 3 auto,asphalt,night with enough light,clear,flat straight,Violation of traffic rules,Amman,Passengers vehicle (up to 9 seats),2,24,Male
Collision,2018-06-29 21:25,50,0,0,0,0,Two ways with median island,dry,Jordan,class 3,asphalt,night with enough light,clear,flat straight,Violation of traffic rules,Amman,Motorcycle,2,32,Male
Collision,2018-06-29 21:25,50,0,0,0,0,Two ways with median island,dry,Jordan,class 3 auto,asphalt,night with enough light,clear,flat straight,Tailgating,Amman,Passengers vehicle (up to 9 seats),2,29,Female
Collision,2018-06-29 21:35,50,0,0,0,0,Two ways with median island,dry,Jordan,class 3,asphalt,day,clear,flat straight,Violation of traffic rules,Amman,Passengers vehicle (up to 9 seats),2,50,Male
Collision,2018-06-29 21:35,50,0,0,0,0,Two ways with median island,dry,Jordan,unkown driver,asphalt,day,clear,flat straight,Improper lane changes,Amman,Passengers vehicle (up to 9 seats),2,118,Unkown
Collision,2018-06-29 21:36,70,0,0,0,0,Two ways,dry,Jordan,class 3,asphalt,night with enough light,clear,flat straight,Improper reversing,Jerash,Truck,2,118,Male
Collision,2018-06-29 21:36,70,0,0,0,0,Two ways,dry,Jordan,class 3,asphalt,night with enough light,clear,flat straight,Violation of traffic rules,Jerash,Passengers vehicle (up to 9 seats),2,18,Male
Collision,2018-06-29 21:39,40,0,0,0,0,Two ways with median island,dry,Jordan,class 3 auto,asphalt,night without enough light,clear,flat straight,Tailgating,Amman,Passengers vehicle (up to 9 seats),2,21,Female
Collision,2018-06-29 21:39,40,0,0,0,0,Two ways with median island,dry,Jordan,class 3,asphalt,night without enough light,clear,flat straight,Violation of traffic rules,Amman,Passengers vehicle (up to 9 seats),2,118,Unkown
Collision,2018-06-29 21:49,60,0,0,0,0,Two ways with median island,dry,Jordan,class 3,asphalt,day,clear,flat straight,Violation of traffic rules,Amman,Passengers vehicle (up to 9 seats),2,118,Male
Collision,2018-06-29 21:49,60,0,0,0,0,Two ways with median island,dry,Jordan,class 3,asphalt,day,clear,flat straight,Tailgating,Amman,Truck,2,21,Male
Collision,2018-06-29 21:49,50,0,0,0,0,One way,dry,Jordan,class4,asphalt,night with enough light,clear,flat straight,Violation of traffic rules,Amman,Passengers vehicle (up to 9 seats),2,32,Male
Collision,2018-06-29 21:49,50,0,0,0,0,One way,dry,Jordan,class 3,asphalt,night with enough light,clear,flat straight,Violation of traffic rules,Amman,Passengers vehicle (up to 9 seats),2,31,Male
Collision,2018-06-29 21:51,20,0,0,0,0,Public Parks,dry,Jordan,class 3,Dirt,night with enough light,clear,flat straight,Neglecting traffic safety precautions,Madaba,Passengers vehicle (up to 9 seats),2,37,Male
Collision,2018-06-29 21:51,20,0,0,0,0,Public Parks,dry,Jordan,class 3,Dirt,night with enough light,clear,flat straight,Neglecting traffic safety precautions,Madaba,Passenger and cargo vehicle,2,46,Male
Collision,2018-06-29 21:51,40,0,0,0,0,Two ways with median island,dry,Jordan,class5,asphalt,day,clear,flat straight,Violation of traffic rules,Amman,Passengers vehicle (up to 9 seats),2,46,Male
Collision,2018-06-29 21:51,40,0,0,0,0,Two ways with median island,dry,Jordan,class 3,asphalt,day,clear,flat straight,Violation of traffic rules,Amman,Passengers vehicle (up to 9 seats),2,118,Unkown
Collision,2018-06-28 21:51,50,0,0,0,0,Two ways with median island,dry,Jordan,class4,asphalt,night with enough light,clear,flat straight,Improper lane changes,Zarqa,Passengers vehicle (up to 9 seats),2,31,Male
Collision,2018-06-28 21:51,50,0,0,0,0,Two ways with median island,dry,Jordan,class 3,asphalt,night with enough light,clear,flat straight,Violation of traffic rules,Zarqa,Passengers vehicle (up to 9 seats),2,23,Male
Collision,2018-06-29 21:54,60,0,0,0,0,Two ways with median island,dry,Jordan,class 3,asphalt,night with enough light,clear,flat straight,Improper lane changes,Amman,Passengers vehicle (up to 9 seats),2,26,Male
Collision,2018-06-29 21:54,60,0,0,0,0,Two ways with median island,dry,Jordan,class 3,asphalt,night with enough light,clear,flat straight,Violation of traffic rules,Amman,Passengers vehicle (up to 9 seats),2,28,Male
Collision,2018-06-29 21:57,40,0,0,0,0,Two ways,dry,Jordan,class 3,asphalt,night without enough light,clear,flat straight,Improper reversing,Irbid,Passengers vehicle (up to 9 seats),2,35,Male
Collision,2018-06-29 21:57,40,0,0,0,0,Two ways,dry,Jordan,class 3,asphalt,night without enough light,clear,flat straight,Violation of traffic rules,Irbid,Passenger and cargo vehicle,2,18,Male
Collision,2018-06-29 22:08,60,0,0,0,0,Two ways with median island,dry,Jordan,class 3 auto,asphalt,night with enough light,clear,flat straight,Violation of traffic rules,Amman,Passengers vehicle (up to 9 seats),2,19,Male
Collision,2018-06-29 22:08,60,0,0,0,0,Two ways with median island,dry,Jordan,class 3,asphalt,night with enough light,clear,flat straight,Improper lane changes,Amman,Passengers vehicle (up to 9 seats),2,47,Male
Collision,2018-06-29 22:18,50,0,0,0,0,Two ways with median island,dry,Jordan,class 3 auto,asphalt,night with enough light,clear,flat straight,Violation of traffic rules,Irbid,Passengers vehicle (up to 9 seats),2,21,Unkown
Collision,2018-06-29 22:18,50,0,0,0,0,Two ways with median island,dry,Jordan,class 3,asphalt,night with enough light,clear,flat straight,Improper lane changes,Irbid,Passenger and cargo vehicle,2,21,Male
Collision,2018-06-28 22:20,40,0,0,0,0,Two ways,dry,Jordan,class 6a,asphalt,night with enough light,clear,flat straight,Violation of traffic rules,Zarqa,Vehicle for private use,2,28,Male
Collision,2018-06-28 22:20,40,0,0,0,0,Two ways,dry,Jordan,class 3,asphalt,night with enough light,clear,flat straight,Violation of traffic rules,Zarqa,Passengers vehicle (up to 9 seats),2,48,Male
Collision,2018-06-29 22:21,70,0,0,0,0,Two ways with median island,dry,Jordan,class4,asphalt,night with enough light,clear,flat straight,Violation of traffic rules,Irbid,Truck,2,30,Male
Collision,2018-06-29 22:21,70,0,0,0,0,Two ways with median island,dry,Jordan,class4,asphalt,night with enough light,clear,flat straight,Tailgating,Irbid,Passengers vehicle (up to 9 seats),2,29,Unkown
Collision,2018-06-29 22:23,40,0,0,0,0,Two ways with median island,dry,Jordan,class 3,asphalt,night with enough light,clear,flat straight,Violation of traffic rules,Irbid,Passengers vehicle (up to 9 seats),2,37,Male
Collision,2018-06-29 22:23,40,0,0,0,0,Two ways with median island,dry,Jordan,class 6b,asphalt,night with enough light,clear,flat straight,Violation of traffic rules,Irbid,Passengers Van or small bus (10 to 30 seats),2,41,Male
Collision,2018-06-29 22:27,40,1,0,0,0,Two ways,dry,Jordan,class 3,asphalt,night without enough light,clear,flat straight,Neglecting traffic safety precautions,Irbid,Truck,1,39,Male
Run over,2018-06-29 19:30,40,0,1,0,0,Two ways,dry,Jordan,class 3,asphalt,sunset,clear,flat straight,Neglecting traffic safety precautions,Zarqa,Passengers vehicle (up to 9 seats),1,35,Male
Collision,2018-06-30 21:22,60,0,0,0,0,Two ways with median island,dry,Jordan,class 3 auto,asphalt,night with enough light,clear,flat straight,Violation of traffic rules,Amman,Passengers vehicle (up to 9 seats),2,42,Male
Collision,2018-06-30 21:22,60,0,0,0,0,Two ways with median island,dry,Jordan,unkown driver,asphalt,night with enough light,clear,flat straight,Tailgating,Amman,Passengers vehicle (up to 9 seats),2,118,Unkown
Collision,2018-06-29 22:42,60,0,0,0,0,Two ways,dry,Jordan,class 3,asphalt,night with enough light,clear,flat straight,Violation of traffic rules,Amman,Passenger and cargo vehicle,2,0,Unkown
Collision,2018-06-29 22:42,60,0,0,0,0,Two ways,dry,Jordan,class 6b,asphalt,night with enough light,clear,flat straight,Improper reversing,Amman,Vehicle for private use,2,47,Male
Collision,2018-06-29 22:46,40,0,0,0,0,Two ways,dry,Jordan,class 3 auto,asphalt,night with enough light,clear,flat straight,Violation of traffic rules,Amman,Passengers vehicle (up to 9 seats),2,118,Male
Collision,2018-06-29 22:46,40,0,0,0,0,Two ways,dry,Jordan,class 3,asphalt,night with enough light,clear,flat straight,Improper reversing,Amman,Passengers vehicle (up to 9 seats),2,60,Male
Collision,2018-06-29 22:51,40,0,0,0,0,Two ways with median island,dry,Jordan,class 3,asphalt,night without enough light,clear,flat straight,Violation of traffic rules,Jerash,Passengers vehicle (up to 9 seats),3,0,Unkown
Collision,2018-06-29 22:51,40,0,0,0,0,Two ways with median island,dry,Jordan,class 3,asphalt,night without enough light,clear,flat straight,Improper lane changes,Jerash,Passengers vehicle (up to 9 seats),3,23,Male
Collision,2018-06-29 22:51,40,0,0,0,0,Two ways with median island,dry,Jordan,class 3,asphalt,night without enough light,clear,flat straight,Violation of traffic rules,Jerash,Passengers vehicle (up to 9 seats),3,24,Male
Collision,2018-06-29 22:52,60,0,0,0,0,Two ways,dry,Jordan,class 3 auto,asphalt,night with enough light,clear,flat straight,Violation of traffic rules,Madaba,Passengers vehicle (up to 9 seats),2,28,Male
Collision,2018-06-29 22:52,60,0,0,0,0,Two ways,dry,Jordan,class 3,asphalt,night with enough light,clear,flat straight,Improper reversing,Madaba,Passengers vehicle (up to 9 seats),2,39,Male
Collision,2018-06-29 22:57,50,0,0,0,0,Two ways with median island,dry,Jordan,class4,asphalt,night with enough light,clear,flat straight,Running a stop sign,Amman,Passengers vehicle (up to 9 seats),2,36,Male
Collision,2018-06-29 22:57,50,0,0,0,0,Two ways with median island,dry,Jordan,class 1,asphalt,night with enough light,clear,flat straight,Violation of traffic rules,Amman,Motorcycle,2,24,Male
Collision,2018-06-29 22:57,40,0,0,0,0,Two ways with median island,dry,Jordan,class 3 auto,asphalt,night without enough light,clear,flat straight,Violation of traffic rules,Balqa,Passengers vehicle (up to 9 seats),2,21,Male
Collision,2018-06-29 22:57,40,0,0,0,0,Two ways with median island,dry,Jordan,class 3,asphalt,night without enough light,clear,flat straight,Violation of traffic rules,Balqa,Passengers vehicle (up to 9 seats),2,36,Male
Collision,2018-06-29 22:58,80,0,0,0,0,Two ways with median island,dry,Jordan,class 3,asphalt,night with enough light,clear,flat straight,Violation of traffic rules,Irbid,Passenger and cargo vehicle,2,0,Unkown
Collision,2018-06-29 22:58,80,0,0,0,0,Two ways with median island,dry,Jordan,class 3,asphalt,night with enough light,clear,flat straight,Improper reversing,Irbid,Passengers vehicle (up to 9 seats),2,18,Female
Collision,2018-06-29 23:03,40,0,0,0,0,Two ways with median island,dry,Jordan,class 3,asphalt,day,clear,flat straight,Violation of traffic rules,Amman,Passengers vehicle (up to 9 seats),3,37,Male
Collision,2018-06-29 23:03,40,0,0,0,0,Two ways with median island,dry,Jordan,class 3,asphalt,day,clear,flat straight,Tailgating,Amman,Passengers vehicle (up to 9 seats),3,27,Male
Collision,2018-06-29 23:03,40,0,0,0,0,Two ways with median island,dry,Jordan,class 3,asphalt,day,clear,flat straight,Violation of traffic rules,Amman,Passengers vehicle (up to 9 seats),3,23,Male
Collision,2018-06-30 9:00,40,0,0,0,0,Two ways,dry,Jordan,class 3,asphalt,night with enough light,clear,flat straight,Violation of traffic rules,Amman,Passengers vehicle (up to 9 seats),2,41,Male
Collision,2018-06-30 9:00,40,0,0,0,0,Two ways,dry,Jordan,class 3,asphalt,night with enough light,clear,flat straight,Improper reversing,Amman,Truck,2,31,Male
Collision,2018-06-29 23:06,20,0,0,0,0,Parking lot,dry,Jordan,class 3,concrrete,night without enough light,clear,flat straight,Neglecting traffic safety precautions,Irbid,Passengers vehicle (up to 9 seats),1,0,Male
Run over,2018-06-29 23:27,40,1,0,0,0,Two ways with median island,dry,Jordan,class 3 auto,asphalt,day,clear,flat straight,Neglecting traffic safety precautions,Amman,Passengers vehicle (up to 9 seats),1,27,Male
Collision,2018-06-29 23:40,60,0,0,0,0,Two ways with median island,dry,Jordan,class 3,asphalt,day,clear,flat straight,Improper lane changes,Amman,Passengers vehicle (up to 9 seats),2,0,Unkown
Collision,2018-06-29 23:40,60,0,0,0,0,Two ways with median island,dry,Jordan,class4,asphalt,day,clear,flat straight,Violation of traffic rules,Amman,Passengers vehicle (up to 9 seats),2,41,Male
Collision,2018-06-29 23:48,60,3,0,0,0,Two ways,dry,Jordan,class 3,asphalt,night without enough light,clear,flat straight,Violation of traffic rules,Amman,Passengers vehicle (up to 9 seats),2,24,Male
Collision,2018-06-29 23:48,60,3,0,0,0,Two ways,dry,Jordan,class 3,asphalt,night without enough light,clear,flat straight,Improper lane changes,Amman,Passengers vehicle (up to 9 seats),2,118,Unkown
Collision,2018-06-29 23:50,50,0,0,0,0,Two ways with median island,dry,Jordan,class 3,asphalt,night with enough light,clear,flat straight,Violation of traffic rules,Irbid,Passengers vehicle (up to 9 seats),2,61,Male
Collision,2018-06-29 23:50,50,0,0,0,0,Two ways with median island,dry,Jordan,class 3,asphalt,night with enough light,clear,flat straight,Improper lane changes,Irbid,Truck,2,22,Male
Collision,2018-06-29 23:52,40,0,0,0,0,Two ways,dry,Jordan,class 3,asphalt,night without enough light,clear,flat straight,Violation of traffic rules,Irbid,Truck,2,33,Unkown
Collision,2018-06-29 23:52,40,0,0,0,0,Two ways,dry,Jordan,class 3,asphalt,night without enough light,clear,flat straight,Violation of traffic rules,Irbid,Passengers vehicle (up to 9 seats),2,37,Male
Collision,2018-06-29 23:57,50,0,0,0,0,Two ways with median island,dry,Jordan,class 3,asphalt,night with enough light,clear,flat straight,Violation of traffic rules,Amman,Passengers vehicle (up to 9 seats),2,73,Male
Collision,2018-06-29 23:57,50,0,0,0,0,Two ways with median island,dry,Jordan,class 3,asphalt,night with enough light,clear,flat straight,Tailgating,Amman,Passengers vehicle (up to 9 seats),2,28,Male
Collision,2018-06-30 0:05,50,0,0,0,0,Two ways,dry,Jordan,class 3,asphalt,night without enough light,clear,flat straight,Violation of traffic rules,Zarqa,Passengers vehicle (up to 9 seats),3,28,Male
Collision,2018-06-30 0:05,50,0,0,0,0,Two ways,dry,Jordan,class 3,asphalt,night without enough light,clear,flat straight,Violation of traffic rules,Zarqa,Passenger and cargo vehicle,3,27,Male
Collision,2018-06-30 0:05,50,0,0,0,0,Two ways,dry,Jordan,class 3,asphalt,night without enough light,clear,flat straight,Neglecting traffic safety precautions,Zarqa,Truck,3,19,Male
Collision,2018-06-30 0:18,60,0,0,0,0,Two ways with median island,dry,Jordan,class 3,asphalt,day,clear,flat straight,Violation of traffic rules,Amman,Passengers vehicle (up to 9 seats),2,32,Male
Collision,2018-06-30 0:18,60,0,0,0,0,Two ways with median island,dry,Jordan,class 3,asphalt,day,clear,flat straight,Neglecting traffic safety precautions,Amman,Passengers vehicle (up to 9 seats),2,27,Male
Collision,2018-06-30 0:20,40,0,0,0,0,Two ways with median island,dry,Jordan,class 3,asphalt,day,clear,flat straight,Violation of traffic rules,Amman,Passengers vehicle (up to 9 seats),3,0,Unkown
Collision,2018-06-30 0:20,40,0,0,0,0,Two ways with median island,dry,Jordan,class 3,asphalt,day,clear,flat straight,Unsafe Parking,Amman,Passengers vehicle (up to 9 seats),3,41,Female
Collision,2018-06-30 0:45,50,0,0,0,0,Two ways with median island,dry,Jordan,class4,asphalt,night with enough light,clear,flat straight,Tailgating,Amman,Passengers vehicle (up to 9 seats),2,30,Male
Collision,2018-06-30 0:45,50,0,0,0,0,Two ways with median island,dry,Jordan,class 3,asphalt,night with enough light,clear,flat straight,Violation of traffic rules,Amman,Passengers vehicle (up to 9 seats),2,27,Male
Collision,2018-06-30 0:24,70,0,0,0,0,Two ways with median island,dry,Jordan,class 3,asphalt,night with enough light,clear,flat straight,Violation of traffic rules,Irbid,Passengers vehicle (up to 9 seats),2,0,Unkown
Collision,2018-06-30 0:24,70,0,0,0,0,Two ways with median island,dry,Jordan,class 3,asphalt,night with enough light,clear,flat straight,Improper lane changes,Irbid,Passengers vehicle (up to 9 seats),2,32,Male