Accident Type,Date,Speed (Km),Simple Injuries,Severe Injuries,Death,Medium Injuries,Road Lanes,Road Surfuce Description,Vehicle Country,Driver Licensee Type,Road Type,Light,Weather,Road Proerties,Driver Mistake,City,Vehicle type,Number of Cars,Driver Age,Sex
Collision,2018-06-30 12:11,60,0,0,0,0,Two ways with median island,dry,Jordan,class5,asphalt,day,clear,flat curved,Violation of traffic rules,Irbid,Passengers vehicle (up to 9 seats),2,39,Male
Collision,2018-06-30 12:11,60,0,0,0,0,Two ways with median island,dry,Jordan,class 3,asphalt,day,clear,flat curved,Tailgating,Irbid,Passengers vehicle (up to 9 seats),2,32,Male
Collision,2018-06-30 12:14,30,0,0,0,0,Two ways,dry,Jordan,class 3,asphalt,day,clear,flat straight,Tailgating,Amman,Passengers vehicle (up to 9 seats),2,49,Male
Collision,2018-06-30 12:14,30,0,0,0,0,Two ways,dry,Jordan,class 3,asphalt,day,clear,flat straight,Violation of traffic rules,Amman,Passengers vehicle (up to 9 seats),2,47,Female
Collision,2018-06-30 12:15,60,0,0,0,0,One way,dry,Jordan,class 3 auto,asphalt,day,clear,flat straight,Neglecting traffic safety precautions,Amman,Passengers vehicle (up to 9 seats),2,28,Female
Collision,2018-09-29 17:10,60,0,0,0,0,Two ways with median island,dry,Jordan,class 3,asphalt,day,clear,flat straight,Violation of traffic rules,Irbid,Passenger and cargo vehicle,2,0,Unkown
Collision,2018-06-30 12:16,40,0,0,0,0,Two ways with median island,dry,Jordan,class 3,asphalt,day,clear,flat straight,Neglecting traffic safety precautions,Amman,Passengers vehicle (up to 9 seats),2,0,Unkown
Collision,2018-06-30 12:16,40,0,0,0,0,Two ways with median island,dry,Jordan,class 3,asphalt,day,clear,flat straight,Violation of traffic rules,Amman,Passengers vehicle (up to 9 seats),2,20,Male
Collision,2018-06-30 12:26,50,0,0,0,0,Two ways with median island,dry,Jordan,class 3,asphalt,day,clear,flat straight,Improper lane changes,Amman,Truck,2,56,Male
Collision,2018-06-30 12:26,50,0,0,0,0,Two ways with median island,dry,Jordan,class 3,asphalt,day,clear,flat straight,Violation of traffic rules,Amman,Passengers vehicle (up to 9 seats),2,19,Male
Collision,2018-06-30 12:27,40,0,0,0,0,Parking lot,dry,Jordan,class 6b,asphalt,day,clear,flat straight,Neglecting traffic safety precautions,Zarqa,Trailer private use,2,32,Male
Collision,2018-06-30 12:27,40,0,0,0,0,Parking lot,dry,Jordan,class 3,asphalt,day,clear,flat straight,Violation of traffic rules,Zarqa,Passengers vehicle (up to 9 seats),2,36,Male
Collision,2018-06-30 12:28,80,0,0,0,0,Two ways with median island,dry,Jordan,class 3,asphalt,day,clear,flat straight,Tailgating,Irbid,Truck,2,36,Male
Collision,2018-06-30 12:28,80,0,0,0,0,Two ways with median island,dry,Jordan,class 3,asphalt,day,clear,flat straight,Violation of traffic rules,Irbid,Passengers vehicle (up to 9 seats),2,38,Male
Collision,2018-06-30 12:28,40,0,0,0,0,Two ways,dry,Jordan,class 3,asphalt,day,clear,flat straight,Violation of traffic rules,Amman,Passengers vehicle (up to 9 seats),3,0,Unkown
Collision,2018-06-30 12:28,40,0,0,0,0,Two ways,dry,Jordan,class 3,asphalt,day,clear,flat straight,Improper lane changes,Amman,Passengers vehicle (up to 9 seats),3,45,Female
Collision,2018-06-30 12:32,60,0,0,0,0,Two ways with median island,dry,Jordan,class 3,asphalt,day,clear,flat straight,Violation of traffic rules,Amman,Passengers vehicle (up to 9 seats),2,48,Female
Collision,2018-06-30 12:32,60,0,0,0,0,Two ways with median island,dry,Jordan,class 3,asphalt,day,clear,flat straight,Tailgating,Amman,Passengers vehicle (up to 9 seats),2,33,Male
Collision,2018-06-30 12:32,50,0,0,0,0,Two ways with median island,dry,Jordan,class 3,asphalt,day,clear,flat straight,Tailgating,Amman,Passengers vehicle (up to 9 seats),2,33,Male
Collision,2018-06-30 12:32,50,0,0,0,0,Two ways with median island,dry,Jordan,class 3,asphalt,day,clear,flat straight,Violation of traffic rules,Amman,Passengers vehicle (up to 9 seats),2,56,Male
Collision,2018-06-30 14:10,50,0,0,0,0,Two ways with median island,dry,Jordan,class 3 auto,asphalt,day,clear,flat straight,Neglecting traffic safety precautions,Amman,Passengers vehicle (up to 9 seats),2,45,Female
Collision,2018-06-30 14:10,50,0,0,0,0,Two ways with median island,dry,Jordan,class 3,asphalt,day,clear,flat straight,Violation of traffic rules,Amman,Passengers vehicle (up to 9 seats),2,23,Male
Collision,2018-06-30 12:38,60,0,0,0,0,Two ways,dry,Jordan,class4,asphalt,day,clear,flat straight,Tailgating,Amman,Truck,2,34,Male
Collision,2018-06-30 12:38,60,0,0,0,0,Two ways,dry,Jordan,class 6ab,asphalt,day,clear,flat straight,Violation of traffic rules,Amman,Passengers vehicle (up to 9 seats),2,57,Male
Collision,2018-06-30 12:42,50,0,0,0,0,Two ways,dry,Jordan,class4,asphalt,day,clear,flat straight,Improper lane changes,Amman,Passengers vehicle (up to 9 seats),2,34,Male
Collision,2018-06-30 12:42,50,0,0,0,0,Two ways,dry,Jordan,class 3,asphalt,day,clear,flat straight,Violation of traffic rules,Amman,Passengers vehicle (up to 9 seats),2,32,Female
Collision,2018-06-30 12:48,60,0,0,0,0,Two ways with median island,dry,Jordan,class 3 auto,asphalt,day,clear,flat straight,Tailgating,Amman,Passengers vehicle (up to 9 seats),2,24,Female
Collision,2018-06-30 12:48,60,0,0,0,0,Two ways with median island,dry,Jordan,class 3,asphalt,day,clear,flat straight,Violation of traffic rules,Amman,Passengers vehicle (up to 9 seats),2,25,Male
Collision,2018-06-30 12:48,40,0,0,0,0,Two ways,dry,Jordan,class4,asphalt,day,clear,flat straight,Improper reversing,Zarqa,Truck,2,38,Male
Collision,2018-06-30 12:48,40,0,0,0,0,Two ways,dry,Jordan,class 3,asphalt,day,clear,flat straight,Violation of traffic rules,Zarqa,Passengers vehicle (up to 9 seats),2,53,Male
Collision,2018-06-30 12:51,60,0,0,0,0,Two ways with median island,dry,Jordan,class5,asphalt,day,clear,flat straight,Open door while driving or parking,Zarqa,Passengers Van or small bus (10 to 30 seats),2,27,Male
Collision,2018-06-30 12:51,60,0,0,0,0,Two ways with median island,dry,Jordan,class 3,asphalt,day,clear,flat straight,Violation of traffic rules,Zarqa,Passengers vehicle (up to 9 seats),2,30,Male
Collision,2018-06-30 12:51,50,0,0,0,0,Two ways with median island,dry,Jordan,class 3,asphalt,day,clear,flat straight,Violation of traffic rules,Irbid,Passengers vehicle (up to 9 seats),2,30,Male
Collision,2018-06-30 12:51,50,0,0,0,0,Two ways with median island,dry,Jordan,class 3,asphalt,day,clear,flat straight,Improper lane changes,Irbid,Passengers vehicle (up to 9 seats),2,37,Male
Collision,2018-06-30 12:54,40,0,0,0,0,Two ways,dry,Jordan,class4,asphalt,day,clear,flat straight,Neglecting traffic safety precautions,Irbid,Passengers vehicle (up to 9 seats),2,21,Unkown
Collision,2018-06-30 12:54,40,0,0,0,0,Two ways,dry,Jordan,class 3,asphalt,day,clear,flat straight,Violation of traffic rules,Irbid,Passengers vehicle (up to 9 seats),2,60,Male
Collision,2018-09-29 21:03,50,0,0,0,0,Two ways with median island,dry,Jordan,class 3,asphalt,night without enough light,clear,flat straight,Violation of traffic rules,Amman,Passengers vehicle (up to 9 seats),2,0,Unkown
Collision,2018-06-30 12:53,60,0,0,0,0,Two ways with median island,dry,Jordan,class 3,asphalt,day,clear,flat straight,Neglecting traffic safety precautions,Amman,Passengers vehicle (up to 9 seats),2,47,Female
Collision,2018-06-30 12:56,40,0,0,0,0,Two ways,dry,Jordan,class 3,asphalt,day,clear,flat straight,Violation of traffic rules,Jerash,Passenger and cargo vehicle,2,23,Male
Collision,2018-06-30 12:56,40,0,0,0,0,Two ways,dry,Jordan,class 3,asphalt,day,clear,flat straight,Violation of traffic rules,Jerash,Passengers vehicle (up to 9 seats),2,45,Male
Collision,2018-06-30 12:57,60,0,0,0,0,Two ways with median island,dry,Jordan,class 3 auto,asphalt,day,clear,flat straight,Sharp curved,Amman,Passengers vehicle (up to 9 seats),1,0,Unkown
Collision,2018-06-30 12:57,60,0,0,0,0,Two ways with median island,dry,Jordan,class5,asphalt,day,clear,flat straight,Neglecting traffic safety precautions,Amman,Passenger and cargo vehicle,2,40,Male
Collision,2018-06-30 12:57,60,0,0,0,0,Two ways with median island,dry,Jordan,class5,asphalt,day,clear,flat straight,Violation of traffic rules,Amman,Passengers vehicle (up to 9 seats),2,27,Male
Collision,2018-06-30 12:59,60,0,0,0,0,Two ways with median island,dry,Jordan,class 3,asphalt,day,clear,flat straight,Tailgating,Amman,Passengers vehicle (up to 9 seats),2,40,Male
Collision,2018-06-30 12:59,60,0,0,0,0,Two ways with median island,dry,Jordan,class4,asphalt,day,clear,flat straight,Violation of traffic rules,Amman,Passengers vehicle (up to 9 seats),2,32,Male
Collision,2018-06-30 12:59,40,0,0,0,0,Two ways,dry,Jordan,class 3,asphalt,day,clear,flat straight,Violation of traffic rules,Amman,Passengers vehicle (up to 9 seats),2,23,Male
Collision,2018-06-30 12:59,40,0,0,0,0,Two ways,dry,Jordan,class 3,asphalt,day,clear,flat straight,Tailgating,Amman,Passengers vehicle (up to 9 seats),2,118,Male
Collision,2018-06-30 13:00,60,0,0,0,0,Two ways with median island,dry,Jordan,class5,asphalt,day,clear,flat straight,Improper lane changes,Balqa,Truck,2,43,Male
Collision,2018-06-30 13:00,60,0,0,0,0,Two ways with median island,dry,Jordan,class 3,asphalt,day,clear,flat straight,Violation of traffic rules,Balqa,Passengers vehicle (up to 9 seats),2,34,Female
Collision,2018-06-30 13:00,60,0,0,0,0,Two ways with median island,dry,Jordan,class4,asphalt,day,clear,flat straight,Violation of traffic rules,Amman,Passengers vehicle (up to 9 seats),2,31,Male
Collision,2018-06-30 13:00,60,0,0,0,0,Two ways with median island,dry,Jordan,class4,asphalt,day,clear,flat straight,Violation of traffic rules,Amman,Passengers vehicle (up to 9 seats),2,66,Male
Collision,2018-06-30 14:50,50,0,0,0,0,Two ways with median island,dry,Jordan,class 3,asphalt,day,clear,flat straight,Violation of traffic rules,Amman,Passengers vehicle (up to 9 seats),2,52,Male
Collision,2018-06-30 14:50,50,0,0,0,0,Two ways with median island,dry,Jordan,class 3 auto,asphalt,day,clear,flat straight,Violation of traffic rules,Amman,Passengers vehicle (up to 9 seats),2,35,Female
Collision,2018-06-30 13:06,40,0,0,0,0,Two ways,dry,Jordan,class 3,asphalt,day,clear,flat straight,Tailgating,Amman,Passengers vehicle (up to 9 seats),2,32,Female
Collision,2018-06-30 13:06,40,0,0,0,0,Two ways,dry,Jordan,class 3,asphalt,day,clear,flat straight,Violation of traffic rules,Amman,Passengers vehicle (up to 9 seats),2,37,Female
Collision,2018-06-30 13:07,60,2,0,0,0,Two ways with median island,dry,Jordan,class5,asphalt,day,clear,flat straight,Tailgating,Amman,Truck,3,25,Male
Collision,2018-06-30 13:07,60,2,0,0,0,Two ways with median island,dry,Jordan,class 6ab,asphalt,day,clear,flat straight,Violation of traffic rules,Amman,Trailer private use,3,63,Male
Collision,2018-06-30 13:07,60,2,0,0,0,Two ways with median island,dry,Jordan,class 3,asphalt,day,clear,flat straight,Violation of traffic rules,Amman,Passengers vehicle (up to 9 seats),3,41,Female
Collision,2018-06-30 11:35,40,0,0,0,0,Two ways with median island,dry,Jordan,class 3,asphalt,day,clear,flat straight,Violation of traffic rules,Amman,Passengers vehicle (up to 9 seats),2,34,Female
Collision,2018-06-30 11:35,40,0,0,0,0,Two ways with median island,dry,Jordan,class 3,asphalt,day,clear,flat straight,Running a red light,Amman,Passengers vehicle (up to 9 seats),2,31,Male
Collision,2018-06-30 13:12,60,0,0,0,0,Two ways,dry,Jordan,class5,asphalt,day,clear,flat straight,Neglecting traffic safety precautions,Amman,Vehicle for private use,2,44,Male
Collision,2018-06-30 13:12,60,0,0,0,0,Two ways,dry,Jordan,class 3,asphalt,day,clear,flat straight,Violation of traffic rules,Amman,Passengers vehicle (up to 9 seats),2,0,Unkown
Collision,2018-06-30 13:14,60,0,0,0,0,Two ways with median island,dry,Jordan,class 3,asphalt,day,clear,flat straight,Neglecting traffic safety precautions,Amman,Passengers vehicle (up to 9 seats),2,35,Male
Collision,2018-06-30 13:14,60,0,0,0,0,Two ways with median island,dry,Jordan,class 3,asphalt,day,clear,flat straight,Neglecting traffic safety precautions,Amman,Passenger and cargo vehicle,2,56,Male
Collision,2018-06-30 13:13,40,0,0,0,0,Two ways,dry,Jordan,class 3,asphalt,day,clear,straight ramp,Violation of traffic rules,Mafraq,Truck,2,24,Male
Collision,2018-06-30 13:13,40,0,0,0,0,Two ways,dry,Jordan,class 3,asphalt,day,clear,straight ramp,Unsafe Parking,Mafraq,Truck,2,19,Male
Collision,2018-06-30 13:14,20,0,0,0,0,Two ways,dry,Jordan,class 3,asphalt,day,clear,flat straight,Tailgating,Amman,Truck,2,25,Male
Collision,2018-06-30 13:14,20,0,0,0,0,Two ways,dry,Jordan,class 3,asphalt,day,clear,flat straight,Violation of traffic rules,Amman,Passengers vehicle (up to 9 seats),2,36,Male
Collision,2018-06-30 13:20,80,0,0,0,0,Two ways with median island,dry,Jordan,class4,asphalt,day,clear,flat straight,Violation of traffic rules,Irbid,Passengers vehicle (up to 9 seats),3,41,Male
Collision,2018-06-30 13:20,80,0,0,0,0,Two ways with median island,dry,Jordan,class 3,asphalt,day,clear,flat straight,Stopping in the lane and blocking traffic,Irbid,Truck,3,32,Male
Collision,2018-06-30 13:20,80,0,0,0,0,Two ways with median island,dry,Jordan,class 3,asphalt,day,clear,flat straight,Neglecting traffic safety precautions,Irbid,Truck,3,25,Male
Collision,2018-06-30 13:21,40,0,0,0,0,Two ways with median island,dry,Jordan,class5,asphalt,day,clear,flat straight,Violation of traffic rules,Amman,Passengers vehicle (up to 9 seats),2,27,Male
Collision,2018-06-30 13:21,40,0,0,0,0,Two ways with median island,dry,Jordan,class 3,asphalt,day,clear,flat straight,Violation of traffic rules,Amman,Passenger and cargo vehicle,2,61,Male
Collision,2018-06-30 12:00,50,0,0,0,0,Two ways with median island,dry,Jordan,class 3 auto,asphalt,day,clear,flat straight,Violation of traffic rules,Amman,Passengers vehicle (up to 9 seats),2,28,Male
Collision,2018-06-30 12:00,50,0,0,0,0,Two ways with median island,dry,Jordan,class 6ab,asphalt,day,clear,flat straight,Improper lane changes,Amman,Trailer private use,2,41,Male
Collision,2018-06-30 13:27,60,0,0,0,0,Two ways with median island,dry,Jordan,class 3,asphalt,day,clear,flat straight,Violation of traffic rules,Amman,Passengers vehicle (up to 9 seats),2,40,Female
Collision,2018-06-30 13:27,60,0,0,0,0,Two ways with median island,dry,Jordan,class 3,asphalt,day,clear,flat straight,Tailgating,Amman,Truck,2,0,Unkown
Collision,2018-06-30 13:27,60,0,0,0,0,Two ways,dry,Jordan,class4,asphalt,day,clear,flat straight,Violation of traffic rules,Amman,Passengers vehicle (up to 9 seats),2,30,Male
Collision,2018-06-30 13:27,60,0,0,0,0,Two ways,dry,Jordan,class 3,asphalt,day,clear,flat straight,Open door while driving or parking,Amman,Passengers vehicle (up to 9 seats),2,43,Male
Collision,2018-06-30 13:26,50,0,0,0,0,Two ways with median island,dry,Jordan,class 3,asphalt,day,clear,flat straight,Violation of traffic rules,Amman,Passengers vehicle (up to 9 seats),2,36,Male
Collision,2018-06-30 13:26,50,0,0,0,0,Two ways with median island,dry,Jordan,class 3,asphalt,day,clear,flat straight,Neglecting traffic safety precautions,Amman,Truck,2,23,Male
Collision,2018-06-30 13:30,50,0,0,0,0,One way,dry,Jordan,class 3,asphalt,day,clear,flat straight,Violation of traffic rules,Amman,Passengers vehicle (up to 9 seats),2,28,Male
Collision,2018-06-30 13:30,50,0,0,0,0,One way,dry,Jordan,class 3,asphalt,day,clear,flat straight,Tailgating,Amman,Passengers vehicle (up to 9 seats),2,23,Male
Collision,2018-06-30 13:31,40,0,0,0,0,Two ways,dry,Jordan,class 3,asphalt,day,clear,flat straight,Improper reversing,Amman,Passengers vehicle (up to 9 seats),2,44,Male
Collision,2018-06-30 13:31,40,0,0,0,0,Two ways,dry,Jordan,class 3,asphalt,day,clear,flat straight,Violation of traffic rules,Amman,Passengers vehicle (up to 9 seats),2,35,Male
Collision,2018-06-30 13:32,40,0,0,0,0,Two ways,dry,Jordan,class 3,asphalt,day,clear,flat straight,Tailgating,Amman,Passengers vehicle (up to 9 seats),2,29,Male
Collision,2018-06-30 13:32,40,0,0,0,0,Two ways,dry,Jordan,class 3,asphalt,day,clear,flat straight,Violation of traffic rules,Amman,Passengers vehicle (up to 9 seats),2,21,Male
Collision,2018-06-30 13:35,40,0,0,0,0,Two ways,dry,Jordan,class 6ab,asphalt,day,clear,flat straight,Violation of traffic rules,Irbid,Passengers vehicle (up to 9 seats),2,48,Male
Collision,2018-06-30 13:35,40,0,0,0,0,Two ways,dry,Jordan,class 3,asphalt,day,clear,flat straight,Running a stop sign,Irbid,Passengers vehicle (up to 9 seats),2,82,Male
Collision,2018-06-30 13:36,60,0,0,0,0,Two ways,dry,Jordan,class 6ab,asphalt,day,clear,flat straight,Violation of traffic rules,Amman,Passengers vehicle (up to 9 seats),2,43,Male
Collision,2018-06-30 13:36,60,0,0,0,0,Two ways,dry,Jordan,class 3,asphalt,day,clear,flat straight,Violation of traffic rules,Amman,Passengers vehicle (up to 9 seats),2,28,Female
Collision,2018-06-30 13:37,60,0,0,0,0,Two ways with median island,dry,Jordan,class 3,asphalt,day,clear,flat straight,Violation of traffic rules,Amman,Passengers vehicle (up to 9 seats),2,28,Male
Collision,2018-06-30 13:37,60,0,0,0,0,Two ways with median island,dry,Jordan,class 3,asphalt,day,clear,flat straight,Tailgating,Amman,Truck,2,26,Male
Collision,2018-06-30 13:37,40,0,0,0,0,Two ways with median island,dry,Jordan,class 3,asphalt,day,clear,flat straight,Tailgating,Amman,Passengers vehicle (up to 9 seats),2,35,Male
Collision,2018-06-30 13:37,40,0,0,0,0,Two ways with median island,dry,Jordan,class 3,asphalt,day,clear,flat straight,Violation of traffic rules,Amman,Passengers vehicle (up to 9 seats),2,32,Male
Collision,2018-06-30 13:41,60,0,0,0,0,Two ways with median island,dry,Jordan,class 3,asphalt,day,clear,flat straight,Improper lane changes,Amman,Truck,2,27,Male
Collision,2018-06-30 13:41,60,0,0,0,0,Two ways with median island,dry,Jordan,class 3,asphalt,day,clear,flat straight,Violation of traffic rules,Amman,Passengers vehicle (up to 9 seats),2,69,Male
Collision,2018-06-30 13:44,60,0,0,0,0,Two ways,dry,Jordan,class4,asphalt,day,clear,flat straight,Neglecting traffic safety precautions,Mafraq,Passenger and cargo vehicle,2,49,Male
Collision,2018-06-30 13:44,60,0,0,0,0,Two ways,dry,Jordan,class 3,asphalt,day,clear,flat straight,Violation of traffic rules,Mafraq,Passengers vehicle (up to 9 seats),2,44,Male
Collision,2018-06-30 13:44,60,0,0,0,0,Two ways with median island,dry,Jordan,class 3,asphalt,day,clear,flat straight,Violation of traffic rules,Amman,Passengers vehicle (up to 9 seats),2,36,Female
Collision,2018-06-30 13:44,60,0,0,0,0,Two ways with median island,dry,Jordan,class 3,asphalt,day,clear,flat straight,Improper lane changes,Amman,Passengers vehicle (up to 9 seats),2,65,Female
Collision,2018-06-30 13:47,60,0,0,0,0,Two ways,dry,Jordan,class4,asphalt,day,clear,flat straight,Tailgating,Madaba,Passengers vehicle (up to 9 seats),2,51,Male
Collision,2018-06-30 13:47,60,0,0,0,0,Two ways,dry,Jordan,class 3,asphalt,day,clear,flat straight,Violation of traffic rules,Madaba,Passenger and cargo vehicle,2,31,Male
Collision,2018-06-30 13:51,60,0,0,0,0,Two ways,dry,Jordan,class 3,asphalt,day,clear,flat straight,Tailgating,Amman,Passengers vehicle (up to 9 seats),2,50,Male
Collision,2018-06-30 13:51,60,0,0,0,0,Two ways,dry,Jordan,class 3,asphalt,day,clear,flat straight,Violation of traffic rules,Amman,Passenger and cargo vehicle,2,31,Male
Collision,2018-06-30 13:49,50,0,0,0,0,Two ways,dry,Jordan,class5,asphalt,day,clear,flat straight,Violation of traffic rules,Amman,Passengers vehicle (up to 9 seats),2,55,Female
Collision,2018-06-30 13:49,50,0,0,0,0,Two ways,dry,Jordan,class4,asphalt,day,clear,flat straight,Neglecting traffic safety precautions,Amman,Truck,2,23,Male
Collision,2018-06-30 13:52,50,0,0,0,0,Two ways,dry,KSA,unkown driver,asphalt,day,clear,flat straight,Neglecting traffic safety precautions,Amman,Passengers vehicle (up to 9 seats),2,118,Male
Collision,2018-06-30 13:52,50,0,0,0,0,Two ways,dry,Jordan,unkown driver,asphalt,day,clear,flat straight,Violation of traffic rules,Amman,Passengers vehicle (up to 9 seats),2,118,Female
Collision,2018-06-30 13:57,40,0,0,0,0,Two ways,dry,Jordan,class 6ab,asphalt,day,clear,flat straight,Violation of traffic rules,Amman,Passengers vehicle (up to 9 seats),2,57,Male
Collision,2018-06-30 13:57,40,0,0,0,0,Two ways,dry,Jordan,class 3,asphalt,day,clear,flat straight,Tailgating,Amman,Passengers vehicle (up to 9 seats),2,35,Male
Collision,2018-06-30 13:59,40,0,0,0,0,Two ways with median island,dry,Jordan,class 3,asphalt,day,clear,flat straight,Improper lane changes,Irbid,Truck,2,21,Male
Collision,2018-06-30 13:59,40,0,0,0,0,Two ways with median island,dry,Jordan,class 3,asphalt,day,clear,flat straight,Violation of traffic rules,Irbid,Passenger and cargo vehicle,2,33,Male
Collision,2018-06-30 14:03,60,0,0,0,0,Two ways,dry,KSA,class 3 auto,asphalt,day,clear,flat straight,Running a stop sign,Amman,Passengers vehicle (up to 9 seats),2,0,Female
Collision,2018-06-30 14:03,60,0,0,0,0,Two ways,dry,Jordan,class 3,asphalt,day,clear,flat straight,Violation of traffic rules,Amman,Passengers vehicle (up to 9 seats),2,23,Male
Collision,2018-06-30 14:04,70,1,0,0,0,Two ways with median island,dry,Jordan,class4,asphalt,day,clear,Upright straight,Improper lane changes,Balqa,Truck,2,33,Male
Collision,2018-06-30 14:04,70,1,0,0,0,Two ways with median island,dry,Jordan,class 3,asphalt,day,clear,Upright straight,Violation of traffic rules,Balqa,Passengers vehicle (up to 9 seats),2,39,Male
Collision,2018-06-30 14:06,60,0,0,0,0,Two ways,dry,Jordan,class 3,asphalt,day,clear,flat straight,Improper lane changes,Amman,Passengers vehicle (up to 9 seats),1,65,Male
Run over,2018-06-30 14:07,50,1,0,0,0,Two ways with median island,dry,Jordan,class 3 auto,asphalt,day,clear,straight ramp,Neglecting traffic safety precautions,Amman,Passengers vehicle (up to 9 seats),2,24,Female
Run over,2018-06-30 14:07,50,1,0,0,0,Two ways with median island,dry,Jordan,class 3,asphalt,day,clear,straight ramp,Violation of traffic rules,Amman,Truck,2,29,Male
Collision,2018-06-30 14:05,60,0,0,0,0,Two ways,dry,Jordan,class 3,asphalt,day,clear,flat straight,Violation of traffic rules,Amman,Passengers vehicle (up to 9 seats),2,118,Male
Collision,2018-06-30 14:05,60,0,0,0,0,Two ways,dry,Jordan,class 3,asphalt,day,clear,flat straight,Violation of traffic rules,Amman,Passenger and cargo vehicle,2,80,Male
Collision,2018-06-30 14:12,40,0,0,0,0,Two ways with median island,dry,Jordan,class4,asphalt,day,clear,flat straight,Violation of traffic rules,Irbid,Passengers vehicle (up to 9 seats),2,26,Male
Collision,2018-06-30 14:12,40,0,0,0,0,Two ways with median island,dry,Jordan,class 3,asphalt,day,clear,flat straight,Improper reversing,Irbid,Passenger and cargo vehicle,2,23,Male
Collision,2018-06-30 14:13,50,0,0,0,0,Two ways with median island,dry,Jordan,class 3,asphalt,day,clear,flat straight,Tailgating,Amman,Truck,2,29,Male
Collision,2018-06-30 14:13,50,0,0,0,0,Two ways with median island,dry,Jordan,class 3,asphalt,day,clear,flat straight,Violation of traffic rules,Amman,Passengers vehicle (up to 9 seats),2,49,Male
Collision,2018-06-30 14:14,40,0,0,0,0,Two ways,dry,Jordan,class 3,asphalt,day,clear,flat straight,Violation of traffic rules,Amman,Passengers vehicle (up to 9 seats),2,0,Unkown
Collision,2018-06-30 14:14,40,0,0,0,0,Two ways,dry,Jordan,class 3,asphalt,day,clear,flat straight,Running a stop sign,Amman,Passengers vehicle (up to 9 seats),2,44,Male
Collision,2018-06-30 14:15,50,0,0,0,1,Two ways,dry,Jordan,class 3,asphalt,day,clear,flat straight,Improper reversing,Amman,Passenger and cargo vehicle,2,118,Unkown
Collision,2018-06-30 14:15,50,0,0,0,1,Two ways,dry,Jordan,class 3,asphalt,day,clear,flat straight,Violation of traffic rules,Amman,Passengers vehicle (up to 9 seats),2,33,Male
Collision,2018-06-30 14:17,50,0,0,0,0,One way,dry,Jordan,class 3 auto,asphalt,day,clear,flat straight,Improper lane changes,Amman,Passengers vehicle (up to 9 seats),2,28,Female
Collision,2018-06-30 14:17,50,0,0,0,0,One way,dry,Jordan,class4,asphalt,day,clear,flat straight,Violation of traffic rules,Amman,Passengers vehicle (up to 9 seats),2,46,Male
Collision,2018-06-30 14:17,70,0,0,0,0,Two ways with median island,dry,Jordan,class 6ab,asphalt,day,clear,flat straight,Tailgating,Balqa,Truck,2,49,Male
Collision,2018-06-30 14:17,70,0,0,0,0,Two ways with median island,dry,Jordan,class5,asphalt,day,clear,flat straight,Violation of traffic rules,Balqa,Passengers Van or small bus (10 to 30 seats),2,25,Male
Collision,2018-06-30 14:19,60,0,0,0,0,Two ways with median island,dry,Jordan,class 3,asphalt,day,clear,flat straight,Violation of traffic rules,Amman,Passengers vehicle (up to 9 seats),4,35,Male
Collision,2018-06-30 14:19,60,0,0,0,0,Two ways with median island,dry,Jordan,unkown driver,asphalt,day,clear,flat straight,Violation of traffic rules,Amman,Passengers vehicle (up to 9 seats),4,118,Unkown
Collision,2018-06-30 14:19,60,0,0,0,0,Two ways with median island,dry,Jordan,class 3,asphalt,day,clear,flat straight,Tailgating,Amman,Passengers vehicle (up to 9 seats),4,23,Male
Collision,2018-06-30 14:19,60,0,0,0,0,Two ways with median island,dry,Jordan,class 3,asphalt,day,clear,flat straight,Violation of traffic rules,Amman,Passengers vehicle (up to 9 seats),4,35,Female
Collision,2018-06-30 14:20,50,0,0,0,0,Two ways with median island,dry,Jordan,class4,asphalt,day,clear,flat straight,Violation of traffic rules,Amman,Truck,2,50,Male
Collision,2018-06-30 14:20,50,0,0,0,0,Two ways with median island,dry,Jordan,class 3,asphalt,day,clear,flat straight,Violation of traffic rules,Amman,Passengers vehicle (up to 9 seats),2,24,Male
Collision,2018-06-30 14:29,50,0,0,0,0,Two ways,dry,Jordan,class 3,asphalt,day,clear,flat straight,Improper reversing,Balqa,Passenger and cargo vehicle,2,41,Male
Collision,2018-06-30 14:29,50,0,0,0,0,Two ways,dry,Jordan,class 3,asphalt,day,clear,flat straight,Violation of traffic rules,Balqa,Passengers vehicle (up to 9 seats),2,31,Male
Collision,2018-06-30 14:30,50,0,0,0,0,Two ways with median island,dry,Jordan,class4,asphalt,day,clear,flat straight,Violation of traffic rules,Amman,Passengers vehicle (up to 9 seats),2,25,Male
Collision,2018-06-30 14:30,50,0,0,0,0,Two ways with median island,dry,Jordan,class 3,asphalt,day,clear,flat straight,Tailgating,Amman,Passengers vehicle (up to 9 seats),2,33,Male
Collision,2018-06-30 14:33,20,0,0,0,0,Public Parks,dry,Jordan,class5,asphalt,day,clear,flat straight,Neglecting traffic safety precautions,Mafraq,Passengers Van or small bus (10 to 30 seats),2,56,Male
Collision,2018-06-30 14:33,20,0,0,0,0,Public Parks,dry,Jordan,class4,asphalt,day,clear,flat straight,Violation of traffic rules,Mafraq,Passengers Van or small bus (10 to 30 seats),2,36,Male
Collision,2018-06-30 14:31,60,0,0,0,0,Two ways with median island,dry,Jordan,class 3,asphalt,day,clear,flat straight,Improper reversing,Amman,Truck,2,27,Male
Collision,2018-06-30 14:31,60,0,0,0,0,Two ways with median island,dry,Jordan,class4,asphalt,day,clear,flat straight,Violation of traffic rules,Amman,Passengers vehicle (up to 9 seats),2,37,Male
Collision,2018-06-30 14:36,50,0,0,0,0,Two ways with median island,dry,Jordan,class 3,asphalt,day,clear,flat straight,Improper reversing,Amman,Passengers vehicle (up to 9 seats),2,0,Unkown
Collision,2018-09-29 21:50,40,0,0,0,0,Two ways,dry,Jordan,class 3,asphalt,night without enough light,clear,flat straight,Violation of traffic rules,Irbid,Passenger and cargo vehicle,2,0,Unkown