Accident Type,Date,Speed (Km),Simple Injuries,Severe Injuries,Death,Medium Injuries,Road Lanes,Road Surfuce Description,Vehicle Country,Driver Licensee Type,Road Type,Light,Weather,Road Proerties,Driver Mistake,City,Vehicle type,Number of Cars,Driver Age,Sex
Collision,2018-04-01 10:59,40,0,0,0,0,Two ways with median island,dry,Jordan,class4,asphalt,day,clear,flat straight,Open door while driving or parking,Amman,Truck,2,23,Male
Collision,2018-04-01 11:01,50,0,0,0,0,One way,dry,Jordan,class 3,asphalt,day,clear,flat straight,Violation of traffic rules,Amman,Passengers vehicle (up to 9 seats),2,72,Male
Collision,2018-04-01 11:01,50,0,0,0,0,One way,dry,Jordan,class 3 auto,asphalt,day,clear,flat straight,Violation of traffic rules,Amman,Passengers vehicle (up to 9 seats),2,40,Female
Collision,2018-04-01 11:02,50,0,0,0,0,Two ways,dry,Jordan,class 3,asphalt,day,clear,flat straight,Violation of traffic rules,Amman,Passengers vehicle (up to 9 seats),2,35,Male
Collision,2018-04-01 11:02,50,0,0,0,0,Two ways,dry,Jordan,class 3 auto,asphalt,day,clear,flat straight,Neglecting traffic safety precautions,Amman,Passengers vehicle (up to 9 seats),2,35,Female
Collision,2018-04-01 11:06,40,0,0,0,0,Two ways,dry,Jordan,class5,asphalt,day,clear,flat straight,Neglecting traffic safety precautions,Amman,Passengers Van or small bus (10 to 30 seats),1,56,Male
Collision,2018-04-01 11:07,40,0,0,0,0,Two ways,dry,Jordan,class 3,asphalt,day,clear,flat straight,Violation of traffic rules,Zarqa,Passengers vehicle (up to 9 seats),2,71,Male
Collision,2018-04-01 11:07,40,0,0,0,0,Two ways,dry,Jordan,class5,asphalt,day,clear,flat straight,Neglecting traffic safety precautions,Zarqa,Truck,2,27,Male
Collision,2018-04-01 11:16,60,0,0,0,0,Two ways with median island,dry,Jordan,class 3,asphalt,day,clear,flat straight,Violation of traffic rules,Amman,Passengers vehicle (up to 9 seats),2,45,Male
Collision,2018-04-01 11:16,60,0,0,0,0,Two ways with median island,dry,Jordan,class4,asphalt,day,clear,flat straight,Tailgating,Amman,Passengers vehicle (up to 9 seats),2,33,Male
Collision,2018-04-01 11:17,50,0,0,0,0,Two ways,dry,Jordan,class 3,concrrete,day,clear,flat straight,Open door while driving or parking,Amman,Passengers vehicle (up to 9 seats),2,33,Male
Collision,2018-04-01 11:17,50,0,0,0,0,Two ways,dry,Jordan,class 3,concrrete,day,clear,flat straight,Violation of traffic rules,Amman,Passenger and cargo vehicle,2,41,Male
Collision,2018-04-01 11:21,40,0,0,0,0,Two ways with median island,dry,Jordan,class 3,asphalt,day,clear,flat straight,Violation of traffic rules,Amman,Passengers vehicle (up to 9 seats),2,31,Male
Collision,2018-04-01 11:21,40,0,0,0,0,Two ways with median island,dry,Jordan,class 3,asphalt,day,clear,flat straight,Violation of traffic rules,Amman,Passenger and cargo vehicle,2,30,Male
Collision,2018-04-01 11:21,40,0,0,0,0,Two ways with median island,dry,Jordan,class 3,asphalt,day,clear,flat straight,Violation of traffic rules,Madaba,Passengers vehicle (up to 9 seats),2,34,Male
Collision,2018-04-01 11:21,40,0,0,0,0,Two ways with median island,dry,Jordan,class 3,asphalt,day,clear,flat straight,Improper reversing,Madaba,Passengers vehicle (up to 9 seats),2,32,Male
Collision,2018-04-01 11:26,50,0,0,0,0,Two ways,dry,Jordan,class 3,asphalt,day,clear,flat straight,Tailgating,Amman,Passengers vehicle (up to 9 seats),2,28,Male
Collision,2018-04-01 11:26,50,0,0,0,0,Two ways,dry,Jordan,class 3,asphalt,day,clear,flat straight,Violation of traffic rules,Amman,Passenger and cargo vehicle,2,23,Male
Collision,2018-04-01 11:28,60,0,0,0,0,Two ways with median island,dry,Jordan,class4,asphalt,day,clear,flat straight,Improper reversing,Irbid,Truck,2,38,Male
Collision,2018-04-01 11:28,60,0,0,0,0,Two ways with median island,dry,Jordan,class 3,asphalt,day,clear,flat straight,Violation of traffic rules,Irbid,Passengers vehicle (up to 9 seats),2,45,Male
Collision,2018-04-01 11:28,40,0,0,0,0,Two ways,dry,Jordan,class5,asphalt,day,clear,flat straight,Violation of traffic rules,Amman,Passengers vehicle (up to 9 seats),2,29,Male
Collision,2018-04-01 11:28,40,0,0,0,0,Two ways,dry,Jordan,class 3,asphalt,day,clear,flat straight,Violation of traffic rules,Amman,Passengers vehicle (up to 9 seats),2,69,Male
Collision,2018-04-01 11:32,50,0,0,0,0,Two ways,dry,Jordan,class 3,concrrete,day,clear,flat straight,Tailgating,Amman,Passengers vehicle (up to 9 seats),2,31,Female
Collision,2018-04-01 11:32,50,0,0,0,0,Two ways,dry,Jordan,class 3,concrrete,day,clear,flat straight,Violation of traffic rules,Amman,Passengers vehicle (up to 9 seats),2,56,Male
Collision,2018-04-01 11:34,60,0,0,0,0,Two ways with median island,dry,Jordan,class 3 auto,asphalt,day,clear,flat straight,Violation of traffic rules,Amman,Passengers vehicle (up to 9 seats),3,28,Female
Collision,2018-04-01 11:34,60,0,0,0,0,Two ways with median island,dry,Jordan,class 3,asphalt,day,clear,flat straight,Tailgating,Amman,Passengers vehicle (up to 9 seats),3,21,Male
Collision,2018-04-01 11:34,60,0,0,0,0,Two ways with median island,dry,Jordan,class 3,asphalt,day,clear,flat straight,Violation of traffic rules,Amman,Passengers vehicle (up to 9 seats),3,51,Male
Collision,2018-04-01 11:36,60,0,0,0,0,Two ways with median island,dry,Jordan,class5,asphalt,day,clear,flat straight,Violation of traffic rules,Amman,Passengers vehicle (up to 9 seats),2,33,Male
Collision,2018-04-01 11:36,60,0,0,0,0,Two ways with median island,dry,Jordan,class 3,asphalt,day,clear,flat straight,Tailgating,Amman,Passengers vehicle (up to 9 seats),2,31,Male
Collision,2018-04-01 11:38,50,0,0,0,0,Two ways with median island,dry,Jordan,class5,asphalt,day,clear,flat straight,Violation of traffic rules,Zarqa,Passengers Van or small bus (10 to 30 seats),2,45,Male
Collision,2018-04-01 11:38,50,0,0,0,0,Two ways with median island,dry,Jordan,class 3,asphalt,day,clear,flat straight,Neglecting traffic safety precautions,Zarqa,Passengers vehicle (up to 9 seats),2,65,Female
Collision,2018-04-01 20:10,50,0,0,0,0,Two ways with median island,dry,Jordan,class 3,asphalt,night with enough light,clear,flat straight,Improper lane changes,Amman,Passengers vehicle (up to 9 seats),2,29,Male
Collision,2018-04-01 20:10,50,0,0,0,0,Two ways with median island,dry,Jordan,class 3,asphalt,night with enough light,clear,flat straight,Violation of traffic rules,Amman,Passengers vehicle (up to 9 seats),2,43,Female
Collision,2018-04-01 11:40,50,1,0,0,0,Two ways,dry,Jordan,unkown driver,asphalt,day,clear,flat straight,Violation of traffic rules,Amman,Passengers vehicle (up to 9 seats),2,118,Male
Collision,2018-04-01 11:40,50,1,0,0,0,Two ways,dry,Jordan,class5,asphalt,day,clear,flat straight,Tailgating,Amman,Truck,2,38,Male
Collision,2018-04-01 11:43,60,0,0,0,0,Two ways,dry,Jordan,class4,asphalt,day,clear,flat straight,Violation of traffic rules,Irbid,Truck,2,48,Male
Collision,2018-04-01 11:43,60,0,0,0,0,Two ways,dry,Jordan,class4,asphalt,day,clear,flat straight,Violation of traffic rules,Irbid,Passengers vehicle (up to 9 seats),2,26,Male
Collision,2018-04-01 11:43,50,0,0,0,0,Two ways,dry,Jordan,class 6ab,asphalt,day,clear,flat straight,Violation of traffic rules,Amman,Truck,2,67,Male
Collision,2018-04-01 11:43,50,0,0,0,0,Two ways,dry,Jordan,class 3,asphalt,day,clear,flat straight,Violation of traffic rules,Amman,Passengers vehicle (up to 9 seats),2,25,Male
Collision,2018-04-01 11:45,50,0,0,0,0,Two ways with median island,dry,Jordan,class 3,asphalt,day,clear,flat straight,Violation of traffic rules,Amman,Passengers vehicle (up to 9 seats),2,71,Male
Collision,2018-04-01 11:45,50,0,0,0,0,Two ways with median island,dry,Jordan,class 3,asphalt,day,clear,flat straight,Improper lane changes,Amman,Passengers vehicle (up to 9 seats),2,27,Male
Collision,2018-04-01 7:49,50,0,0,0,0,Two ways,dry,Jordan,class 3 auto,asphalt,day,clear,flat straight,Neglecting traffic safety precautions,Irbid,Passengers vehicle (up to 9 seats),2,49,Female
Collision,2018-04-01 7:49,50,0,0,0,0,Two ways,dry,Jordan,class 3,asphalt,day,clear,flat straight,Violation of traffic rules,Irbid,Passenger and cargo vehicle,2,0,Unkown
Collision,2018-04-01 11:46,40,0,0,0,0,Two ways,dry,Jordan,class4,asphalt,day,clear,flat straight,Violation of traffic rules,Amman,Passengers vehicle (up to 9 seats),2,37,Female
Collision,2018-04-01 11:46,40,0,0,0,0,Two ways,dry,Jordan,class 3,asphalt,day,clear,flat straight,Improper reversing,Amman,Passengers vehicle (up to 9 seats),2,57,Female
Collision,2018-04-01 11:49,40,0,0,0,0,Two ways with median island,dry,Jordan,class4,asphalt,day,clear,flat straight,Violation of traffic rules,Amman,Passengers vehicle (up to 9 seats),2,42,Male
Collision,2018-04-01 11:49,40,0,0,0,0,Two ways with median island,dry,Jordan,class 3,asphalt,day,clear,flat straight,Tailgating,Amman,Passengers vehicle (up to 9 seats),2,22,Male
Collision,2018-04-01 11:51,40,0,0,0,0,Two ways,dry,Jordan,class 3,asphalt,day,clear,flat straight,Violation of traffic rules,Amman,Passengers vehicle (up to 9 seats),2,38,Male
Collision,2018-04-01 11:51,40,0,0,0,0,Two ways,dry,Jordan,class 3,asphalt,day,clear,flat straight,Tailgating,Amman,Passengers vehicle (up to 9 seats),2,36,Male
Collision,2018-04-01 11:55,40,0,0,0,0,Two ways with median island,dry,Jordan,class 3 auto,asphalt,day,clear,flat straight,Tailgating,Amman,Passengers vehicle (up to 9 seats),2,23,Female
Collision,2018-04-01 11:55,40,0,0,0,0,Two ways with median island,dry,Jordan,class 3,asphalt,day,clear,flat straight,Violation of traffic rules,Amman,Passengers vehicle (up to 9 seats),2,0,Unkown
Collision,2018-04-01 11:55,40,0,0,0,0,Two ways,dry,Jordan,class4,asphalt,day,clear,flat straight,Improper reversing,Balqa,Passengers vehicle (up to 9 seats),2,31,Male
Collision,2018-04-01 11:55,40,0,0,0,0,Two ways,dry,Jordan,class 3,asphalt,day,clear,flat straight,Violation of traffic rules,Balqa,Passengers vehicle (up to 9 seats),2,46,Female
Collision,2018-04-01 11:56,40,0,0,0,0,Two ways with median island,dry,Jordan,class4,asphalt,day,clear,flat straight,Violation of traffic rules,Madaba,Passengers vehicle (up to 9 seats),2,38,Male
Collision,2018-04-01 11:56,40,0,0,0,0,Two ways with median island,dry,Jordan,class 3,asphalt,day,clear,flat straight,Tailgating,Madaba,Passengers vehicle (up to 9 seats),2,21,Male
Collision,2018-04-01 11:57,40,0,0,0,0,Two ways,dry,Jordan,class 3,asphalt,day,clear,flat straight,Violation of traffic rules,Amman,Passenger and cargo vehicle,2,51,Female
Collision,2018-04-01 11:57,40,0,0,0,0,Two ways,dry,Jordan,class 3,asphalt,day,clear,flat straight,Improper lane changes,Amman,Passengers vehicle (up to 9 seats),2,0,Male
Collision,2018-04-01 11:58,30,0,0,0,0,One way,dry,Jordan,class4,asphalt,day,clear,flat straight,Violation of traffic rules,Irbid,Passengers vehicle (up to 9 seats),2,29,Male
Collision,2018-04-01 11:58,30,0,0,0,0,One way,dry,Jordan,class 3,asphalt,day,clear,flat straight,Improper reversing,Irbid,Passengers vehicle (up to 9 seats),2,42,Male
Collision,2018-04-01 11:59,50,0,0,0,0,Two ways with median island,dry,Jordan,class5,asphalt,day,clear,flat straight,Violation of traffic rules,Amman,Passengers vehicle (up to 9 seats),2,41,Male
Collision,2018-04-01 11:59,50,0,0,0,0,Two ways with median island,dry,Jordan,class 3,asphalt,day,clear,flat straight,Tailgating,Amman,Passengers vehicle (up to 9 seats),2,29,Male
Collision,2018-04-01 12:06,40,0,0,0,0,Two ways with median island,dry,Jordan,class 3,asphalt,day,clear,flat straight,Violation of traffic rules,Amman,Passengers vehicle (up to 9 seats),2,30,Male
Collision,2018-04-01 12:09,40,0,0,0,0,Two ways with median island,dry,Jordan,class5,asphalt,day,clear,flat straight,Violation of traffic rules,Zarqa,Passengers vehicle (up to 9 seats),2,46,Male
Collision,2018-04-01 12:09,40,0,0,0,0,Two ways with median island,dry,Jordan,class 3,asphalt,day,clear,flat straight,Improper reversing,Zarqa,Passengers vehicle (up to 9 seats),2,29,Male
Collision,2018-04-01 12:12,50,0,0,0,0,Two ways,dry,Jordan,class5,asphalt,day,clear,flat straight,Unsafe Parking,Amman,Passengers vehicle (up to 9 seats),3,58,Male
Collision,2018-04-01 12:12,50,0,0,0,0,Two ways,dry,Jordan,class 3,asphalt,day,clear,flat straight,Violation of traffic rules,Amman,Passenger and cargo vehicle,3,0,Unkown
Collision,2018-04-01 12:12,50,0,0,0,0,Two ways,dry,Jordan,class 3,asphalt,day,clear,flat straight,Violation of traffic rules,Amman,Passengers vehicle (up to 9 seats),3,0,Unkown
Collision,2018-04-01 12:12,50,0,0,0,0,Two ways,dry,Jordan,class 3 auto,asphalt,day,clear,flat straight,Neglecting traffic safety precautions,Amman,Passengers vehicle (up to 9 seats),2,0,Female
Collision,2018-04-01 12:12,50,0,0,0,0,Two ways,dry,Jordan,class 6ab,asphalt,day,clear,flat straight,Violation of traffic rules,Amman,Passengers Van or small bus (10 to 30 seats),2,66,Male
Collision,2018-04-01 12:13,40,0,0,0,0,Two ways,dry,Jordan,class4,asphalt,day,clear,flat straight,Tailgating,Amman,Truck,2,36,Male
Collision,2018-04-01 12:13,40,0,0,0,0,Two ways,dry,Jordan,class 3,asphalt,day,clear,flat straight,Violation of traffic rules,Amman,Passengers vehicle (up to 9 seats),2,32,Male
Collision,2018-04-01 12:14,40,0,0,0,0,Two ways with median island,dry,Jordan,class5,asphalt,day,clear,flat straight,Violation of traffic rules,Amman,Passengers vehicle (up to 9 seats),2,59,Male
Collision,2018-04-01 12:14,40,0,0,0,0,Two ways with median island,dry,Jordan,class 3,asphalt,day,clear,flat straight,Improper reversing,Amman,Passenger and cargo vehicle,2,42,Male
Collision,2018-04-01 12:15,60,0,0,0,0,Two ways with median island,dry,Jordan,class5,asphalt,day,clear,flat straight,Violation of traffic rules,Amman,Passengers vehicle (up to 9 seats),3,45,Male
Collision,2018-04-01 12:15,60,0,0,0,0,Two ways with median island,dry,Jordan,class 3,asphalt,day,clear,flat straight,Violation of traffic rules,Amman,Passenger and cargo vehicle,3,39,Male
Collision,2018-04-01 12:15,60,0,0,0,0,Two ways with median island,dry,Jordan,class 3,asphalt,day,clear,flat straight,Tailgating,Amman,Passengers vehicle (up to 9 seats),3,25,Male
Collision,2018-04-01 12:15,40,0,0,0,0,One way,dry,Jordan,class5,asphalt,day,clear,flat straight,Violation of traffic rules,Amman,Passengers Van or small bus (10 to 30 seats),2,66,Male
Collision,2018-04-01 12:15,40,0,0,0,0,One way,dry,Jordan,class 3,asphalt,day,clear,flat straight,Improper reversing,Amman,Truck,2,24,Male
Collision,2018-04-01 12:17,50,0,0,0,0,Two ways,dry,Jordan,class4,asphalt,day,clear,flat straight,Improper lane changes,Amman,Truck,2,48,Male
Collision,2018-04-01 12:17,50,0,0,0,0,Two ways,dry,Jordan,class 3,asphalt,day,clear,flat straight,Violation of traffic rules,Amman,Passengers vehicle (up to 9 seats),2,0,Unkown
Collision,2018-04-01 12:18,60,0,0,0,0,Two ways with median island,dry,Jordan,class 3,asphalt,day,clear,flat straight,Neglecting traffic safety precautions,Amman,Passengers vehicle (up to 9 seats),1,60,Male
Collision,2018-04-01 12:25,50,0,0,0,0,Two ways,dry,Jordan,class4,asphalt,day,clear,flat straight,Neglecting traffic safety precautions,Amman,Passengers vehicle (up to 9 seats),2,28,Male
Collision,2018-04-01 12:25,50,0,0,0,0,Two ways,dry,Jordan,class 3,asphalt,day,clear,flat straight,Violation of traffic rules,Amman,Passengers vehicle (up to 9 seats),2,74,Male
Collision,2018-04-01 12:26,40,0,0,0,0,Two ways,dry,Jordan,class4,asphalt,day,clear,flat straight,Violation of traffic rules,Amman,Passengers vehicle (up to 9 seats),2,50,Male
Collision,2018-04-01 12:26,40,0,0,0,0,Two ways,dry,Jordan,class 3,asphalt,day,clear,flat straight,Improper reversing,Amman,Passengers vehicle (up to 9 seats),2,30,Female
Collision,2018-04-01 12:27,60,0,0,0,0,Two ways with median island,dry,Jordan,class 3,asphalt,day,clear,flat straight,Violation of traffic rules,Irbid,Passengers vehicle (up to 9 seats),2,26,Male
Collision,2018-04-01 12:27,60,0,0,0,0,Two ways with median island,dry,Jordan,class 3,asphalt,day,clear,flat straight,Tailgating,Irbid,Truck,2,29,Male
Collision,2018-04-01 12:29,40,0,0,0,0,Two ways with median island,dry,Jordan,class 3,asphalt,day,clear,flat straight,Violation of traffic rules,Amman,Passenger and cargo vehicle,2,0,Male
Collision,2018-04-01 12:29,40,0,0,0,0,Two ways with median island,dry,Jordan,class 3,asphalt,day,clear,flat straight,Open door while driving or parking,Amman,Passengers vehicle (up to 9 seats),2,27,Male
Collision,2018-04-01 12:29,60,0,0,0,0,Two ways with median island,dry,Jordan,class 3 auto,asphalt,day,clear,flat straight,Neglecting traffic safety precautions,Amman,Passengers vehicle (up to 9 seats),4,19,Female
Collision,2018-04-01 12:29,60,0,0,0,0,Two ways with median island,dry,Jordan,class 3,asphalt,day,clear,flat straight,Violation of traffic rules,Amman,Passengers vehicle (up to 9 seats),4,0,Unkown
Collision,2018-04-01 12:29,60,0,0,0,0,Two ways with median island,dry,Jordan,class 3,asphalt,day,clear,flat straight,Violation of traffic rules,Amman,Passengers vehicle (up to 9 seats),4,36,Male
Collision,2018-04-01 12:29,60,0,0,0,0,Two ways with median island,dry,Jordan,class 3,asphalt,day,clear,flat straight,Violation of traffic rules,Amman,Passengers vehicle (up to 9 seats),4,35,Male
Collision,2018-04-01 12:37,40,0,0,0,0,Two ways with median island,dry,Jordan,class 3 auto,asphalt,day,clear,straight ramp,Tailgating,Zarqa,Passengers vehicle (up to 9 seats),2,27,Female
Collision,2018-04-01 12:37,40,0,0,0,0,Two ways with median island,dry,Jordan,class 3,asphalt,day,clear,straight ramp,Violation of traffic rules,Zarqa,Passengers vehicle (up to 9 seats),2,31,Male
Collision,2018-04-01 12:37,40,0,0,0,0,Two ways with median island,dry,Jordan,class 3,asphalt,day,clear,flat straight,Violation of traffic rules,Amman,Passenger and cargo vehicle,2,26,Male
Collision,2018-04-01 12:37,40,0,0,0,0,Two ways with median island,dry,Jordan,class 3,asphalt,day,clear,flat straight,Tailgating,Amman,Passenger and cargo vehicle,2,118,Male
Collision,2018-04-01 12:38,100,0,0,0,0,Two ways with median island,dry,Jordan,class 3,asphalt,day,clear,flat straight,Improper lane changes,Amman,Passenger and cargo vehicle,2,79,Male
Collision,2018-04-01 12:38,100,0,0,0,0,Two ways with median island,dry,Jordan,class 3,asphalt,day,clear,flat straight,Violation of traffic rules,Amman,Passengers vehicle (up to 9 seats),2,33,Male
Collision,2018-04-01 12:41,60,0,0,0,0,Two ways with median island,dry,Egypt,unkown driver,asphalt,day,clear,flat straight,Neglecting traffic safety precautions,Amman,Truck,2,118,Male
Collision,2018-04-01 12:41,60,0,0,0,0,Two ways with median island,dry,Jordan,class 3,asphalt,day,clear,flat straight,Violation of traffic rules,Amman,Passengers vehicle (up to 9 seats),2,35,Female
Collision,2018-04-01 12:42,50,0,0,0,0,One way,dry,Jordan,class4,asphalt,day,clear,flat straight,Improper lane changes,Amman,Passengers vehicle (up to 9 seats),2,37,Male
Collision,2018-04-01 12:42,50,0,0,0,0,One way,dry,Jordan,class5,asphalt,day,clear,flat straight,Violation of traffic rules,Amman,Passengers vehicle (up to 9 seats),2,33,Male
Collision,2018-04-01 12:42,40,0,0,0,0,Two ways with median island,wet,Jordan,class 3,asphalt,day,rain,flat straight,Unsafe turnaround,Amman,Passengers vehicle (up to 9 seats),2,25,Male
Collision,2018-04-01 12:42,40,0,0,0,0,Two ways with median island,wet,Jordan,class 3,asphalt,day,rain,flat straight,Violation of traffic rules,Amman,Motorcycle,2,31,Male
Collision,2018-04-01 12:43,40,0,0,0,0,Two ways with median island,dry,Jordan,class 3,asphalt,day,clear,flat straight,Violation of traffic rules,Amman,Passenger and cargo vehicle,2,118,Unkown
Collision,2018-04-01 12:43,40,0,0,0,0,Two ways with median island,dry,Jordan,class 3,asphalt,day,clear,flat straight,Violation of traffic rules,Amman,Truck,2,32,Male
Collision,2018-04-01 12:47,50,0,0,0,0,Two ways with median island,dry,Jordan,class 3 auto,asphalt,day,clear,Upright straight,Violation of traffic rules,Amman,Passengers vehicle (up to 9 seats),2,0,Female
Collision,2018-04-01 12:47,50,0,0,0,0,Two ways with median island,dry,Jordan,class 6b,asphalt,day,clear,Upright straight,Improper lane changes,Amman,Passengers vehicle (up to 9 seats),2,41,Male
Collision,2018-04-01 12:49,70,0,0,0,0,Two ways with median island,dry,Jordan,class4,asphalt,day,clear,flat straight,Violation of traffic rules,Amman,Passengers vehicle (up to 9 seats),2,52,Male
Collision,2018-04-01 12:49,70,0,0,0,0,Two ways with median island,dry,Jordan,class 3,asphalt,day,clear,flat straight,Tailgating,Amman,Passengers vehicle (up to 9 seats),2,0,Male
Collision,2018-04-01 12:51,70,0,0,0,0,Two ways with median island,dry,Jordan,class 3,asphalt,day,clear,flat straight,Violation of traffic rules,Amman,Passengers vehicle (up to 9 seats),2,26,Male
Collision,2018-04-01 12:51,70,0,0,0,0,Two ways with median island,dry,Jordan,class 3,asphalt,day,clear,flat straight,Tailgating,Amman,Passengers vehicle (up to 9 seats),2,52,Male
Collision,2018-04-01 12:56,30,0,0,0,0,Public Parks,dry,Jordan,class 3,Dirt,day,clear,flat straight,Violation of traffic rules,Balqa,Passenger and cargo vehicle,2,18,Male
Collision,2018-04-01 12:56,30,0,0,0,0,Public Parks,dry,Jordan,class 3,Dirt,day,clear,flat straight,Improper reversing,Balqa,Truck,2,46,Male
Collision,2018-04-01 12:56,60,0,0,0,0,Two ways with median island,dry,Jordan,class 3,asphalt,day,clear,flat straight,Tailgating,Irbid,Passengers vehicle (up to 9 seats),2,32,Male
Collision,2018-04-01 12:56,60,0,0,0,0,Two ways with median island,dry,Jordan,class 3,asphalt,day,clear,flat straight,Violation of traffic rules,Irbid,Passengers vehicle (up to 9 seats),2,44,Male
Collision,2018-04-01 12:57,40,0,0,0,0,Two ways with median island,dry,Jordan,class 6a,asphalt,day,clear,flat straight,Improper lane changes,Amman,Passengers vehicle (up to 9 seats),2,35,Male
Collision,2018-04-01 12:57,40,0,0,0,0,Two ways with median island,dry,Jordan,class 3,asphalt,day,clear,flat straight,Violation of traffic rules,Amman,Passengers vehicle (up to 9 seats),2,23,Male
Collision,2018-04-01 13:02,40,0,0,0,0,Two ways with median island,dry,Jordan,class4,asphalt,day,clear,flat straight,Violation of traffic rules,Amman,Passengers vehicle (up to 9 seats),2,51,Male
Collision,2018-04-01 13:02,40,0,0,0,0,Two ways with median island,dry,KSA,unkown driver,asphalt,day,clear,flat straight,Violation of traffic rules,Amman,Passengers vehicle (up to 9 seats),2,118,Unkown
Collision,2018-04-01 13:05,50,0,0,0,0,Two ways with median island,dry,Jordan,class 3,asphalt,day,clear,Upright straight,Neglecting traffic safety precautions,Amman,Truck,2,58,Male
Collision,2018-04-01 13:05,50,0,0,0,0,Two ways with median island,dry,Jordan,class 3,asphalt,day,clear,Upright straight,Violation of traffic rules,Amman,Passengers vehicle (up to 9 seats),2,56,Male
Collision,2018-05-01 8:50,40,0,0,0,0,Two ways with median island,dry,Jordan,class 3,asphalt,day,clear,flat straight,Violation of traffic rules,Amman,Passengers vehicle (up to 9 seats),2,0,Unkown
Collision,2018-05-01 8:50,40,0,0,0,0,Two ways with median island,dry,Jordan,class 3,asphalt,day,clear,flat straight,Neglecting traffic safety precautions,Amman,Passengers vehicle (up to 9 seats),2,30,Male
Collision,2018-04-01 13:07,50,0,0,0,0,Two ways with median island,dry,Jordan,class 3,asphalt,day,clear,flat straight,Violation of traffic rules,Amman,Passengers vehicle (up to 9 seats),2,31,Male
Collision,2018-04-01 13:07,50,0,0,0,0,Two ways with median island,dry,Jordan,class 3,asphalt,day,clear,flat straight,Improper reversing,Amman,Passengers vehicle (up to 9 seats),2,23,Male
Collision,2018-04-01 13:08,50,0,0,0,0,Two ways with median island,dry,Jordan,class4,asphalt,day,clear,flat straight,Violation of traffic rules,Amman,Passengers vehicle (up to 9 seats),2,47,Male
Collision,2018-04-01 13:08,50,0,0,0,0,Two ways with median island,dry,Jordan,class 3,asphalt,day,clear,flat straight,Tailgating,Amman,Passengers vehicle (up to 9 seats),2,41,Male
Collision,2018-04-01 13:09,50,0,0,0,0,Two ways with median island,dry,Jordan,class 3,asphalt,day,clear,flat straight,Tailgating,Amman,Passengers vehicle (up to 9 seats),2,21,Male
Collision,2018-04-01 13:09,50,0,0,0,0,Two ways with median island,dry,Jordan,class 3,asphalt,day,clear,flat straight,Violation of traffic rules,Amman,Passengers vehicle (up to 9 seats),2,44,Female
Collision,2018-04-01 13:10,50,0,0,0,0,Two ways with median island,dry,Jordan,class 3,asphalt,day,clear,flat straight,Neglecting traffic safety precautions,Amman,Passengers vehicle (up to 9 seats),1,51,Male
Collision,2018-04-01 13:10,30,0,0,0,0,Public Parks,dry,Jordan,class4,asphalt,day,clear,flat straight,Neglecting traffic safety precautions,Amman,Passenger and cargo vehicle,1,26,Male
Collision,2018-04-01 13:14,40,0,0,0,0,One way,dry,Jordan,class 3,asphalt,day,clear,flat straight,Violation of traffic rules,Amman,Passengers vehicle (up to 9 seats),2,86,Male
Collision,2018-04-01 13:14,40,0,0,0,0,One way,dry,Jordan,class4,asphalt,day,clear,flat straight,Violation of traffic rules,Amman,Passengers vehicle (up to 9 seats),2,30,Male
Collision,2018-04-01 13:20,40,0,0,0,0,Two ways with median island,dry,Jordan,class 3,asphalt,day,clear,flat straight,Tailgating,Amman,Passengers vehicle (up to 9 seats),2,52,Female
Collision,2018-04-01 13:20,40,0,0,0,0,Two ways with median island,dry,Jordan,class 3,asphalt,day,clear,flat straight,Violation of traffic rules,Amman,Passengers vehicle (up to 9 seats),2,23,Male
Collision,2018-04-01 13:18,40,0,0,0,0,Parking lot,wet,Jordan,class 3,asphalt,day,rain,flat straight,Violation of traffic rules,Amman,Passengers vehicle (up to 9 seats),2,38,Female
Collision,2018-04-01 13:18,40,0,0,0,0,Parking lot,wet,Jordan,class 3,asphalt,day,rain,flat straight,Improper reversing,Amman,Truck,2,31,Male
Collision,2018-04-01 13:24,40,0,0,0,0,Two ways with median island,dry,Jordan,class 3,asphalt,day,clear,flat straight,Tailgating,Amman,Passengers vehicle (up to 9 seats),2,39,Male
Collision,2018-04-01 13:24,40,0,0,0,0,Two ways with median island,dry,Jordan,class 3,asphalt,day,clear,flat straight,Violation of traffic rules,Amman,Passengers vehicle (up to 9 seats),2,37,Male
Run over,2018-04-01 8:24,40,1,0,0,0,Two ways,dry,Jordan,class5,asphalt,day,clear,flat straight,Improper reversing,Zarqa,Passengers Van or small bus (10 to 30 seats),1,36,Male
Collision,2018-04-01 13:24,40,0,0,0,0,Two ways,dry,Jordan,class 3,asphalt,day,clear,flat straight,Neglecting traffic safety precautions,Amman,Passenger and cargo vehicle,2,47,Male
Collision,2018-04-01 13:24,40,0,0,0,0,Two ways,dry,Jordan,class5,asphalt,day,clear,flat straight,Violation of traffic rules,Amman,Passengers Van or small bus (10 to 30 seats),2,31,Male
Collision,2018-04-01 13:28,60,0,0,0,0,Two ways with median island,dry,Jordan,class 3,asphalt,day,clear,flat straight,Passing in intersection,Amman,Passengers vehicle (up to 9 seats),2,24,Male
Collision,2018-04-01 13:28,60,0,0,0,0,Two ways with median island,dry,Jordan,class 3,asphalt,day,clear,flat straight,Violation of traffic rules,Amman,Passengers vehicle (up to 9 seats),2,22,Male
Collision,2018-04-01 13:29,40,0,0,0,0,Two ways with median island,dry,Jordan,class4,asphalt,day,clear,flat straight,Violation of traffic rules,Irbid,Passengers vehicle (up to 9 seats),2,27,Male
Collision,2018-04-01 13:29,40,0,0,0,0,Two ways with median island,dry,Jordan,class 3,asphalt,day,clear,flat straight,Improper lane changes,Irbid,Truck,2,37,Male
Collision,2018-03-01 19:31,40,0,0,0,0,Two ways,dry,Jordan,class 3,asphalt,night with enough light,clear,flat straight,Violation of traffic rules,Zarqa,Passengers vehicle (up to 9 seats),2,53,Female