Accident Type,Date,Speed (Km),Simple Injuries,Severe Injuries,Death,Medium Injuries,Road Lanes,Road Surfuce Description,Vehicle Country,Driver Licensee Type,Road Type,Light,Weather,Road Proerties,Driver Mistake,City,Vehicle type,Number of Cars,Driver Age,Sex
Collision,2018-05-01 16:00,50,0,0,0,0,Two ways with median island,wet,Jordan,class 3,asphalt,day,rain,flat straight,Loss of control,Amman,Passengers vehicle (up to 9 seats),2,44,Male
Collision,2018-05-01 16:00,50,0,0,0,0,Two ways with median island,wet,Jordan,class 3,asphalt,day,rain,flat straight,Violation of traffic rules,Amman,Passengers vehicle (up to 9 seats),2,38,Male
Collision,2018-05-01 15:00,40,0,0,0,0,Public Parks,dry,KSA,unkown driver,asphalt,day,clear,flat straight,Neglecting traffic safety precautions,Zarqa,Trailer private use,2,118,Unkown
Collision,2018-05-01 15:00,40,0,0,0,0,Public Parks,dry,KSA,unkown driver,asphalt,day,clear,flat straight,Violation of traffic rules,Zarqa,Trailer private use,2,118,Unkown
Collision,2018-05-01 16:05,60,0,0,0,0,Two ways with median island,wet,Jordan,class 3,asphalt,day,rain,flat straight,Violation of traffic rules,Amman,Passengers vehicle (up to 9 seats),2,29,Male
Collision,2018-05-01 16:05,60,0,0,0,0,Two ways with median island,wet,Jordan,class 3,asphalt,day,rain,flat straight,Tailgating,Amman,Passenger and cargo vehicle,2,20,Unkown
Collision,2018-05-01 16:11,70,0,0,0,0,Two ways with median island,dry,Jordan,class 3 auto,asphalt,day,clear,Upright straight,Tailgating,Balqa,Passengers vehicle (up to 9 seats),2,22,Male
Collision,2018-05-01 16:11,70,0,0,0,0,Two ways with median island,dry,Jordan,class 3,asphalt,day,clear,Upright straight,Violation of traffic rules,Balqa,Passenger and cargo vehicle,2,23,Male
Collision,2018-05-01 16:14,40,0,0,0,0,Two ways,dry,Jordan,class 3,asphalt,day,clear,flat straight,Improper reversing,Amman,Passenger and cargo vehicle,2,0,Unkown
Collision,2018-05-01 16:14,40,0,0,0,0,Two ways,dry,Jordan,class 3,asphalt,day,clear,flat straight,Violation of traffic rules,Amman,Passengers vehicle (up to 9 seats),2,30,Male
Collision,2018-05-01 16:21,40,0,0,0,0,One way,wet,Jordan,class4,asphalt,night with enough light,rain,flat straight,Violation of traffic rules,Amman,Passengers vehicle (up to 9 seats),2,27,Male
Collision,2018-05-01 16:21,40,0,0,0,0,One way,wet,Jordan,class 3,asphalt,night with enough light,rain,flat straight,Improper lane changes,Amman,Passengers vehicle (up to 9 seats),2,30,Male
Collision,2018-05-01 16:21,60,3,1,0,0,Two ways,wet,Jordan,class 3,asphalt,night with enough light,clear,flat straight,Improper lane changes,Zarqa,Passengers vehicle (up to 9 seats),2,35,Male
Collision,2018-05-01 16:21,60,3,1,0,0,Two ways,wet,Jordan,class 3,asphalt,night with enough light,clear,flat straight,Violation of traffic rules,Zarqa,Passenger and cargo vehicle,2,20,Male
Collision,2018-05-01 16:22,40,0,0,0,0,Two ways,wet,Jordan,class 3,asphalt,day,rain,flat straight,Violation of traffic rules,Zarqa,Passengers vehicle (up to 9 seats),2,38,Male
Collision,2018-05-01 16:22,40,0,0,0,0,Two ways,wet,Jordan,class 3,asphalt,day,rain,flat straight,Violation of traffic rules,Zarqa,Passengers vehicle (up to 9 seats),2,53,Male
Collision,2018-05-01 16:24,60,0,0,0,0,Two ways with median island,wet,Jordan,class 3 auto,asphalt,day,rain,flat straight,Running a red light,Amman,Passengers vehicle (up to 9 seats),2,20,Male
Collision,2018-05-01 16:24,60,0,0,0,0,Two ways with median island,wet,Jordan,class 3,asphalt,day,rain,flat straight,Violation of traffic rules,Amman,Passengers vehicle (up to 9 seats),2,33,Male
Collision,2018-05-01 16:26,40,0,0,0,0,Two ways with median island,wet,Jordan,class 3,asphalt,day,rain,flat straight,Violation of traffic rules,Ajloun,Passengers vehicle (up to 9 seats),2,118,Male
Collision,2018-05-01 16:26,40,0,0,0,0,Two ways with median island,wet,Jordan,class 3,asphalt,day,rain,flat straight,Violation of traffic rules,Ajloun,Passengers vehicle (up to 9 seats),2,27,Male
Collision,2018-05-01 16:26,50,0,0,0,0,Two ways with median island,dry,Jordan,class5,asphalt,day,clear,flat straight,Violation of traffic rules,Amman,Truck,2,34,Male
Collision,2018-05-01 16:26,50,0,0,0,0,Two ways with median island,dry,Jordan,class 3,asphalt,day,clear,flat straight,Improper lane changes,Amman,Passengers vehicle (up to 9 seats),2,40,Male
Collision,2018-05-01 16:27,40,0,0,0,0,Two ways with median island,wet,Jordan,class 3,asphalt,sunset,rain,flat straight,Improper reversing,Amman,Passengers vehicle (up to 9 seats),1,23,Male
Collision,2018-05-01 16:29,60,2,0,0,0,Two ways with median island,wet,Jordan,class 3,asphalt,day,rain,flat straight,Violation of traffic rules,Amman,Passengers vehicle (up to 9 seats),2,20,Unkown
Collision,2018-05-01 16:29,60,2,0,0,0,Two ways with median island,wet,Jordan,class 3,asphalt,day,rain,flat straight,Tailgating,Amman,Passengers vehicle (up to 9 seats),2,23,Unkown
Collision,2018-05-01 16:31,50,0,0,0,0,Two ways,wet,Jordan,class4,asphalt,night with enough light,rain,flat straight,Improper lane changes,Balqa,Passengers vehicle (up to 9 seats),3,32,Male
Collision,2018-05-01 16:31,50,0,0,0,0,Two ways,wet,Jordan,class 3,asphalt,night with enough light,rain,flat straight,Violation of traffic rules,Balqa,Passengers vehicle (up to 9 seats),3,55,Male
Collision,2018-05-01 16:31,50,0,0,0,0,Two ways,wet,Jordan,class 3,asphalt,night with enough light,rain,flat straight,Violation of traffic rules,Balqa,Passengers vehicle (up to 9 seats),3,26,Male
Collision,2018-05-01 16:35,60,0,0,0,0,Two ways,wet,Jordan,class4,asphalt,day,rain,straight ramp,Violation of traffic rules,Balqa,Passengers vehicle (up to 9 seats),2,28,Male
Collision,2018-05-01 16:35,60,0,0,0,0,Two ways,wet,Jordan,class 3,asphalt,day,rain,straight ramp,Violation of traffic rules,Balqa,Passengers vehicle (up to 9 seats),2,30,Male
Collision,2018-05-01 16:37,50,0,0,0,0,Two ways with median island,wet,Jordan,class5,asphalt,day,rain,flat straight,Violation of traffic rules,Amman,Passenger and cargo vehicle,2,47,Male
Collision,2018-05-01 16:37,50,0,0,0,0,Two ways with median island,wet,Jordan,class 3,asphalt,day,rain,flat straight,Loss of control,Amman,Passengers vehicle (up to 9 seats),2,31,Male
Collision,2018-05-01 16:39,60,0,0,0,0,Two ways,wet,Jordan,class 3 auto,asphalt,day,rain,flat straight,Running a stop sign,Irbid,Passengers vehicle (up to 9 seats),2,33,Male
Collision,2018-05-01 16:39,60,0,0,0,0,Two ways,wet,Jordan,class 3,asphalt,day,rain,flat straight,Violation of traffic rules,Irbid,Passengers vehicle (up to 9 seats),2,25,Male
Collision,2018-05-01 16:41,40,0,0,0,0,Two ways,dry,Jordan,class4,asphalt,night without enough light,clear,flat straight,Violation of traffic rules,Amman,Passengers vehicle (up to 9 seats),2,45,Male
Collision,2018-05-01 16:41,40,0,0,0,0,Two ways,dry,Jordan,class 3,asphalt,night without enough light,clear,flat straight,Violation of traffic rules,Amman,Passengers vehicle (up to 9 seats),2,36,Male
Collision,2018-05-01 16:48,40,0,0,0,0,Two ways,dry,Jordan,class 3,asphalt,sunset,rain,flat straight,Neglecting traffic safety precautions,Amman,Passengers vehicle (up to 9 seats),1,18,Unkown
Collision,2018-05-01 16:50,50,0,0,0,0,Two ways with median island,wet,Jordan,class 3,asphalt,sunset,rain,flat straight,Violation of traffic rules,Amman,Passengers vehicle (up to 9 seats),2,0,Unkown
Collision,2018-05-01 16:50,50,0,0,0,0,Two ways with median island,wet,Jordan,class 3,asphalt,sunset,rain,flat straight,Violation of traffic rules,Amman,Passenger and cargo vehicle,2,22,Male
Collision,2018-05-01 16:51,40,0,0,0,0,Two ways,wet,Jordan,class 3,asphalt,day,rain,flat straight,Running a stop sign,Madaba,Passenger and cargo vehicle,2,19,Male
Collision,2018-05-01 16:51,40,0,0,0,0,Two ways,wet,Jordan,class 3,asphalt,day,rain,flat straight,Violation of traffic rules,Madaba,Passengers vehicle (up to 9 seats),2,34,Male
Collision,2018-05-01 16:56,40,0,0,0,0,Two ways with median island,wet,Jordan,class 3 auto,asphalt,sunset,rain,flat straight,Open door while driving or parking,Irbid,Passengers vehicle (up to 9 seats),2,43,Male
Collision,2018-05-01 16:56,40,0,0,0,0,Two ways with median island,wet,Jordan,class 3,asphalt,sunset,rain,flat straight,Violation of traffic rules,Irbid,Passengers vehicle (up to 9 seats),2,25,Male
Collision,2018-05-01 16:58,40,0,0,0,0,Two ways with median island,wet,Jordan,class4,asphalt,night with enough light,rain,flat straight,Violation of traffic rules,Amman,Passengers vehicle (up to 9 seats),2,48,Male
Collision,2018-05-01 16:58,40,0,0,0,0,Two ways with median island,wet,Jordan,class 3,asphalt,night with enough light,rain,flat straight,Violation of traffic rules,Amman,Passengers vehicle (up to 9 seats),2,22,Male
Collision,2018-05-01 16:59,40,0,0,0,0,Two ways with median island,dry,Jordan,class 3,asphalt,night with enough light,clear,flat straight,Violation of traffic rules,Irbid,Passengers vehicle (up to 9 seats),2,25,Male
Collision,2018-05-01 16:59,40,0,0,0,0,Two ways with median island,dry,Jordan,class 3,asphalt,night with enough light,clear,flat straight,Violation of traffic rules,Irbid,Passengers vehicle (up to 9 seats),2,24,Male
Collision,2018-05-01 16:59,40,0,0,0,0,One way,wet,Jordan,class 3,asphalt,sunset,rain,flat straight,Improper lane changes,Amman,Passengers vehicle (up to 9 seats),2,33,Male
Collision,2018-05-01 16:59,40,0,0,0,0,One way,wet,Jordan,class 3,asphalt,sunset,rain,flat straight,Improper lane changes,Amman,Passengers vehicle (up to 9 seats),2,27,Male
Collision,2018-05-01 17:01,70,0,0,0,0,Two ways with median island,wet,Jordan,class4,asphalt,sunset,rain,Upright straight,Violation of traffic rules,Amman,Passengers vehicle (up to 9 seats),2,25,Male
Collision,2018-05-01 17:01,70,0,0,0,0,Two ways with median island,wet,Jordan,class 3,asphalt,sunset,rain,Upright straight,Tailgating,Amman,Passengers vehicle (up to 9 seats),2,35,Male
Collision,2018-05-01 17:01,70,0,0,0,0,Two ways with median island,wet,Jordan,class4,asphalt,day,rain,flat straight,Violation of traffic rules,Irbid,Passengers vehicle (up to 9 seats),2,41,Male
Collision,2018-05-01 17:01,70,0,0,0,0,Two ways with median island,wet,Jordan,class4,asphalt,day,rain,flat straight,Violation of traffic rules,Irbid,Passengers vehicle (up to 9 seats),2,42,Male
Collision,2018-05-01 17:05,40,0,0,0,0,Public Parks,wet,Jordan,class4,concrrete,day,rain,flat straight,Neglecting traffic safety precautions,Mafraq,Vehicle for private use,1,26,Male
Collision,2018-05-01 17:07,40,0,0,0,0,Two ways with median island,wet,Jordan,class 3,asphalt,night with enough light,rain,flat straight,Violation of traffic rules,Zarqa,Truck,2,20,Male
Collision,2018-05-01 17:07,40,0,0,0,0,Two ways with median island,wet,Jordan,class5,asphalt,night with enough light,rain,flat straight,Violation of traffic rules,Zarqa,Passenger and cargo vehicle,2,40,Male
Collision,2018-05-01 17:19,40,0,0,0,0,Two ways,dry,Jordan,class 3,asphalt,night with enough light,clear,flat straight,Violation of traffic rules,Amman,Passengers vehicle (up to 9 seats),2,24,Male
Collision,2018-05-01 17:19,40,0,0,0,0,Two ways,dry,Jordan,class4,asphalt,night with enough light,clear,flat straight,Violation of traffic rules,Amman,Passenger and cargo vehicle,2,26,Male
Collision,2018-05-01 17:27,60,0,0,0,0,Two ways with median island,wet,Jordan,class 3,asphalt,night with enough light,rain,flat straight,Violation of traffic rules,Amman,Passengers vehicle (up to 9 seats),2,31,Male
Collision,2018-05-01 17:27,60,0,0,0,0,Two ways with median island,wet,Jordan,class 3,asphalt,night with enough light,rain,flat straight,Tailgating,Amman,Passenger and cargo vehicle,2,72,Male
Collision,2018-05-01 17:34,50,0,0,0,0,Two ways,wet,Jordan,class 3,asphalt,night with enough light,rain,straight ramp,Tailgating,Irbid,Passengers vehicle (up to 9 seats),2,29,Male
Collision,2018-05-01 17:34,50,0,0,0,0,Two ways,wet,Jordan,class 3,asphalt,night with enough light,rain,straight ramp,Violation of traffic rules,Irbid,Passengers vehicle (up to 9 seats),2,0,Male
Collision,2018-05-01 17:34,100,0,0,0,0,Two ways with median island,wet,Jordan,class 3,asphalt,sunset,rain,flat straight,Improper lane changes,Amman,Passengers vehicle (up to 9 seats),1,32,Male
Collision,2018-05-01 17:32,100,0,0,0,0,Two ways with median island,wet,Jordan,class 6b,asphalt,night without enough light,rain,flat straight,Improper lane changes,Tafila,Trailer private use,1,47,Male
Collision,2018-05-01 17:38,40,0,0,0,0,Two ways with median island,dry,KSA,unkown driver,asphalt,night with enough light,clear,flat straight,Tailgating,Aqaba,Passengers vehicle (up to 9 seats),2,118,Male
Collision,2018-05-01 17:38,40,0,0,0,0,Two ways with median island,dry,Jordan,class4,asphalt,night with enough light,clear,flat straight,Violation of traffic rules,Aqaba,Passengers vehicle (up to 9 seats),2,48,Male
Collision,2018-05-01 17:40,70,0,0,0,0,Two ways with median island,wet,Jordan,class 3 auto,asphalt,night with enough light,rain,flat straight,Violation of traffic rules,Amman,Passengers vehicle (up to 9 seats),2,118,Male
Collision,2018-05-01 17:40,70,0,0,0,0,Two ways with median island,wet,Jordan,class4,asphalt,night with enough light,rain,flat straight,Improper lane changes,Amman,Passengers vehicle (up to 9 seats),2,27,Male
Collision,2018-05-01 17:40,40,0,0,0,0,Two ways with median island,dry,Jordan,class 3,asphalt,night with enough light,clear,flat straight,Violation of traffic rules,Amman,Passengers vehicle (up to 9 seats),3,0,Unkown
Collision,2018-05-01 17:40,40,0,0,0,0,Two ways with median island,dry,Jordan,class4,asphalt,night with enough light,clear,flat straight,Running a stop sign,Amman,Truck,3,24,Male
Collision,2018-05-01 17:40,40,0,0,0,0,Two ways with median island,dry,Jordan,class 3,asphalt,night with enough light,clear,flat straight,Violation of traffic rules,Amman,Passengers vehicle (up to 9 seats),3,118,Unkown
Collision,2018-05-01 17:39,40,0,0,0,0,Two ways,dry,Jordan,class 3,asphalt,night with enough light,clear,flat straight,Violation of traffic rules,Amman,Passengers vehicle (up to 9 seats),2,25,Male
Collision,2018-05-01 17:39,40,0,0,0,0,Two ways,dry,Jordan,class 3,asphalt,night with enough light,clear,flat straight,Violation of traffic rules,Amman,Passengers vehicle (up to 9 seats),2,55,Male
Collision,2018-05-01 17:47,70,0,0,0,0,Two ways with median island,wet,Jordan,class 3,asphalt,night with enough light,rain,flat straight,Improper lane changes,Amman,Passenger and cargo vehicle,1,46,Male
Collision,2018-05-01 17:51,60,0,0,0,0,Two ways,wet,Jordan,class4,asphalt,night with enough light,rain,flat straight,Improper lane changes,Amman,Passengers vehicle (up to 9 seats),2,50,Male
Collision,2018-05-01 17:51,60,0,0,0,0,Two ways,wet,Jordan,class4,asphalt,night with enough light,rain,flat straight,Violation of traffic rules,Amman,Passengers vehicle (up to 9 seats),2,53,Male
Collision,2018-05-01 17:52,70,0,0,0,0,Two ways with median island,wet,Jordan,class 3,asphalt,night with enough light,rain,flat straight,Violation of traffic rules,Amman,Truck,2,21,Male
Collision,2018-05-01 17:52,70,0,0,0,0,Two ways with median island,wet,Jordan,unkown driver,asphalt,night with enough light,rain,flat straight,Improper lane changes,Amman,Passengers vehicle (up to 9 seats),2,118,Male
Collision,2018-05-01 17:55,40,1,0,0,0,Two ways with median island,dry,Jordan,class 6ab,asphalt,night with enough light,clear,flat straight,Tailgating,Zarqa,Passengers vehicle (up to 9 seats),4,43,Male
Collision,2018-05-01 17:55,40,1,0,0,0,Two ways with median island,dry,Jordan,class5,asphalt,night with enough light,clear,flat straight,Violation of traffic rules,Zarqa,Passengers vehicle (up to 9 seats),4,36,Male
Collision,2018-05-01 17:55,40,1,0,0,0,Two ways with median island,dry,Jordan,class 3,asphalt,night with enough light,clear,flat straight,Tailgating,Zarqa,Passengers vehicle (up to 9 seats),4,24,Male
Collision,2018-05-01 17:55,40,1,0,0,0,Two ways with median island,dry,Jordan,class 3 auto,asphalt,night with enough light,clear,flat straight,Tailgating,Zarqa,Passengers vehicle (up to 9 seats),4,0,Unkown
Collision,2018-05-01 17:57,50,0,0,0,0,Two ways with median island,wet,Jordan,class 3,asphalt,night with enough light,rain,flat straight,Violation of traffic rules,Amman,Passengers vehicle (up to 9 seats),2,23,Male
Collision,2018-05-01 17:57,50,0,0,0,0,Two ways with median island,wet,Jordan,class 3,asphalt,night with enough light,rain,flat straight,Violation of traffic rules,Amman,Passengers vehicle (up to 9 seats),2,41,Female
Collision,2018-05-01 18:02,50,0,0,0,0,Two ways with median island,wet,Jordan,class4,asphalt,night with enough light,rain,flat straight,Violation of traffic rules,Amman,Passengers vehicle (up to 9 seats),2,44,Male
Collision,2018-05-01 18:02,50,0,0,0,0,Two ways with median island,wet,Jordan,class 3,asphalt,night with enough light,rain,flat straight,Violation of traffic rules,Amman,Passengers vehicle (up to 9 seats),2,48,Female
Collision,2018-05-01 18:02,40,0,0,0,0,Two ways with median island,wet,Jordan,class4,asphalt,night with enough light,rain,flat straight,Violation of traffic rules,Amman,Passengers vehicle (up to 9 seats),2,38,Male
Collision,2018-05-01 18:02,40,0,0,0,0,Two ways with median island,wet,Jordan,class 3,asphalt,night with enough light,rain,flat straight,Tailgating,Amman,Passengers vehicle (up to 9 seats),2,37,Male
Collision,2018-05-01 18:09,50,0,0,0,0,Two ways,wet,Jordan,class 3,asphalt,night without enough light,rain,flat straight,Improper reversing,Amman,Passengers vehicle (up to 9 seats),2,51,Male
Collision,2018-05-01 18:09,50,0,0,0,0,Two ways,wet,Jordan,class 3,asphalt,night without enough light,rain,flat straight,Violation of traffic rules,Amman,Passengers vehicle (up to 9 seats),2,51,Female
Collision,2018-05-01 18:10,60,0,0,0,0,Two ways,wet,Jordan,class7,asphalt,night with enough light,rain,flat straight,Violation of traffic rules,Irbid,Passengers vehicle (up to 9 seats),2,52,Male
Collision,2018-05-01 18:10,60,0,0,0,0,Two ways,wet,Jordan,class 3,asphalt,night with enough light,rain,flat straight,Neglecting traffic safety precautions,Irbid,Truck,2,23,Male
Collision,2018-05-01 18:10,40,0,0,0,0,One way,wet,Jordan,class 3 auto,asphalt,night with enough light,rain,flat straight,Improper lane changes,Amman,Passengers vehicle (up to 9 seats),2,0,Unkown
Collision,2018-05-01 18:10,40,0,0,0,0,One way,wet,Jordan,class 3,asphalt,night with enough light,rain,flat straight,Violation of traffic rules,Amman,Passengers vehicle (up to 9 seats),2,0,Unkown
Collision,2018-05-01 18:12,60,0,0,0,0,Two ways with median island,wet,Jordan,class 3 auto,asphalt,night with enough light,rain,flat straight,Violation of traffic rules,Amman,Passengers vehicle (up to 9 seats),2,0,Unkown
Collision,2018-05-01 18:12,60,0,0,0,0,Two ways with median island,wet,Jordan,class 3,asphalt,night with enough light,rain,flat straight,Violation of traffic rules,Amman,Passengers vehicle (up to 9 seats),2,26,Male
Collision,2018-05-01 19:00,60,0,0,0,0,Two ways with median island,wet,Jordan,class4,asphalt,night with enough light,clear,flat straight,Violation of traffic rules,Irbid,Passengers vehicle (up to 9 seats),2,29,Male
Collision,2018-05-01 19:00,60,0,0,0,0,Two ways with median island,wet,Jordan,class 3,asphalt,night with enough light,clear,flat straight,Violation of traffic rules,Irbid,Passengers vehicle (up to 9 seats),2,19,Male
Collision,2018-05-01 18:19,50,0,0,0,0,Two ways,wet,Jordan,class4,asphalt,night without enough light,rain,flat straight,Improper reversing,Amman,Passengers vehicle (up to 9 seats),2,31,Male
Collision,2018-05-01 18:19,50,0,0,0,0,Two ways,wet,Jordan,class 3,asphalt,night without enough light,rain,flat straight,Violation of traffic rules,Amman,Passengers vehicle (up to 9 seats),2,75,Male
Collision,2018-05-01 18:27,60,0,0,0,0,Two ways,wet,Jordan,class4,asphalt,night without enough light,clear,flat straight,Improper lane changes,Ajloun,Passengers Van or small bus (10 to 30 seats),1,27,Male
Collision,2018-05-01 18:52,80,2,0,0,0,Two ways with median island,wet,Jordan,class 3,asphalt,night with enough light,rain,flat straight,Improper lane changes,Irbid,Passengers vehicle (up to 9 seats),2,25,Male
Collision,2018-05-01 18:52,80,2,0,0,0,Two ways with median island,wet,Jordan,class4,asphalt,night with enough light,rain,flat straight,Violation of traffic rules,Irbid,Passengers vehicle (up to 9 seats),2,39,Male
Collision,2018-05-01 18:56,60,0,0,0,0,Two ways with median island,wet,Jordan,class 3,asphalt,night with enough light,rain,flat straight,Violation of traffic rules,Amman,Passengers vehicle (up to 9 seats),2,18,Unkown
Collision,2018-05-01 19:01,20,0,0,0,0,Public Parks,wet,Jordan,class 6a,Dirt,night without enough light,clear,flat straight,Improper reversing,Tafila,Truck,2,26,Male
Collision,2018-05-01 19:01,20,0,0,0,0,Public Parks,wet,Jordan,class 6ab,Dirt,night without enough light,clear,flat straight,Violation of traffic rules,Tafila,Trailer private use,2,57,Male
Collision,2018-05-01 19:02,40,0,0,0,0,Two ways,dry,Jordan,class 3,asphalt,day,clear,flat straight,Violation of traffic rules,Amman,Passengers vehicle (up to 9 seats),2,0,Unkown
Collision,2018-05-01 19:02,40,0,0,0,0,Two ways,dry,Jordan,class 3,asphalt,day,clear,flat straight,Improper reversing,Amman,Passengers vehicle (up to 9 seats),2,46,Male
Collision,2018-05-01 19:05,40,0,0,0,0,Two ways with median island,dry,Jordan,class 3 auto,asphalt,night with enough light,clear,flat straight,Violation of traffic rules,Amman,Passengers vehicle (up to 9 seats),2,28,Male
Collision,2018-05-01 19:05,40,0,0,0,0,Two ways with median island,dry,Jordan,class 3,asphalt,night with enough light,clear,flat straight,Violation of traffic rules,Amman,Passengers vehicle (up to 9 seats),2,0,Unkown
Collision,2018-05-01 19:11,50,0,0,0,0,Two ways with median island,wet,Jordan,class4,asphalt,night with enough light,rain,Upright straight,Violation of traffic rules,Amman,Passengers vehicle (up to 9 seats),2,52,Male
Collision,2018-05-01 19:11,50,0,0,0,0,Two ways with median island,wet,Jordan,class 3,asphalt,night with enough light,rain,Upright straight,Improper reversing,Amman,Truck,2,0,Male
Collision,2018-05-01 19:16,40,0,0,0,0,Two ways,wet,Jordan,class 3,asphalt,night without enough light,rain,flat straight,Violation of traffic rules,Balqa,Passengers vehicle (up to 9 seats),2,31,Male
Collision,2018-05-01 19:16,40,0,0,0,0,Two ways,wet,Jordan,class 3,asphalt,night without enough light,rain,flat straight,Improper reversing,Balqa,Truck,2,26,Male
Collision,2018-05-01 19:30,20,0,0,0,0,Public Parks,dry,Jordan,class 6a,asphalt,night with enough light,clear,flat straight,Neglecting traffic safety precautions,Aqaba,Trailer private use,1,30,Male
Collision,2018-05-01 19:34,60,0,0,0,0,Two ways,wet,Jordan,class 3,asphalt,sunset,rain,straight ramp,Violation of traffic rules,Balqa,Passengers vehicle (up to 9 seats),3,38,Male
Collision,2018-05-01 19:34,60,0,0,0,0,Two ways,wet,Jordan,class4,asphalt,sunset,rain,straight ramp,Violation of traffic rules,Balqa,Truck,3,70,Male
Collision,2018-05-01 19:34,60,0,0,0,0,Two ways,wet,Jordan,class 3,asphalt,sunset,rain,straight ramp,Loss of control,Balqa,Passenger and cargo vehicle,3,39,Male
Collision,2018-05-01 19:40,60,0,0,0,0,Two ways with median island,wet,Jordan,class 3,asphalt,night with enough light,rain,flat straight,Violation of traffic rules,Amman,Passengers vehicle (up to 9 seats),2,30,Male
Collision,2018-05-01 19:40,60,0,0,0,0,Two ways with median island,wet,Jordan,class 3,asphalt,night with enough light,rain,flat straight,Improper lane changes,Amman,Passenger and cargo vehicle,2,25,Male
Collision,2018-05-01 19:40,40,0,0,0,0,Two ways,dry,Jordan,class4,asphalt,night with enough light,rain,flat straight,Violation of traffic rules,Amman,Passengers vehicle (up to 9 seats),3,47,Male
Collision,2018-05-01 19:40,40,0,0,0,0,Two ways,dry,Jordan,class7,asphalt,night with enough light,rain,flat straight,Improper lane changes,Amman,Passengers vehicle (up to 9 seats),3,71,Male
Collision,2018-05-01 19:40,40,0,0,0,0,Two ways,dry,Jordan,class4,asphalt,night with enough light,rain,flat straight,Violation of traffic rules,Amman,Passenger and cargo vehicle,3,33,Male
Collision,2018-05-01 19:51,60,0,0,0,0,Two ways with median island,wet,Jordan,class 3,asphalt,night with enough light,rain,flat straight,Violation of traffic rules,Amman,Passengers vehicle (up to 9 seats),2,35,Male
Collision,2018-05-01 19:51,60,0,0,0,0,Two ways with median island,wet,Jordan,class 3,asphalt,night with enough light,rain,flat straight,Tailgating,Amman,Passengers vehicle (up to 9 seats),2,55,Male
Collision,2018-05-01 19:53,20,0,0,0,0,Parking lot,wet,Jordan,class 3,concrrete,night with enough light,clear,flat curved,Neglecting traffic safety precautions,Amman,Passengers vehicle (up to 9 seats),1,28,Male
Collision,2018-05-01 19:56,60,0,0,0,0,Two ways with median island,wet,Jordan,class 3,asphalt,night with enough light,rain,flat straight,Improper reversing,Amman,Passengers vehicle (up to 9 seats),2,26,Male
Collision,2018-05-01 19:56,60,0,0,0,0,Two ways with median island,wet,Jordan,class 3,asphalt,night with enough light,rain,flat straight,Violation of traffic rules,Amman,Passengers vehicle (up to 9 seats),2,34,Male
Collision,2018-05-01 19:59,60,0,0,0,0,Two ways with median island,dry,Jordan,class 3,asphalt,night without enough light,clear,flat straight,Violation of traffic rules,Amman,Passengers vehicle (up to 9 seats),3,29,Male
Collision,2018-05-01 19:59,60,0,0,0,0,Two ways with median island,dry,Jordan,class 3,asphalt,night without enough light,clear,flat straight,Violation of traffic rules,Amman,Passengers vehicle (up to 9 seats),3,48,Female
Collision,2018-05-01 19:59,60,0,0,0,0,Two ways with median island,dry,Jordan,class 3,asphalt,night without enough light,clear,flat straight,Improper lane changes,Amman,Passengers vehicle (up to 9 seats),3,27,Male
Run over,2018-05-01 20:00,40,1,0,0,0,Two ways,wet,Jordan,class 3 auto,asphalt,night without enough light,rain,flat straight,Neglecting traffic safety precautions,Irbid,Passengers vehicle (up to 9 seats),1,24,Male
Collision,2018-05-01 17:04,60,0,0,0,0,Two ways,wet,Jordan,class 3,asphalt,day,rain,Upright curved,Loss of control,Balqa,Passenger and cargo vehicle,1,29,Male
Collision,2018-05-01 20:08,50,0,0,0,0,One way,wet,Jordan,class4,asphalt,night with enough light,rain,flat straight,Violation of traffic rules,Amman,Passengers vehicle (up to 9 seats),2,22,Male
Collision,2018-05-01 20:08,50,0,0,0,0,One way,wet,Jordan,class 3,asphalt,night with enough light,rain,flat straight,Improper reversing,Amman,Passengers vehicle (up to 9 seats),2,31,Female
Collision,2018-05-01 20:09,40,0,0,0,0,One way,wet,Jordan,class 3,asphalt,night with enough light,rain,flat straight,Tailgating,Amman,Passengers vehicle (up to 9 seats),2,34,Male
Collision,2018-05-01 20:09,40,0,0,0,0,One way,wet,Jordan,class 3,asphalt,night with enough light,rain,flat straight,Violation of traffic rules,Amman,Passengers vehicle (up to 9 seats),2,33,Male
Collision,2018-05-01 20:10,60,0,0,0,0,Two ways with median island,wet,Jordan,class 3,asphalt,night without enough light,rain,flat straight,Neglecting traffic safety precautions,Amman,Passengers vehicle (up to 9 seats),1,51,Male
Collision,2018-05-01 20:15,30,0,0,0,0,Parking lot,dry,Jordan,class 3,asphalt,night with enough light,clear,flat straight,Violation of traffic rules,Amman,Passengers vehicle (up to 9 seats),2,28,Male