Accident Type,Date,Speed (Km),Simple Injuries,Severe Injuries,Death,Medium Injuries,Road Lanes,Road Surfuce Description,Vehicle Country,Driver Licensee Type,Road Type,Light,Weather,Road Proerties,Driver Mistake,City,Vehicle type,Number of Cars,Driver Age,Sex
Collision,2018-03-09 22:00,50,0,0,0,0,Two ways with median island,dry,Jordan,class 3,asphalt,night with enough light,clear,flat straight,Neglecting traffic safety precautions,Amman,Passenger and cargo vehicle,2,41,Male
Collision,2018-03-09 22:02,50,0,0,0,0,Two ways,dry,Jordan,class 3,asphalt,night without enough light,clear,flat straight,Violation of traffic rules,Amman,Passengers vehicle (up to 9 seats),2,0,Unkown
Collision,2018-03-09 22:02,50,0,0,0,0,Two ways,dry,Jordan,class 3,asphalt,night without enough light,clear,flat straight,Neglecting traffic safety precautions,Amman,Truck,2,27,Male
Collision,2018-03-09 22:03,50,0,0,0,0,Two ways,dry,Jordan,class4,asphalt,night without enough light,clear,flat straight,Improper reversing,Amman,Passenger and cargo vehicle,2,49,Male
Collision,2018-03-09 22:03,50,0,0,0,0,Two ways,dry,Jordan,class 3,asphalt,night without enough light,clear,flat straight,Violation of traffic rules,Amman,Passengers vehicle (up to 9 seats),2,0,Unkown
Collision,2018-03-09 22:04,60,0,0,0,0,Two ways with median island,dry,Jordan,class 3,asphalt,night with enough light,clear,flat straight,Violation of traffic rules,Amman,Passengers vehicle (up to 9 seats),2,46,Male
Collision,2018-03-09 22:04,60,0,0,0,0,Two ways with median island,dry,Jordan,class 3,asphalt,night with enough light,clear,flat straight,Tailgating,Amman,Passengers vehicle (up to 9 seats),2,28,Male
Collision,2018-03-09 22:05,50,0,0,0,0,Two ways with median island,dry,KSA,unkown driver,asphalt,night without enough light,clear,flat straight,Neglecting traffic safety precautions,Amman,Passengers vehicle (up to 9 seats),2,118,Unkown
Collision,2018-03-09 22:05,50,0,0,0,0,Two ways with median island,dry,Jordan,class 3,asphalt,night without enough light,clear,flat straight,Violation of traffic rules,Amman,Passenger and cargo vehicle,2,47,Male
Collision,2018-03-09 22:11,50,0,0,0,0,Two ways,dry,Jordan,class5,concrrete,night with enough light,clear,flat straight,Violation of traffic rules,Amman,Passengers vehicle (up to 9 seats),2,47,Male
Collision,2018-03-09 22:11,50,0,0,0,0,Two ways,dry,Jordan,class 3,concrrete,night with enough light,clear,flat straight,Violation of traffic rules,Amman,Passengers vehicle (up to 9 seats),2,19,Male
Run over,2018-03-09 22:17,40,1,0,0,0,Two ways,dry,Jordan,class5,asphalt,night with enough light,clear,flat straight,Neglecting traffic safety precautions,Zarqa,Passengers vehicle (up to 9 seats),1,53,Male
Collision,2018-03-09 22:19,40,0,0,0,0,Two ways with median island,dry,Jordan,class 3,asphalt,night with enough light,clear,flat straight,Tailgating,Amman,Passengers vehicle (up to 9 seats),2,23,Male
Collision,2018-03-09 22:19,40,0,0,0,0,Two ways with median island,dry,Iraq,class 3 auto,asphalt,night with enough light,clear,flat straight,Violation of traffic rules,Amman,Passengers vehicle (up to 9 seats),2,23,Male
Collision,2018-03-09 22:20,40,0,0,0,0,Parking lot,dry,Jordan,class 3,asphalt,night without enough light,clear,flat straight,Neglecting traffic safety precautions,Madaba,Passengers vehicle (up to 9 seats),1,33,Male
Collision,2018-03-09 22:28,50,0,0,0,0,Two ways with median island,dry,Jordan,class 3,asphalt,night with enough light,clear,flat straight,Violation of traffic rules,Irbid,Passengers vehicle (up to 9 seats),2,28,Male
Collision,2018-03-09 22:28,50,0,0,0,0,Two ways with median island,dry,Jordan,class 3,asphalt,night with enough light,clear,flat straight,Improper lane changes,Irbid,Passengers vehicle (up to 9 seats),2,25,Male
Collision,2018-03-09 22:28,60,0,0,0,0,Two ways with median island,dry,Jordan,class5,asphalt,night with enough light,clear,flat straight,Improper lane changes,Amman,Passengers vehicle (up to 9 seats),2,36,Male
Collision,2018-03-09 22:28,60,0,0,0,0,Two ways with median island,dry,Jordan,class 3,asphalt,night with enough light,clear,flat straight,Violation of traffic rules,Amman,Passengers vehicle (up to 9 seats),2,25,Male
Collision,2018-03-09 22:44,60,0,0,0,0,Two ways with median island,dry,Jordan,class 3,asphalt,night with enough light,clear,flat straight,Violation of traffic rules,Amman,Passengers vehicle (up to 9 seats),2,46,Male
Collision,2018-03-09 22:44,60,0,0,0,0,Two ways with median island,dry,Jordan,class 3,asphalt,night with enough light,clear,flat straight,Violation of traffic rules,Amman,Passengers vehicle (up to 9 seats),2,43,Male
Collision,2018-03-09 22:45,40,0,0,0,0,Two ways with median island,dry,Jordan,class 3,asphalt,night without enough light,clear,flat straight,Tailgating,Amman,Passengers vehicle (up to 9 seats),2,30,Male
Collision,2018-03-09 22:45,40,0,0,0,0,Two ways with median island,dry,Jordan,class 3,asphalt,night without enough light,clear,flat straight,Violation of traffic rules,Amman,Passengers vehicle (up to 9 seats),2,24,Male
Collision,2018-03-09 22:49,40,0,0,0,0,Two ways,dry,Jordan,class 3,asphalt,night with enough light,clear,flat straight,Violation of traffic rules,Amman,Passengers vehicle (up to 9 seats),2,24,Male
Collision,2018-03-09 22:49,40,0,0,0,0,Two ways,dry,Jordan,class 3,asphalt,night with enough light,clear,flat straight,Violation of traffic rules,Amman,Passengers vehicle (up to 9 seats),2,27,Male
Run over,2018-03-09 22:37,60,0,0,0,1,Two ways with median island,dry,Jordan,class 6ab,asphalt,day,clear,flat straight,Neglecting traffic safety precautions,Zarqa,Passengers Van or small bus (10 to 30 seats),1,77,Male
Collision,2018-04-09 7:13,50,0,0,0,0,Two ways,dry,Jordan,class 6a,asphalt,day,clear,flat straight,Neglecting traffic safety precautions,Amman,Passengers Van or small bus (10 to 30 seats),2,61,Male
Collision,2018-04-09 7:13,50,0,0,0,0,Two ways,dry,Jordan,class 3,asphalt,day,clear,flat straight,Violation of traffic rules,Amman,Passengers vehicle (up to 9 seats),2,0,Unkown
Collision,2018-03-09 23:07,60,0,0,0,0,Parking lot,dry,Jordan,class4,asphalt,night with enough light,clear,flat straight,Neglecting traffic safety precautions,Balqa,Passengers vehicle (up to 9 seats),1,35,Male
Collision,2018-03-09 23:09,50,0,0,0,0,Two ways with median island,dry,Jordan,class 3,asphalt,night with enough light,clear,flat straight,Tailgating,Amman,Passengers vehicle (up to 9 seats),2,28,Male
Collision,2018-03-09 23:09,50,0,0,0,0,Two ways with median island,dry,Jordan,class 3,asphalt,night with enough light,clear,flat straight,Violation of traffic rules,Amman,Passengers vehicle (up to 9 seats),2,29,Male
Collision,2018-03-09 23:10,60,0,0,0,0,Two ways with median island,dry,Jordan,class 3 auto,asphalt,night with enough light,clear,flat straight,Violation of traffic rules,Amman,Passengers vehicle (up to 9 seats),3,0,Unkown
Collision,2018-03-09 23:10,60,0,0,0,0,Two ways with median island,dry,Jordan,class 3,asphalt,night with enough light,clear,flat straight,Violation of traffic rules,Amman,Passenger and cargo vehicle,3,29,Male
Collision,2018-03-09 23:10,60,0,0,0,0,Two ways with median island,dry,Jordan,class 3,asphalt,night with enough light,clear,flat straight,Improper lane changes,Amman,Passengers vehicle (up to 9 seats),3,21,Male
Collision,2018-03-09 23:12,50,0,0,0,0,Two ways,dry,Jordan,class 3,asphalt,night without enough light,clear,flat straight,Improper lane changes,Zarqa,Passengers vehicle (up to 9 seats),2,26,Male
Collision,2018-03-09 23:12,50,0,0,0,0,Two ways,dry,Jordan,class 3,asphalt,night without enough light,clear,flat straight,Violation of traffic rules,Zarqa,Passengers vehicle (up to 9 seats),2,20,Male
Collision,2018-03-09 23:14,60,0,0,0,0,Two ways with median island,dry,Jordan,class 6ab,asphalt,night with enough light,clear,flat straight,Violation of traffic rules,Amman,Passenger and cargo vehicle,2,48,Male
Collision,2018-03-09 23:14,60,0,0,0,0,Two ways with median island,dry,Jordan,class 3,asphalt,night with enough light,clear,flat straight,Violation of traffic rules,Amman,Passengers vehicle (up to 9 seats),2,29,Male
Collision,2018-03-09 23:15,60,0,0,0,0,Two ways with median island,dry,Jordan,class 3,asphalt,night without enough light,clear,flat straight,Tailgating,Amman,Passengers vehicle (up to 9 seats),2,28,Male
Collision,2018-03-09 23:15,60,0,0,0,0,Two ways with median island,dry,Jordan,class 3,asphalt,night without enough light,clear,flat straight,Violation of traffic rules,Amman,Passengers vehicle (up to 9 seats),2,28,Male
Collision,2018-03-09 23:17,50,0,0,0,0,Two ways,dry,Jordan,class 6ab,asphalt,night with enough light,clear,Upright straight,Violation of traffic rules,Amman,Trailer private use,2,51,Male
Collision,2018-03-09 23:17,50,0,0,0,0,Two ways,dry,Jordan,class 3,asphalt,night with enough light,clear,Upright straight,Neglecting traffic safety precautions,Amman,Passenger and cargo vehicle,2,38,Male
Collision,2018-04-09 9:20,50,0,0,0,0,Two ways with median island,dry,Jordan,class 3,asphalt,day,clear,flat straight,Violation of traffic rules,Amman,Passengers vehicle (up to 9 seats),5,54,Male
Collision,2018-04-09 9:20,50,0,0,0,0,Two ways with median island,dry,Jordan,class 3,asphalt,day,clear,flat straight,Tailgating,Amman,Truck,5,49,Male
Collision,2018-04-09 9:20,50,0,0,0,0,Two ways with median island,dry,Jordan,class 3,asphalt,day,clear,flat straight,Violation of traffic rules,Amman,Passengers vehicle (up to 9 seats),5,42,Male
Collision,2018-04-09 9:20,50,0,0,0,0,Two ways with median island,dry,Jordan,class 3,asphalt,day,clear,flat straight,Tailgating,Amman,Passengers vehicle (up to 9 seats),5,23,Male
Collision,2018-04-09 9:20,50,0,0,0,0,Two ways with median island,dry,Jordan,class 3,asphalt,day,clear,flat straight,Neglecting traffic safety precautions,Amman,Passengers vehicle (up to 9 seats),5,29,Female
Collision,2018-03-09 23:32,40,0,0,0,0,Two ways with median island,dry,Jordan,class 3,asphalt,night without enough light,clear,flat straight,Neglecting traffic safety precautions,Amman,Passengers vehicle (up to 9 seats),2,27,Male
Collision,2018-03-09 23:32,40,0,0,0,0,Two ways with median island,dry,Jordan,class 3,asphalt,night without enough light,clear,flat straight,Violation of traffic rules,Amman,Passengers vehicle (up to 9 seats),2,35,Male
Collision,2018-04-09 0:21,50,0,0,0,0,Two ways,dry,Jordan,class 3,asphalt,night with enough light,clear,flat straight,Improper lane changes,Amman,Passengers vehicle (up to 9 seats),1,19,Male
Collision,2018-04-09 0:03,60,0,0,0,0,Two ways with median island,dry,Jordan,class 3,asphalt,night with enough light,clear,flat straight,Violation of traffic rules,Amman,Passengers vehicle (up to 9 seats),2,118,Unkown
Collision,2018-04-09 0:03,60,0,0,0,0,Two ways with median island,dry,Jordan,class 3,asphalt,night with enough light,clear,flat straight,Tailgating,Amman,Passengers vehicle (up to 9 seats),2,22,Male
Run over,2018-04-09 0:03,50,0,0,0,1,Two ways with median island,dry,Jordan,class 3,asphalt,night with enough light,clear,Upright straight,Open door while driving or parking,Amman,Truck,1,39,Male
Collision,2018-04-09 0:10,40,0,0,0,0,Two ways with median island,dry,Jordan,class 6ab,asphalt,night without enough light,clear,flat curved,Violation of traffic rules,Aqaba,Vehicle for private use,2,49,Male
Collision,2018-04-09 0:10,40,0,0,0,0,Two ways with median island,dry,Jordan,class 6b,asphalt,night without enough light,clear,flat curved,Neglecting traffic safety precautions,Aqaba,Trailer private use,2,39,Male
Collision,2018-04-09 0:11,30,0,0,0,0,Two ways,dry,Jordan,class 3,asphalt,night without enough light,clear,flat straight,Violation of traffic rules,Amman,Passengers vehicle (up to 9 seats),3,0,Unkown
Collision,2018-04-09 0:11,30,0,0,0,0,Two ways,dry,Jordan,class 3,asphalt,night without enough light,clear,flat straight,Improper lane changes,Amman,Passenger and cargo vehicle,3,43,Male
Collision,2018-04-09 0:13,50,0,0,0,0,Two ways with median island,dry,Jordan,class 3 auto,asphalt,night without enough light,clear,flat straight,Tailgating,Amman,Passengers vehicle (up to 9 seats),2,0,Unkown
Collision,2018-04-09 0:13,50,0,0,0,0,Two ways with median island,dry,Jordan,class 3,asphalt,night without enough light,clear,flat straight,Violation of traffic rules,Amman,Passengers vehicle (up to 9 seats),2,27,Male
Collision,2018-04-09 0:14,50,0,0,0,0,Two ways with median island,dry,Jordan,class 3,asphalt,night without enough light,clear,flat straight,Violation of traffic rules,Irbid,Truck,2,30,Male
Collision,2018-04-09 0:14,50,0,0,0,0,Two ways with median island,dry,Jordan,class 3,asphalt,night without enough light,clear,flat straight,Improper lane changes,Irbid,Passengers vehicle (up to 9 seats),2,38,Male
Collision,2018-04-09 0:21,40,0,0,0,0,Two ways,dry,Jordan,class4,asphalt,night with enough light,clear,flat straight,Violation of traffic rules,Amman,Passengers vehicle (up to 9 seats),2,37,Male
Collision,2018-04-09 0:21,40,0,0,0,0,Two ways,dry,Jordan,class 3,asphalt,night with enough light,clear,flat straight,Violation of traffic rules,Amman,Passengers vehicle (up to 9 seats),2,71,Male
Collision,2018-04-09 0:21,60,1,0,0,0,Two ways with median island,dry,Jordan,class4,asphalt,night with enough light,clear,flat straight,Violation of traffic rules,Amman,Passengers vehicle (up to 9 seats),4,34,Male
Collision,2018-04-09 0:21,60,1,0,0,0,Two ways with median island,dry,Jordan,class 3,asphalt,night with enough light,clear,flat straight,Tailgating,Amman,Passengers vehicle (up to 9 seats),4,0,Unkown
Collision,2018-04-09 0:21,60,1,0,0,0,Two ways with median island,dry,Jordan,unkown driver,asphalt,night with enough light,clear,flat straight,Violation of traffic rules,Amman,Motorcycle,4,30,Male
Collision,2018-04-09 0:21,60,1,0,0,0,Two ways with median island,dry,Jordan,class 3,asphalt,night with enough light,clear,flat straight,Violation of traffic rules,Amman,Passengers vehicle (up to 9 seats),4,29,Male
Collision,2018-04-09 1:09,30,0,0,0,0,Two ways,dry,Jordan,class 3,asphalt,night without enough light,clear,flat straight,Violation of traffic rules,Amman,Passengers vehicle (up to 9 seats),2,0,Unkown
Collision,2018-04-09 1:09,30,0,0,0,0,Two ways,dry,Jordan,class 3,asphalt,night without enough light,clear,flat straight,Improper lane changes,Amman,Passengers vehicle (up to 9 seats),2,118,Male
Collision,2018-04-09 1:09,50,0,0,0,0,Two ways with median island,dry,Jordan,class 3 auto,asphalt,night with enough light,clear,flat straight,Tailgating,Amman,Passengers vehicle (up to 9 seats),2,0,Unkown
Collision,2018-04-09 1:09,50,0,0,0,0,Two ways with median island,dry,Jordan,class4,asphalt,night with enough light,clear,flat straight,Violation of traffic rules,Amman,Passenger and cargo vehicle,2,58,Male
Collision,2018-04-09 1:36,40,0,0,0,0,One way,dry,Jordan,class 3,asphalt,night with enough light,clear,flat straight,Running a stop sign,Amman,Passengers vehicle (up to 9 seats),2,25,Male
Collision,2018-04-09 1:36,40,0,0,0,0,One way,dry,Jordan,class5,asphalt,night with enough light,clear,flat straight,Violation of traffic rules,Amman,Passengers vehicle (up to 9 seats),2,51,Male
Collision,2018-04-09 1:39,60,0,2,1,1,Two ways,dry,Jordan,class 3,asphalt,night with enough light,clear,flat straight,Improper lane changes,Amman,Passengers vehicle (up to 9 seats),2,28,Male
Collision,2018-04-09 1:39,60,0,2,1,1,Two ways,dry,Jordan,class 3 auto,asphalt,night with enough light,clear,flat straight,Violation of traffic rules,Amman,Passengers vehicle (up to 9 seats),2,26,Male
Collision,2018-04-09 1:44,60,0,0,0,0,Two ways,dry,Jordan,class 3,asphalt,night without enough light,clear,flat straight,Improper lane changes,Irbid,Passengers vehicle (up to 9 seats),2,33,Male
Collision,2018-04-09 1:44,60,0,0,0,0,Two ways,dry,Jordan,class 3,asphalt,night without enough light,clear,flat straight,Improper lane changes,Irbid,Passengers vehicle (up to 9 seats),2,23,Male
Off-Road,2018-04-09 1:49,80,0,0,0,0,Two ways with median island,dry,Jordan,class 3,asphalt,night with enough light,clear,flat straight,Improper lane changes,Amman,Passengers vehicle (up to 9 seats),1,37,Male
Collision,2018-04-09 1:58,20,0,0,0,0,Parking lot,dry,Jordan,class 3,asphalt,night without enough light,clear,straight ramp,Neglecting traffic safety precautions,Amman,Passengers vehicle (up to 9 seats),1,75,Male
Collision,2018-04-09 2:32,60,1,0,0,0,Two ways with median island,dry,Jordan,class5,asphalt,night without enough light,clear,flat straight,Improper lane changes,Amman,Truck,2,28,Male
Collision,2018-04-09 2:32,60,1,0,0,0,Two ways with median island,dry,Jordan,class 3,asphalt,night without enough light,clear,flat straight,Violation of traffic rules,Amman,Passengers vehicle (up to 9 seats),2,25,Male
Collision,2018-04-09 2:37,50,0,0,0,0,One way,dry,Jordan,class 3,asphalt,night with enough light,clear,flat straight,Violation of traffic rules,Amman,Passengers vehicle (up to 9 seats),2,25,Male
Collision,2018-04-09 2:37,50,0,0,0,0,One way,dry,Jordan,class 3,asphalt,night with enough light,clear,flat straight,Violation of traffic rules,Amman,Passengers vehicle (up to 9 seats),2,35,Male
Collision,2018-04-09 2:38,50,0,0,0,0,Two ways with median island,dry,Jordan,unkown driver,asphalt,night with enough light,clear,flat straight,Improper lane changes,Amman,Passengers vehicle (up to 9 seats),2,118,Unkown
Collision,2018-04-09 2:38,50,0,0,0,0,Two ways with median island,dry,Jordan,class 3,asphalt,night with enough light,clear,flat straight,Violation of traffic rules,Amman,Passengers vehicle (up to 9 seats),2,43,Male
Collision,2018-04-09 19:14,40,0,0,0,0,Two ways,dry,Jordan,class 3,asphalt,sunset,clear,flat straight,Neglecting traffic safety precautions,Amman,Passengers vehicle (up to 9 seats),2,0,Female
Collision,2018-04-09 19:14,40,0,0,0,0,Two ways,dry,Jordan,class 3,asphalt,sunset,clear,flat straight,Violation of traffic rules,Amman,Passengers vehicle (up to 9 seats),2,37,Male
Collision,2018-04-09 4:30,40,0,0,0,0,Two ways,dry,Jordan,class 3,asphalt,dark,clear,flat straight,Violation of traffic rules,Irbid,Passengers vehicle (up to 9 seats),2,24,Male
Collision,2018-04-09 4:30,40,0,0,0,0,Two ways,dry,Jordan,class 3,asphalt,dark,clear,flat straight,Violation of traffic rules,Irbid,Passengers vehicle (up to 9 seats),2,31,Male
Collision,2018-04-09 4:57,40,0,0,0,0,Two ways,dry,Jordan,class 3,asphalt,night without enough light,clear,flat straight,Improper lane changes,Amman,Passengers vehicle (up to 9 seats),1,40,Male
Collision,2018-04-09 5:11,50,0,0,0,0,Two ways,dry,Jordan,class 3,asphalt,night without enough light,clear,flat straight,Neglecting traffic safety precautions,Mafraq,Passengers vehicle (up to 9 seats),1,0,Unkown
Collision,2018-04-09 6:22,50,0,0,0,0,Two ways,dry,Jordan,class 3,asphalt,day,clear,flat straight,Violation of traffic rules,Amman,Passengers vehicle (up to 9 seats),2,26,Male
Collision,2018-04-09 6:22,50,0,0,0,0,Two ways,dry,Jordan,class 6ab,asphalt,day,clear,flat straight,Neglecting traffic safety precautions,Amman,Vehicle for private use,2,0,Unkown
Collision,2018-04-09 6:32,80,0,0,0,0,Two ways,dry,Jordan,class4,asphalt,sunrise,clear,flat straight,Violation of traffic rules,Madaba,Truck,2,36,Male
Collision,2018-04-09 6:32,80,0,0,0,0,Two ways,dry,Jordan,class4,asphalt,sunrise,clear,flat straight,Improper lane changes,Madaba,Passengers vehicle (up to 9 seats),2,26,Male
Collision,2018-04-09 6:57,40,0,0,0,1,Two ways with median island,dry,Jordan,class4,asphalt,day,clear,flat straight,Improper lane changes,Amman,Truck,1,37,Male
Collision,2018-04-09 7:06,50,0,0,0,0,Two ways with median island,dry,Jordan,class 3,asphalt,day,clear,flat straight,Tailgating,Amman,Passengers vehicle (up to 9 seats),3,28,Male
Collision,2018-04-09 7:06,50,0,0,0,0,Two ways with median island,dry,Jordan,class 3 auto,asphalt,day,clear,flat straight,Violation of traffic rules,Amman,Passengers vehicle (up to 9 seats),3,39,Female
Collision,2018-04-09 7:06,50,0,0,0,0,Two ways with median island,dry,Jordan,class 3 auto,asphalt,day,clear,flat straight,Violation of traffic rules,Amman,Passengers vehicle (up to 9 seats),3,0,Unkown
Collision,2018-07-01 13:06,90,0,0,0,0,Two ways with median island,dry,Jordan,class 3,asphalt,day,clear,flat straight,Violation of traffic rules,Amman,Passengers vehicle (up to 9 seats),2,0,Unkown
Collision,2018-04-09 7:10,40,0,0,0,0,Two ways,dry,Jordan,class 3 auto,asphalt,day,clear,flat straight,Neglecting traffic safety precautions,Amman,Passengers vehicle (up to 9 seats),2,21,Unkown
Collision,2018-04-09 7:24,40,0,0,0,0,Two ways,dry,Jordan,class 6b,asphalt,day,clear,flat straight,Violation of traffic rules,Balqa,Passengers Van or small bus (10 to 30 seats),2,40,Male
Collision,2018-04-09 7:24,40,0,0,0,0,Two ways,dry,Jordan,class 3 auto,asphalt,day,clear,flat straight,Neglecting traffic safety precautions,Balqa,Passengers vehicle (up to 9 seats),2,30,Female
Collision,2018-04-09 7:25,50,0,0,0,0,Two ways,dry,Jordan,class 3,asphalt,day,clear,flat straight,Violation of traffic rules,Amman,Passengers vehicle (up to 9 seats),3,52,Male
Collision,2018-04-09 7:25,50,0,0,0,0,Two ways,dry,Jordan,class 3 auto,asphalt,day,clear,flat straight,Neglecting traffic safety precautions,Amman,Passengers vehicle (up to 9 seats),3,53,Female
Collision,2018-04-09 7:25,50,0,0,0,0,Two ways,dry,Jordan,class 3,asphalt,day,clear,flat straight,Violation of traffic rules,Amman,Passengers vehicle (up to 9 seats),3,44,Female
Collision,2018-04-09 7:32,40,0,0,0,0,Two ways with median island,dry,Jordan,class 3,asphalt,day,clear,flat straight,Violation of traffic rules,Irbid,Passengers vehicle (up to 9 seats),2,40,Male
Collision,2018-04-09 7:32,40,0,0,0,0,Two ways with median island,dry,Jordan,class 3,asphalt,day,clear,flat straight,Running a stop sign,Irbid,Truck,2,42,Male
Collision,2018-04-09 7:33,50,0,0,0,0,Two ways with median island,dry,Jordan,class4,asphalt,day,clear,flat straight,Violation of traffic rules,Amman,Passengers vehicle (up to 9 seats),2,40,Male
Collision,2018-04-09 7:33,50,0,0,0,0,Two ways with median island,dry,Jordan,class 3,asphalt,day,clear,flat straight,Unsafe turnaround,Amman,Passengers vehicle (up to 9 seats),2,45,Male
Collision,2018-04-09 7:39,40,0,0,0,0,Two ways with median island,dry,Jordan,class 3,asphalt,night without enough light,clear,flat straight,Violation of traffic rules,Amman,Passengers vehicle (up to 9 seats),2,0,Unkown
Collision,2018-04-09 7:39,40,0,0,0,0,Two ways with median island,dry,Jordan,class 3,asphalt,night without enough light,clear,flat straight,Neglecting traffic safety precautions,Amman,Passengers vehicle (up to 9 seats),2,32,Male
Collision,2018-04-09 7:48,50,0,0,0,0,Two ways,dry,Jordan,class 3,asphalt,day,clear,flat straight,Violation of traffic rules,Amman,Passengers vehicle (up to 9 seats),2,26,Male
Collision,2018-04-09 7:48,50,0,0,0,0,Two ways,dry,Jordan,class 3,asphalt,day,clear,flat straight,Violation of traffic rules,Amman,Passengers vehicle (up to 9 seats),2,28,Female
Collision,2018-04-09 7:49,40,0,0,0,0,Two ways,dry,Jordan,class 3,asphalt,day,clear,flat straight,Violation of traffic rules,Amman,Passengers vehicle (up to 9 seats),2,0,Unkown
Collision,2018-04-09 7:49,40,0,0,0,0,Two ways,dry,Jordan,class 3,asphalt,day,clear,flat straight,Improper reversing,Amman,Passengers vehicle (up to 9 seats),2,34,Male
Collision,2018-04-09 7:49,50,0,0,0,0,Two ways with median island,dry,Jordan,class4,asphalt,day,clear,flat straight,Tailgating,Amman,Passengers vehicle (up to 9 seats),2,40,Male
Collision,2018-04-09 7:49,50,0,0,0,0,Two ways with median island,dry,Jordan,class 6ab,asphalt,day,clear,flat straight,Violation of traffic rules,Amman,Passengers vehicle (up to 9 seats),2,52,Male
Collision,2018-04-09 7:49,60,0,0,0,0,Two ways with median island,dry,Jordan,class 3,asphalt,day,clear,flat straight,Tailgating,Irbid,Passenger and cargo vehicle,2,43,Male
Collision,2018-04-09 7:49,60,0,0,0,0,Two ways with median island,dry,Jordan,class 3,asphalt,day,clear,flat straight,Violation of traffic rules,Irbid,Passengers vehicle (up to 9 seats),2,38,Male
Collision,2018-04-09 7:53,80,0,0,0,0,Two ways with median island,dry,Jordan,class 3 auto,asphalt,day,clear,flat straight,Violation of traffic rules,Mafraq,Passengers vehicle (up to 9 seats),2,37,Female
Collision,2018-04-09 7:53,80,0,0,0,0,Two ways with median island,dry,Jordan,class 3,asphalt,day,clear,flat straight,Violation of traffic rules,Mafraq,Passengers vehicle (up to 9 seats),2,38,Male
Collision,2018-04-09 7:55,50,0,0,0,0,Two ways,dry,Jordan,class 3,asphalt,day,clear,flat straight,Neglecting traffic safety precautions,Amman,Truck,1,0,Unkown
Collision,2018-04-09 7:57,50,0,0,0,0,Parking lot,dry,Jordan,class 3,asphalt,day,clear,flat straight,Improper reversing,Amman,Passenger and cargo vehicle,1,27,Male
Collision,2018-04-09 7:57,60,0,0,0,0,Two ways with median island,dry,Jordan,class 3,asphalt,day,clear,flat straight,Tailgating,Amman,Passengers vehicle (up to 9 seats),2,0,Male
Collision,2018-04-09 7:57,60,0,0,0,0,Two ways with median island,dry,Jordan,class 3,asphalt,day,clear,flat straight,Violation of traffic rules,Amman,Passengers vehicle (up to 9 seats),2,46,Male
Collision,2018-04-09 7:57,40,0,0,0,0,Two ways,dry,Jordan,class4,asphalt,day,clear,flat straight,Tailgating,Amman,Passengers vehicle (up to 9 seats),2,25,Male
Collision,2018-04-09 7:57,40,0,0,0,0,Two ways,dry,Jordan,class 3,asphalt,day,clear,flat straight,Violation of traffic rules,Amman,Passengers vehicle (up to 9 seats),2,32,Female
Collision,2018-04-09 8:03,40,0,0,0,0,Two ways,dry,Jordan,class 3,asphalt,day,clear,flat straight,Neglecting traffic safety precautions,Aqaba,Passengers vehicle (up to 9 seats),2,37,Male
Collision,2018-04-09 8:03,40,0,0,0,0,Two ways,dry,Jordan,class 3,asphalt,day,clear,flat straight,Violation of traffic rules,Aqaba,Passengers vehicle (up to 9 seats),2,40,Male
Collision,2018-04-09 8:04,50,0,0,0,0,Two ways with median island,dry,Jordan,class 3,asphalt,day,clear,flat straight,Violation of traffic rules,Amman,Passengers vehicle (up to 9 seats),2,29,Male
Collision,2018-04-09 8:04,50,0,0,0,0,Two ways with median island,dry,Jordan,class 3,asphalt,day,clear,flat straight,Improper reversing,Amman,Passengers vehicle (up to 9 seats),2,37,Male
Collision,2018-04-09 8:04,70,0,0,0,0,Two ways with median island,dry,Jordan,class 3,asphalt,day,clear,Upright straight,Violation of traffic rules,Amman,Passengers vehicle (up to 9 seats),2,23,Male
Collision,2018-04-09 8:04,70,0,0,0,0,Two ways with median island,dry,Jordan,class 3,asphalt,day,clear,Upright straight,Violation of traffic rules,Amman,Passengers vehicle (up to 9 seats),2,72,Male
Collision,2018-04-09 8:05,50,0,0,0,0,Two ways with median island,dry,Jordan,class5,asphalt,day,clear,flat straight,Violation of traffic rules,Amman,Passengers vehicle (up to 9 seats),2,42,Male
Collision,2018-04-09 8:05,50,0,0,0,0,Two ways with median island,dry,Jordan,class4,asphalt,day,clear,flat straight,Neglecting traffic safety precautions,Amman,Truck,2,29,Male
Collision,2018-04-09 8:06,30,0,0,0,0,Two ways with median island,dry,Jordan,class 3,asphalt,day,clear,flat straight,Violation of traffic rules,Amman,Passengers vehicle (up to 9 seats),3,27,Male
Collision,2018-04-09 8:06,30,0,0,0,0,Two ways with median island,dry,Jordan,class 6a,asphalt,day,clear,flat straight,Violation of traffic rules,Amman,Passengers Van or small bus (10 to 30 seats),3,48,Male
Collision,2018-04-09 8:06,30,0,0,0,0,Two ways with median island,dry,Jordan,class4,asphalt,day,clear,flat straight,Violation of traffic rules,Amman,Passengers vehicle (up to 9 seats),3,30,Male