Accident Type,Date,Speed (Km),Simple Injuries,Severe Injuries,Death,Medium Injuries,Road Lanes,Road Surfuce Description,Vehicle Country,Driver Licensee Type,Road Type,Light,Weather,Road Proerties,Driver Mistake,City,Vehicle type,Number of Cars,Driver Age,Sex
Collision,2018-04-09 17:37,50,0,0,0,0,Two ways with median island,dry,Jordan,class 3,asphalt,day,clear,flat straight,Violation of traffic rules,Amman,Passengers vehicle (up to 9 seats),2,53,Male
Collision,2018-04-09 17:43,50,0,0,0,0,Two ways,dry,KSA,unkown driver,asphalt,day,clear,flat straight,Improper lane changes,Amman,Passengers vehicle (up to 9 seats),2,118,Unkown
Collision,2018-04-09 17:43,50,0,0,0,0,Two ways,dry,Jordan,class 3,asphalt,day,clear,flat straight,Violation of traffic rules,Amman,Passengers vehicle (up to 9 seats),2,24,Male
Collision,2018-04-09 17:44,40,0,0,0,0,Two ways with median island,dry,Jordan,class 3,asphalt,day,clear,flat straight,Violation of traffic rules,Irbid,Passengers vehicle (up to 9 seats),2,23,Male
Collision,2018-04-09 17:44,40,0,0,0,0,Two ways with median island,dry,Jordan,class 3,asphalt,day,clear,flat straight,Violation of traffic rules,Irbid,Passengers vehicle (up to 9 seats),2,21,Male
Collision,2018-04-09 17:47,40,0,0,0,0,Two ways,dry,Jordan,class 3,concrrete,day,clear,flat straight,Violation of traffic rules,Zarqa,Passengers vehicle (up to 9 seats),2,49,Male
Collision,2018-04-09 17:47,40,0,0,0,0,Two ways,dry,Jordan,class 6ab,concrrete,day,clear,flat straight,Neglecting traffic safety precautions,Zarqa,Vehicle for private use,2,36,Male
Collision,2018-04-09 17:51,40,0,0,0,0,Two ways with median island,dry,Jordan,class 3,asphalt,day,clear,flat straight,Violation of traffic rules,Amman,Passengers vehicle (up to 9 seats),2,49,Female
Collision,2018-04-09 17:51,40,0,0,0,0,Two ways with median island,dry,Jordan,class 3,asphalt,day,clear,flat straight,Violation of traffic rules,Amman,Passengers vehicle (up to 9 seats),2,21,Male
Collision,2018-04-09 17:55,60,0,0,0,0,Two ways with median island,dry,Jordan,class 3,asphalt,day,clear,flat straight,Tailgating,Amman,Passengers vehicle (up to 9 seats),2,0,Unkown
Collision,2018-04-09 17:55,60,0,0,0,0,Two ways with median island,dry,Jordan,class 3 auto,asphalt,day,clear,flat straight,Violation of traffic rules,Amman,Passengers vehicle (up to 9 seats),2,25,Male
Collision,2018-04-09 17:55,50,0,0,0,0,Two ways with median island,dry,Jordan,class 3,asphalt,day,clear,flat straight,Tailgating,Amman,Passenger and cargo vehicle,2,31,Male
Collision,2018-04-09 17:55,50,0,0,0,0,Two ways with median island,dry,Jordan,class 3,asphalt,day,clear,flat straight,Violation of traffic rules,Amman,Passengers vehicle (up to 9 seats),2,26,Male
Collision,2018-04-09 17:56,40,0,0,0,0,Two ways with median island,dry,Jordan,class 3,asphalt,day,clear,flat straight,Violation of traffic rules,Zarqa,Truck,2,51,Male
Collision,2018-04-09 17:56,40,0,0,0,0,Two ways with median island,dry,Jordan,class 3,asphalt,day,clear,flat straight,Violation of traffic rules,Zarqa,Truck,2,23,Male
Collision,2018-04-09 22:53,60,0,0,0,0,One way,dry,Jordan,class 3,asphalt,night with enough light,clear,flat straight,Violation of traffic rules,Amman,Passengers vehicle (up to 9 seats),2,30,Male
Collision,2018-04-09 22:53,60,0,0,0,0,One way,dry,Jordan,class 3,asphalt,night with enough light,clear,flat straight,Violation of traffic rules,Amman,Passengers vehicle (up to 9 seats),2,0,Unkown
Collision,2018-04-09 18:05,40,0,0,0,0,Two ways with median island,dry,Jordan,class4,asphalt,night without enough light,clear,flat straight,Improper lane changes,Amman,Passengers vehicle (up to 9 seats),2,34,Male
Collision,2018-04-09 18:05,40,0,0,0,0,Two ways with median island,dry,Jordan,class 3,asphalt,night without enough light,clear,flat straight,Violation of traffic rules,Amman,Truck,2,0,Unkown
Collision,2018-04-09 18:06,60,0,0,0,0,Two ways with median island,dry,Jordan,class4,asphalt,day,clear,flat straight,Violation of traffic rules,Amman,Truck,2,51,Male
Collision,2018-04-09 18:06,60,0,0,0,0,Two ways with median island,dry,Jordan,class 3,asphalt,day,clear,flat straight,Violation of traffic rules,Amman,Passengers vehicle (up to 9 seats),2,0,Unkown
Collision,2018-04-09 18:06,70,0,0,0,0,Two ways with median island,dry,Jordan,class 3,asphalt,day,clear,flat straight,Neglecting traffic safety precautions,Irbid,Passengers vehicle (up to 9 seats),2,25,Male
Collision,2018-04-09 18:06,70,0,0,0,0,Two ways with median island,dry,Jordan,class 3,asphalt,day,clear,flat straight,Violation of traffic rules,Irbid,Passengers vehicle (up to 9 seats),2,25,Male
Collision,2018-04-09 18:09,40,0,0,0,0,Two ways with median island,dry,Jordan,class 6a,asphalt,day,clear,flat straight,Neglecting traffic safety precautions,Amman,Bus (> 30 seats),2,49,Male
Collision,2018-04-09 18:09,40,0,0,0,0,Two ways with median island,dry,Jordan,class 6b,asphalt,day,clear,flat straight,Violation of traffic rules,Amman,Trailer private use,2,42,Male
Collision,2018-04-09 18:09,40,0,0,0,0,Two ways with median island,dry,Jordan,unkown driver,asphalt,day,clear,flat straight,Improper lane changes,Amman,Passengers vehicle (up to 9 seats),2,118,Unkown
Collision,2018-04-09 18:09,40,0,0,0,0,Two ways with median island,dry,Jordan,class7,asphalt,day,clear,flat straight,Violation of traffic rules,Amman,Passengers vehicle (up to 9 seats),2,47,Male
Collision,2018-04-09 18:10,60,0,0,0,0,Two ways with median island,dry,Jordan,class 3,asphalt,day,clear,flat straight,Violation of traffic rules,Amman,Passengers vehicle (up to 9 seats),2,31,Male
Collision,2018-04-09 18:10,60,0,0,0,0,Two ways with median island,dry,Jordan,class 3,asphalt,day,clear,flat straight,Violation of traffic rules,Amman,Passengers vehicle (up to 9 seats),2,35,Male
Collision,2018-04-09 18:11,50,0,0,0,0,Two ways with median island,dry,Jordan,class 3,asphalt,day,clear,flat straight,Violation of traffic rules,Amman,Passengers vehicle (up to 9 seats),2,25,Male
Collision,2018-04-09 18:11,50,0,0,0,0,Two ways with median island,dry,Jordan,class 3,asphalt,day,clear,flat straight,Violation of traffic rules,Amman,Passengers vehicle (up to 9 seats),2,118,Unkown
Collision,2018-04-09 18:16,40,0,0,0,0,Two ways with median island,dry,Jordan,unkown driver,asphalt,day,clear,flat straight,Violation of traffic rules,Amman,Passengers vehicle (up to 9 seats),2,118,Unkown
Collision,2018-04-09 18:16,40,0,0,0,0,Two ways with median island,dry,KSA,unkown driver,asphalt,day,clear,flat straight,Tailgating,Amman,Passengers vehicle (up to 9 seats),2,118,Unkown
Collision,2018-04-09 18:19,60,0,0,0,0,Two ways with median island,dry,Jordan,class 3,asphalt,day,clear,flat straight,Violation of traffic rules,Zarqa,Passenger and cargo vehicle,3,55,Male
Collision,2018-04-09 18:19,60,0,0,0,0,Two ways with median island,dry,Jordan,class 3 auto,asphalt,day,clear,flat straight,Open door while driving or parking,Zarqa,Passengers vehicle (up to 9 seats),3,32,Male
Collision,2018-04-09 18:19,60,0,0,0,0,Two ways with median island,dry,Jordan,class 3,asphalt,day,clear,flat straight,Violation of traffic rules,Zarqa,Passengers vehicle (up to 9 seats),3,24,Male
Collision,2018-04-09 18:21,50,0,0,0,0,Two ways with median island,dry,Jordan,class5,asphalt,day,clear,flat straight,Tailgating,Amman,Passengers vehicle (up to 9 seats),2,40,Male
Collision,2018-04-09 18:21,50,0,0,0,0,Two ways with median island,dry,Jordan,class 3 auto,asphalt,day,clear,flat straight,Violation of traffic rules,Amman,Passengers vehicle (up to 9 seats),2,44,Female
Collision,2018-04-09 18:23,40,0,0,0,0,One way,dry,Jordan,class 3,asphalt,day,clear,flat straight,Violation of traffic rules,Mafraq,Passenger and cargo vehicle,2,47,Male
Collision,2018-04-09 18:23,40,0,0,0,0,One way,dry,Jordan,class4,asphalt,day,clear,flat straight,"Speeding in school zone,innterssecctions and curved roads",Mafraq,Passengers vehicle (up to 9 seats),2,21,Male
Collision,2018-04-09 18:27,50,0,0,0,0,Two ways with median island,dry,Jordan,class 3,asphalt,day,clear,flat straight,Violation of traffic rules,Amman,Passengers vehicle (up to 9 seats),2,85,Male
Collision,2018-04-09 18:27,50,0,0,0,0,Two ways with median island,dry,Jordan,class 3,asphalt,day,clear,flat straight,Violation of traffic rules,Amman,Passengers vehicle (up to 9 seats),2,23,Male
Collision,2018-04-09 18:28,60,1,0,0,1,Two ways,dry,Jordan,class 3,asphalt,sunset,clear,flat straight,Sharp curved,Balqa,Passengers vehicle (up to 9 seats),2,47,Male
Collision,2018-04-09 18:28,60,1,0,0,1,Two ways,dry,Jordan,class 3,asphalt,sunset,clear,flat straight,Violation of traffic rules,Balqa,Passengers vehicle (up to 9 seats),2,38,Male
Collision,2018-04-09 18:28,50,0,0,0,0,Two ways with median island,dry,Jordan,class 3,asphalt,day,clear,flat straight,Violation of traffic rules,Amman,Passengers vehicle (up to 9 seats),2,0,Male
Collision,2018-04-09 18:28,50,0,0,0,0,Two ways with median island,dry,Jordan,class 3,asphalt,day,clear,flat straight,Improper lane changes,Amman,Passengers vehicle (up to 9 seats),2,0,Male
Collision,2018-04-09 18:33,40,0,0,0,0,Parking lot,dry,Jordan,class 3,concrrete,day,clear,flat straight,Violation of traffic rules,Amman,Passenger and cargo vehicle,2,0,Unkown
Collision,2018-04-09 18:33,40,0,0,0,0,Parking lot,dry,Jordan,class 3,concrrete,day,clear,flat straight,Improper reversing,Amman,Passengers vehicle (up to 9 seats),2,31,Female
Collision,2018-04-09 18:40,40,0,0,0,0,Two ways with median island,dry,Jordan,class 3,asphalt,day,clear,flat straight,Improper lane changes,Irbid,Truck,2,27,Male
Collision,2018-04-09 18:40,40,0,0,0,0,Two ways with median island,dry,Jordan,class 3,asphalt,day,clear,flat straight,Violation of traffic rules,Irbid,Passengers vehicle (up to 9 seats),2,27,Male
Collision,2018-04-09 18:46,40,0,0,0,0,Two ways with median island,dry,Jordan,class5,asphalt,sunset,clear,flat straight,Tailgating,Amman,Passengers vehicle (up to 9 seats),2,30,Male
Collision,2018-04-09 18:46,40,0,0,0,0,Two ways with median island,dry,Jordan,class4,asphalt,sunset,clear,flat straight,Violation of traffic rules,Amman,Passengers vehicle (up to 9 seats),2,28,Male
Off-Road,2018-04-09 18:47,40,0,0,0,0,Two ways with median island,dry,Jordan,class 3,asphalt,day,clear,flat straight,Loss of control,Irbid,Passengers vehicle (up to 9 seats),1,24,Male
Collision,2018-04-09 18:50,50,0,0,0,0,Public Parks,dry,Jordan,class5,asphalt,sunset,clear,flat straight,Violation of traffic rules,Amman,Vehicle for private use,2,31,Male
Collision,2018-04-09 18:50,50,0,0,0,0,Public Parks,dry,Jordan,class4,asphalt,sunset,clear,flat straight,Neglecting traffic safety precautions,Amman,Vehicle for private use,2,0,Unkown
Collision,2018-04-09 18:55,50,0,0,0,0,Two ways,dry,Jordan,class 3,asphalt,day,clear,flat straight,Violation of traffic rules,Zarqa,Passengers vehicle (up to 9 seats),2,41,Male
Collision,2018-04-09 18:55,50,0,0,0,0,Two ways,dry,Jordan,class4,asphalt,day,clear,flat straight,Improper reversing,Zarqa,Truck,2,31,Male
Collision,2018-04-09 19:06,40,0,0,0,0,One way,dry,Jordan,class 3,asphalt,sunset,clear,flat straight,Violation of traffic rules,Amman,Passengers vehicle (up to 9 seats),2,45,Male
Collision,2018-04-09 19:06,40,0,0,0,0,One way,dry,Jordan,class 3,asphalt,sunset,clear,flat straight,Tailgating,Amman,Passengers vehicle (up to 9 seats),2,24,Male
Collision,2018-04-09 19:06,60,0,0,0,0,Two ways with median island,dry,Jordan,class5,asphalt,sunset,clear,flat straight,Neglecting traffic safety precautions,Amman,Passengers vehicle (up to 9 seats),2,39,Male
Collision,2018-04-09 19:06,60,0,0,0,0,Two ways with median island,dry,Jordan,class 3,asphalt,sunset,clear,flat straight,Violation of traffic rules,Amman,Passengers vehicle (up to 9 seats),2,0,Unkown
Collision,2018-04-09 19:13,60,0,0,0,0,Two ways with median island,dry,Jordan,class 6b,asphalt,sunset,clear,flat straight,Neglecting traffic safety precautions,Amman,Truck,2,29,Male
Collision,2018-04-09 19:13,60,0,0,0,0,Two ways with median island,dry,Jordan,class 3,asphalt,sunset,clear,flat straight,Violation of traffic rules,Amman,Passengers Van or small bus (10 to 30 seats),2,31,Male
Collision,2018-04-09 19:15,60,0,0,0,0,Two ways with median island,dry,Jordan,class4,asphalt,sunset,clear,flat straight,Violation of traffic rules,Amman,Passengers vehicle (up to 9 seats),2,35,Male
Collision,2018-04-09 19:15,60,0,0,0,0,Two ways with median island,dry,Jordan,class 3,asphalt,sunset,clear,flat straight,Unsafe turnaround,Amman,Passengers vehicle (up to 9 seats),2,28,Male
Run over,2018-04-09 19:20,40,0,0,0,1,One way,dry,Jordan,class 3,concrrete,day,clear,flat straight,Neglecting traffic safety precautions,Mafraq,Passengers vehicle (up to 9 seats),1,52,Male
Collision,2018-04-09 19:27,70,3,1,0,2,Two ways with median island,dry,Jordan,class 3,asphalt,night with enough light,clear,Upright straight,Sharp curved,Balqa,Passengers vehicle (up to 9 seats),2,18,Unkown
Collision,2018-04-09 19:27,70,3,1,0,2,Two ways with median island,dry,Jordan,class 3,asphalt,night with enough light,clear,Upright straight,Violation of traffic rules,Balqa,Passengers vehicle (up to 9 seats),2,25,Unkown
Collision,2018-04-09 22:00,50,0,0,0,0,Two ways with median island,dry,Jordan,class 3,asphalt,night with enough light,clear,flat straight,Violation of traffic rules,Amman,Truck,2,0,Unkown
Collision,2018-04-09 22:00,50,0,0,0,0,Two ways with median island,dry,Jordan,class 3,asphalt,night with enough light,clear,flat straight,Improper lane changes,Amman,Passengers vehicle (up to 9 seats),2,21,Unkown
Collision,2018-04-09 19:37,60,0,0,0,0,Two ways,dry,Jordan,class5,asphalt,night with enough light,clear,flat straight,Neglecting traffic safety precautions,Jerash,Truck,2,37,Male
Collision,2018-04-09 19:37,60,0,0,0,0,Two ways,dry,Jordan,class 3,asphalt,night with enough light,clear,flat straight,Violation of traffic rules,Jerash,Passenger and cargo vehicle,2,44,Male
Collision,2018-04-09 19:40,40,0,0,0,0,Two ways with median island,dry,Jordan,class 3,asphalt,night with enough light,clear,flat straight,Violation of traffic rules,Irbid,Passengers vehicle (up to 9 seats),2,28,Male
Collision,2018-04-09 19:40,40,0,0,0,0,Two ways with median island,dry,Jordan,class 3,asphalt,night with enough light,clear,flat straight,Tailgating,Irbid,Passengers vehicle (up to 9 seats),2,64,Male
Collision,2018-04-09 19:40,60,0,0,0,0,Two ways,dry,Jordan,class 6ab,asphalt,night with enough light,clear,Upright straight,Violation of traffic rules,Amman,Passengers vehicle (up to 9 seats),2,46,Male
Collision,2018-04-09 19:40,60,0,0,0,0,Two ways,dry,Jordan,class 6b,asphalt,night with enough light,clear,Upright straight,Improper reversing,Amman,Trailer private use,2,28,Male
Collision,2018-04-09 19:40,50,0,0,0,0,Two ways with median island,dry,Jordan,class4,asphalt,night without enough light,clear,flat straight,Improper lane changes,Zarqa,Passengers vehicle (up to 9 seats),2,40,Male
Collision,2018-04-09 19:40,50,0,0,0,0,Two ways with median island,dry,Jordan,class 3,asphalt,night without enough light,clear,flat straight,Violation of traffic rules,Zarqa,Truck,2,32,Male
Collision,2018-04-09 19:46,40,0,0,0,0,Two ways with median island,dry,Jordan,class5,asphalt,day,clear,flat straight,Violation of traffic rules,Amman,Passengers vehicle (up to 9 seats),2,32,Male
Collision,2018-04-09 19:46,40,0,0,0,0,Two ways with median island,dry,Jordan,class 3,asphalt,day,clear,flat straight,Violation of traffic rules,Amman,Passengers vehicle (up to 9 seats),2,39,Female
Collision,2018-04-09 19:47,30,0,0,0,0,Parking lot,dry,Jordan,class 6ab,asphalt,night with enough light,clear,flat straight,Improper reversing,Irbid,Truck,1,38,Male
Collision,2018-04-09 19:49,40,0,0,0,0,Two ways with median island,dry,Jordan,class 3,asphalt,dark,clear,flat straight,Violation of traffic rules,Amman,Passengers vehicle (up to 9 seats),2,0,Unkown
Collision,2018-04-09 19:49,40,0,0,0,0,Two ways with median island,dry,Jordan,class 3,asphalt,dark,clear,flat straight,Improper lane changes,Amman,Passengers vehicle (up to 9 seats),2,24,Male
Collision,2018-04-09 19:49,50,0,0,0,0,Two ways,dry,Jordan,class4,asphalt,night with enough light,clear,flat straight,Neglecting traffic safety precautions,Maan,Passenger and cargo vehicle,2,40,Male
Collision,2018-04-09 19:49,50,0,0,0,0,Two ways,dry,Jordan,class 3,asphalt,night with enough light,clear,flat straight,Violation of traffic rules,Maan,Passenger and cargo vehicle,2,23,Male
Collision,2018-04-09 19:57,50,1,0,0,1,Two ways with median island,dry,Jordan,class 3,asphalt,night without enough light,clear,flat straight,Violating no pass sign,Zarqa,Passengers vehicle (up to 9 seats),2,20,Male
Collision,2018-04-09 19:57,50,1,0,0,1,Two ways with median island,dry,Jordan,class 3,asphalt,night without enough light,clear,flat straight,Violation of traffic rules,Zarqa,Passengers vehicle (up to 9 seats),2,31,Male
Collision,2018-04-09 20:00,40,0,0,0,0,Two ways,dry,Jordan,class4,asphalt,night without enough light,clear,flat straight,Neglecting traffic safety precautions,Amman,Passengers vehicle (up to 9 seats),2,50,Male
Collision,2018-04-09 20:00,40,0,0,0,0,Two ways,dry,Jordan,class 3,asphalt,night without enough light,clear,flat straight,Violation of traffic rules,Amman,Passengers vehicle (up to 9 seats),2,42,Male
Collision,2018-04-09 20:01,50,0,0,0,0,Two ways with median island,dry,Jordan,class 3,asphalt,night without enough light,clear,flat straight,Violation of traffic rules,Balqa,Passengers vehicle (up to 9 seats),2,32,Male
Collision,2018-04-09 20:01,50,0,0,0,0,Two ways with median island,dry,Jordan,class 3,asphalt,night without enough light,clear,flat straight,Improper reversing,Balqa,Passenger and cargo vehicle,2,39,Male
Collision,2018-04-09 20:19,60,1,0,0,0,Two ways,dry,Jordan,class 3 auto,asphalt,dark,clear,flat straight,Violation of traffic rules,al-karak,Passengers vehicle (up to 9 seats),2,28,Female
Collision,2018-04-09 20:19,60,1,0,0,0,Two ways,dry,Jordan,class 3,asphalt,dark,clear,flat straight,Disregarding traffic signs,al-karak,Passengers vehicle (up to 9 seats),2,29,Male
Collision,2018-04-09 20:28,40,0,0,0,0,Two ways with median island,dry,Jordan,class 3,asphalt,night with enough light,clear,flat straight,Improper lane changes,Amman,Passengers vehicle (up to 9 seats),2,26,Male
Collision,2018-04-09 20:28,40,0,0,0,0,Two ways with median island,dry,Jordan,class 3,asphalt,night with enough light,clear,flat straight,Violation of traffic rules,Amman,Passengers vehicle (up to 9 seats),2,41,Male
Collision,2018-04-09 20:30,80,0,0,0,1,Two ways with median island,dry,Jordan,class 3,asphalt,night with enough light,clear,flat straight,Improper lane changes,Zarqa,Passengers vehicle (up to 9 seats),1,37,Male
Collision,2018-04-09 20:32,40,0,0,0,0,Two ways,dry,Jordan,class 3,asphalt,night with enough light,clear,flat straight,Violation of traffic rules,Amman,Passengers vehicle (up to 9 seats),2,32,Male
Collision,2018-04-09 20:32,40,0,0,0,0,Two ways,dry,Jordan,class 3,asphalt,night with enough light,clear,flat straight,Neglecting traffic safety precautions,Amman,Passengers vehicle (up to 9 seats),2,23,Male
Collision,2018-04-09 20:32,50,0,0,0,0,Two ways with median island,dry,Jordan,class 3,asphalt,day,clear,flat straight,Violation of traffic rules,Amman,Passengers vehicle (up to 9 seats),2,42,Female
Collision,2018-04-09 20:32,50,0,0,0,0,Two ways with median island,dry,Jordan,class 3,asphalt,day,clear,flat straight,Neglecting traffic safety precautions,Amman,Passengers vehicle (up to 9 seats),2,0,Unkown
Collision,2018-04-09 20:48,60,1,0,0,3,Two ways,dry,Jordan,class 3,asphalt,dark,clear,flat straight,Violation of traffic rules,Mafraq,Passengers vehicle (up to 9 seats),2,18,Male
Collision,2018-04-09 20:48,60,1,0,0,3,Two ways,dry,Jordan,class 3,asphalt,dark,clear,flat straight,Improper lane changes,Mafraq,Passengers vehicle (up to 9 seats),2,26,Male
Collision,2018-04-09 20:53,60,0,0,0,0,Two ways with median island,dry,Jordan,class 3,asphalt,day,clear,flat straight,Violation of traffic rules,Amman,Truck,2,38,Male
Collision,2018-04-09 20:53,60,0,0,0,0,Two ways with median island,dry,Jordan,class 3,asphalt,day,clear,flat straight,Improper lane changes,Amman,Passenger and cargo vehicle,2,23,Male
Collision,2018-04-09 20:54,60,0,0,0,0,Two ways,dry,Jordan,class 3,asphalt,dark,clear,flat straight,Speeding 30-50km/h,Mafraq,Passengers vehicle (up to 9 seats),2,39,Male
Collision,2018-04-09 20:54,60,0,0,0,0,Two ways,dry,Jordan,class 3,asphalt,dark,clear,flat straight,Violation of traffic rules,Mafraq,Truck,2,23,Male
Collision,2018-04-09 20:55,60,0,0,0,0,Two ways with median island,dry,Jordan,class 3 auto,asphalt,night with enough light,clear,flat straight,Improper lane changes,Amman,Passengers vehicle (up to 9 seats),2,0,Unkown
Collision,2018-04-09 20:55,60,0,0,0,0,Two ways with median island,dry,Jordan,class 3,asphalt,night with enough light,clear,flat straight,Violation of traffic rules,Amman,Passengers vehicle (up to 9 seats),2,32,Male
Collision,2018-04-09 20:56,60,0,0,0,0,Two ways with median island,dry,Jordan,class 3,asphalt,night with enough light,clear,flat straight,Violation of traffic rules,Amman,Passengers vehicle (up to 9 seats),2,51,Female
Collision,2018-04-09 20:56,60,0,0,0,0,Two ways with median island,dry,Jordan,class 3,asphalt,night with enough light,clear,flat straight,Neglecting traffic safety precautions,Amman,Passengers vehicle (up to 9 seats),2,59,Female
Collision,2018-04-09 20:59,60,0,0,0,0,Two ways with median island,dry,Jordan,class 3 auto,asphalt,night with enough light,clear,straight ramp,Violation of traffic rules,Amman,Passengers vehicle (up to 9 seats),3,24,Male
Collision,2018-04-09 20:59,60,0,0,0,0,Two ways with median island,dry,Jordan,class 3,asphalt,night with enough light,clear,straight ramp,Violation of traffic rules,Amman,Passengers vehicle (up to 9 seats),3,44,Male
Collision,2018-04-09 20:59,60,0,0,0,0,Two ways with median island,dry,Jordan,class 3,asphalt,night with enough light,clear,straight ramp,Neglecting traffic safety precautions,Amman,Passengers vehicle (up to 9 seats),3,37,Male
Collision,2018-04-09 21:09,50,0,0,0,0,Two ways with median island,dry,Jordan,class 3,asphalt,night with enough light,clear,flat straight,Improper lane changes,Irbid,Passenger and cargo vehicle,2,22,Male
Collision,2018-04-09 21:09,50,0,0,0,0,Two ways with median island,dry,Jordan,class 3,asphalt,night with enough light,clear,flat straight,Violation of traffic rules,Irbid,Passenger and cargo vehicle,2,18,Male
Collision,2018-04-09 21:10,60,0,0,0,0,Two ways with median island,dry,Jordan,class 3,asphalt,night without enough light,clear,flat straight,Improper lane changes,Zarqa,Passengers vehicle (up to 9 seats),2,32,Male
Collision,2018-04-09 21:10,60,0,0,0,0,Two ways with median island,dry,Jordan,class 3,asphalt,night without enough light,clear,flat straight,Violation of traffic rules,Zarqa,Passengers vehicle (up to 9 seats),2,42,Female
Collision,2018-04-09 21:12,60,0,0,0,0,Two ways with median island,dry,Jordan,class 3 auto,asphalt,night with enough light,clear,flat straight,Violation of traffic rules,Amman,Passengers vehicle (up to 9 seats),2,24,Male
Collision,2018-04-09 21:12,60,0,0,0,0,Two ways with median island,dry,Jordan,class 3,asphalt,night with enough light,clear,flat straight,Tailgating,Amman,Passengers vehicle (up to 9 seats),2,28,Male
Collision,2018-04-09 21:13,70,0,0,0,0,Two ways with median island,dry,Jordan,class4,asphalt,night with enough light,clear,flat straight,Tailgating,Zarqa,Passengers vehicle (up to 9 seats),2,31,Male
Collision,2018-04-09 21:13,70,0,0,0,0,Two ways with median island,dry,Jordan,class 3 auto,asphalt,night with enough light,clear,flat straight,Violation of traffic rules,Zarqa,Passengers vehicle (up to 9 seats),2,39,Male
Collision,2018-04-09 21:23,40,0,0,0,0,Two ways,dry,Jordan,class 3,asphalt,night with enough light,clear,flat straight,Violation of traffic rules,Amman,Passengers vehicle (up to 9 seats),2,64,Male
Collision,2018-04-09 21:23,40,0,0,0,0,Two ways,dry,Jordan,class 3,asphalt,night with enough light,clear,flat straight,Improper reversing,Amman,Passengers vehicle (up to 9 seats),2,29,Male
Collision,2018-04-09 21:00,60,0,0,0,0,Two ways with median island,dry,Jordan,class 3,asphalt,night without enough light,clear,flat straight,Violation of traffic rules,Amman,Passengers vehicle (up to 9 seats),2,24,Male
Collision,2018-04-09 21:00,60,0,0,0,0,Two ways with median island,dry,Jordan,class 3,asphalt,night without enough light,clear,flat straight,Tailgating,Amman,Passengers vehicle (up to 9 seats),2,27,Male
Collision,2018-04-09 21:26,50,0,0,0,0,Two ways,dry,Jordan,class 3,asphalt,night with enough light,clear,flat straight,Violation of traffic rules,Amman,Passengers vehicle (up to 9 seats),2,0,Unkown
Collision,2018-04-09 21:26,50,0,0,0,0,Two ways,dry,Jordan,class 3,asphalt,night with enough light,clear,flat straight,Improper reversing,Amman,Passengers vehicle (up to 9 seats),2,29,Male
Collision,2018-04-09 21:29,40,0,0,0,0,One way,dry,Jordan,class 3 auto,asphalt,night with enough light,clear,flat straight,Improper lane changes,Amman,Passengers vehicle (up to 9 seats),1,52,Female
Run over,2018-04-09 21:29,60,0,0,1,0,Two ways with median island,dry,Jordan,class5,asphalt,day,clear,flat straight,Neglecting traffic safety precautions,Amman,Passengers vehicle (up to 9 seats),1,27,Male
Collision,2018-04-09 21:31,40,0,0,0,0,Two ways with median island,dry,Jordan,class 3,asphalt,night with enough light,clear,flat straight,Violation of traffic rules,Irbid,Passengers vehicle (up to 9 seats),2,47,Male
Collision,2018-04-09 21:31,40,0,0,0,0,Two ways with median island,dry,Jordan,class 3 auto,asphalt,night with enough light,clear,flat straight,Violation of traffic rules,Irbid,Passengers vehicle (up to 9 seats),2,26,Male
Collision,2018-04-09 21:32,60,0,0,0,0,Two ways with median island,dry,Jordan,class 3,asphalt,night with enough light,clear,flat straight,Improper lane changes,Amman,Passengers vehicle (up to 9 seats),2,41,Male
Collision,2018-04-09 21:32,60,0,0,0,0,Two ways with median island,dry,Jordan,class4,asphalt,night with enough light,clear,flat straight,Violation of traffic rules,Amman,Passengers vehicle (up to 9 seats),2,41,Male
Collision,2018-04-09 21:38,50,0,0,0,0,Two ways,dry,Jordan,class 3,asphalt,night without enough light,clear,flat straight,Violation of traffic rules,Zarqa,Passengers vehicle (up to 9 seats),2,51,Male
Collision,2018-04-09 21:38,50,0,0,0,0,Two ways,dry,Jordan,class 3,asphalt,night without enough light,clear,flat straight,Violation of traffic rules,Zarqa,Truck,2,44,Male
Collision,2018-04-09 21:41,50,0,0,0,0,Two ways with median island,dry,Jordan,class 3 auto,asphalt,night with enough light,clear,flat straight,Improper lane changes,Amman,Passengers vehicle (up to 9 seats),2,43,Female
Collision,2018-04-09 21:41,50,0,0,0,0,Two ways with median island,dry,Jordan,class 3,asphalt,night with enough light,clear,flat straight,Violation of traffic rules,Amman,Passengers vehicle (up to 9 seats),2,0,Unkown
Collision,2018-04-09 21:45,40,0,0,0,0,Two ways with median island,dry,Jordan,class 3,asphalt,day,clear,flat straight,Tailgating,Amman,Passengers vehicle (up to 9 seats),2,30,Male
Collision,2018-04-09 21:45,40,0,0,0,0,Two ways with median island,dry,Jordan,class 3,asphalt,day,clear,flat straight,Violation of traffic rules,Amman,Passengers vehicle (up to 9 seats),2,28,Male