Accident Type,Date,Speed (Km),Simple Injuries,Severe Injuries,Death,Medium Injuries,Road Lanes,Road Surfuce Description,Vehicle Country,Driver Licensee Type,Road Type,Light,Weather,Road Proerties,Driver Mistake,City,Vehicle type,Number of Cars,Driver Age,Sex
Run over,2018-04-09 5:30,40,1,0,0,0,Two ways,dry,Jordan,class4,asphalt,sunset,clear,flat straight,Neglecting traffic safety precautions,Balqa,Passengers vehicle (up to 9 seats),1,43,Male
Collision,2018-04-09 21:54,40,0,0,0,0,Two ways with median island,dry,Jordan,class 3,asphalt,night with enough light,clear,flat straight,Tailgating,Irbid,Passengers vehicle (up to 9 seats),2,29,Male
Collision,2018-04-09 21:54,40,0,0,0,0,Two ways with median island,dry,Jordan,class4,asphalt,night with enough light,clear,flat straight,Violation of traffic rules,Irbid,Passengers vehicle (up to 9 seats),2,22,Male
Collision,2018-04-09 22:06,40,0,0,0,0,Two ways,dry,Jordan,class 3,asphalt,night with enough light,clear,flat straight,Open door while driving or parking,Zarqa,Passengers vehicle (up to 9 seats),2,0,Male
Collision,2018-04-09 22:06,40,0,0,0,0,Two ways,dry,Jordan,class4,asphalt,night with enough light,clear,flat straight,Violation of traffic rules,Zarqa,Passengers vehicle (up to 9 seats),2,32,Male
Collision,2018-04-09 22:08,50,0,0,0,0,Two ways with median island,dry,Jordan,class 3,asphalt,night with enough light,clear,Upright straight,Violation of traffic rules,Amman,Passengers vehicle (up to 9 seats),2,33,Male
Collision,2018-04-09 22:08,50,0,0,0,0,Two ways with median island,dry,Jordan,class 3,asphalt,night with enough light,clear,Upright straight,Neglecting traffic safety precautions,Amman,Passenger and cargo vehicle,2,23,Male
Collision,2018-04-09 22:15,50,0,0,0,0,Two ways with median island,dry,Jordan,class 3,asphalt,night without enough light,clear,flat straight,Violation of traffic rules,Amman,Passengers vehicle (up to 9 seats),2,23,Male
Collision,2018-04-09 22:15,50,0,0,0,0,Two ways with median island,dry,Jordan,class 3,asphalt,night without enough light,clear,flat straight,Violation of traffic rules,Amman,Passengers vehicle (up to 9 seats),2,0,Unkown
Collision,2018-04-09 22:22,50,0,0,0,0,Two ways with median island,dry,Jordan,class4,asphalt,night with enough light,clear,flat straight,Tailgating,Aqaba,Passengers vehicle (up to 9 seats),2,51,Male
Collision,2018-04-09 22:22,50,0,0,0,0,Two ways with median island,dry,Jordan,class4,asphalt,night with enough light,clear,flat straight,Violation of traffic rules,Aqaba,Passengers vehicle (up to 9 seats),2,27,Male
Collision,2018-04-09 22:31,40,0,0,0,0,Two ways with median island,dry,Jordan,class 3,asphalt,night with enough light,clear,flat straight,Violation of traffic rules,Amman,Passengers vehicle (up to 9 seats),2,27,Male
Collision,2018-04-09 22:31,40,0,0,0,0,Two ways with median island,dry,Jordan,class4,asphalt,night with enough light,clear,flat straight,Violation of traffic rules,Amman,Passengers vehicle (up to 9 seats),2,26,Male
Collision,2018-04-09 22:33,40,0,0,0,0,Two ways,dry,Jordan,class 3,asphalt,night with enough light,clear,flat straight,Violation of traffic rules,Irbid,Passenger and cargo vehicle,2,66,Male
Collision,2018-04-09 22:33,40,0,0,0,0,Two ways,dry,Jordan,class 3,asphalt,night with enough light,clear,flat straight,Violation of traffic rules,Irbid,Passengers vehicle (up to 9 seats),2,24,Male
Collision,2018-04-09 22:49,50,0,0,0,0,Two ways with median island,dry,Jordan,class 3,asphalt,night without enough light,clear,flat straight,Violation of traffic rules,Amman,Passengers vehicle (up to 9 seats),2,51,Male
Collision,2018-04-09 22:49,50,0,0,0,0,Two ways with median island,dry,Jordan,class 3,asphalt,night without enough light,clear,flat straight,Neglecting traffic safety precautions,Amman,Passengers vehicle (up to 9 seats),2,118,Male
Collision,2018-04-09 22:53,40,0,0,0,0,Two ways with median island,dry,Jordan,class 3,asphalt,dark,clear,flat straight,Neglecting traffic safety precautions,Amman,Passengers vehicle (up to 9 seats),1,0,Unkown
Collision,2018-04-09 23:00,60,0,0,0,0,Two ways with median island,dry,Jordan,class 3,asphalt,night without enough light,clear,flat straight,Improper lane changes,Amman,Passengers vehicle (up to 9 seats),1,65,Male
Collision,2018-04-09 23:03,40,0,0,0,0,Two ways,dry,Jordan,class 3 auto,asphalt,day,clear,flat straight,Violation of traffic rules,Amman,Passengers vehicle (up to 9 seats),2,29,Female
Collision,2018-04-09 23:03,40,0,0,0,0,Two ways,dry,Jordan,class 3,asphalt,day,clear,flat straight,Violation of traffic rules,Amman,Passengers vehicle (up to 9 seats),2,22,Male
Collision,2018-04-09 23:10,90,0,0,0,0,Two ways with median island,dry,Jordan,class4,asphalt,night with enough light,clear,flat straight,Tailgating,Amman,Truck,2,23,Male
Collision,2018-04-09 23:10,90,0,0,0,0,Two ways with median island,dry,Jordan,class4,asphalt,night with enough light,clear,flat straight,Violation of traffic rules,Amman,Truck,2,22,Male
Collision,2018-04-09 23:23,50,0,0,0,0,Two ways with median island,dry,Jordan,class 3,asphalt,night without enough light,clear,flat straight,Improper lane changes,Irbid,Truck,1,24,Male
Collision,2018-04-09 23:37,40,0,0,0,0,Two ways,dry,Jordan,class 3 auto,asphalt,night with enough light,clear,flat straight,Violation of traffic rules,Amman,Passengers vehicle (up to 9 seats),2,34,Male
Collision,2018-04-09 23:37,40,0,0,0,0,Two ways,dry,Jordan,class4,asphalt,night with enough light,clear,flat straight,Neglecting traffic safety precautions,Amman,Passenger and cargo vehicle,2,31,Male
Collision,2018-04-09 23:41,50,5,0,0,0,Two ways with median island,dry,Jordan,class 3,asphalt,night with enough light,clear,flat straight,Violation of traffic rules,Aqaba,Passengers vehicle (up to 9 seats),2,27,Male
Collision,2018-04-09 23:41,50,5,0,0,0,Two ways with median island,dry,Jordan,class4,asphalt,night with enough light,clear,flat straight,Violation of traffic rules,Aqaba,Passengers vehicle (up to 9 seats),2,25,Male
Collision,2018-04-09 23:44,90,0,0,0,0,Two ways with median island,dry,Jordan,class 3,asphalt,night with enough light,clear,flat straight,Violation of traffic rules,Amman,Passengers vehicle (up to 9 seats),2,35,Male
Collision,2018-04-09 23:44,90,0,0,0,0,Two ways with median island,dry,Jordan,class5,asphalt,night with enough light,clear,flat straight,Improper lane changes,Amman,Vehicle for private use,2,31,Male
Collision,2018-04-09 23:51,40,0,0,0,0,One way,dry,Jordan,class 3,asphalt,day,clear,flat straight,Violation of traffic rules,Amman,Passengers vehicle (up to 9 seats),2,61,Male
Collision,2018-04-09 23:51,40,0,0,0,0,One way,dry,Jordan,class4,asphalt,day,clear,flat straight,Improper lane changes,Amman,Passengers vehicle (up to 9 seats),2,56,Male
Collision,2018-04-09 22:53,70,0,0,0,0,Two ways with median island,dry,Jordan,class 3,asphalt,night with enough light,clear,flat straight,Violation of traffic rules,Amman,Passengers vehicle (up to 9 seats),2,52,Male
Collision,2018-03-09 20:25,60,0,0,0,0,Two ways with median island,dry,Jordan,class 3,asphalt,night with enough light,clear,flat straight,Violation of traffic rules,Amman,Passengers vehicle (up to 9 seats),2,25,Male
Collision,2018-03-09 20:25,60,0,0,0,0,Two ways with median island,dry,Jordan,class 3,asphalt,night with enough light,clear,flat straight,Improper lane changes,Amman,Truck,2,0,Unkown
Collision,2018-03-09 17:04,60,0,0,0,0,Two ways with median island,dry,Jordan,class5,asphalt,day,clear,straight ramp,Improper reversing,Irbid,Passengers vehicle (up to 9 seats),2,48,Male
Collision,2018-03-09 17:04,60,0,0,0,0,Two ways with median island,dry,Jordan,class4,asphalt,day,clear,straight ramp,Violation of traffic rules,Irbid,Passengers vehicle (up to 9 seats),2,25,Male
Collision,2018-05-01 13:47,60,0,0,0,0,Two ways with median island,wet,Jordan,class4,asphalt,day,rain,flat straight,Violation of traffic rules,Mafraq,Passengers vehicle (up to 9 seats),2,40,Male
Collision,2018-05-01 13:47,60,0,0,0,0,Two ways with median island,wet,Jordan,class 3,asphalt,day,rain,flat straight,Tailgating,Mafraq,Passenger and cargo vehicle,2,20,Unkown
Collision,2018-09-01 8:15,80,0,0,0,0,Two ways with median island,dry,Jordan,class 3,asphalt,day,clear,flat straight,Improper lane changes,Irbid,Truck,2,32,Male
Collision,2018-09-01 8:15,80,0,0,0,0,Two ways with median island,dry,Jordan,class 3,asphalt,day,clear,flat straight,Violation of traffic rules,Irbid,Passengers vehicle (up to 9 seats),2,23,Male
Collision,2018-08-01 12:41,60,0,0,0,0,One way,dry,Jordan,class4,asphalt,day,clear,flat straight,Violation of traffic rules,Ajloun,Passengers vehicle (up to 9 seats),2,37,Male
Collision,2018-08-01 12:41,60,0,0,0,0,One way,dry,Jordan,class 3,asphalt,day,clear,flat straight,Tailgating,Ajloun,Passengers vehicle (up to 9 seats),2,48,Male
Collision,2018-05-01 15:45,70,0,0,0,0,Two ways,dry,Jordan,class 6ab,asphalt,day,rain,flat straight,Tailgating,Balqa,Passengers vehicle (up to 9 seats),2,50,Male
Collision,2018-05-01 15:45,70,0,0,0,0,Two ways,dry,Jordan,class 3,asphalt,day,rain,flat straight,Violation of traffic rules,Balqa,Passengers vehicle (up to 9 seats),2,0,Unkown
Collision,2018-07-01 19:14,40,0,0,0,0,Two ways,dry,Jordan,class 3,asphalt,night with enough light,clear,Upright straight,Violation of traffic rules,Amman,Passengers vehicle (up to 9 seats),2,0,Unkown
Collision,2018-08-01 10:51,60,0,0,0,0,Two ways,dry,Jordan,class 3,asphalt,day,clear,flat straight,Improper lane changes,Zarqa,Passengers vehicle (up to 9 seats),3,43,Female
Collision,2018-08-01 7:30,60,0,0,0,0,Two ways,dry,Jordan,class 3,asphalt,day,clear,flat straight,Violation of traffic rules,Mafraq,Passenger and cargo vehicle,2,42,Male
Collision,2018-08-01 7:30,60,0,0,0,0,Two ways,dry,Jordan,class 3,asphalt,day,clear,flat straight,Violation of traffic rules,Mafraq,Passengers vehicle (up to 9 seats),2,40,Male
Collision,2018-07-01 12:00,60,1,0,0,0,Two ways,dry,Jordan,class 3,asphalt,day,clear,flat straight,Neglecting traffic safety precautions,Mafraq,Truck,1,58,Male
Collision,2018-07-01 10:15,40,0,0,0,0,Two ways,dry,Jordan,class 3 auto,asphalt,night with enough light,clear,flat straight,Violation of traffic rules,Amman,Passengers vehicle (up to 9 seats),2,0,Female
Collision,2018-07-01 10:15,40,0,0,0,0,Two ways,dry,Jordan,class 6ab,asphalt,night with enough light,clear,flat straight,Violation of traffic rules,Amman,Bus (> 30 seats),2,36,Male
Collision,2018-07-01 13:11,40,0,0,0,0,Two ways with median island,dry,Jordan,class5,asphalt,day,clear,flat straight,Violation of traffic rules,al-karak,Passengers vehicle (up to 9 seats),2,39,Male
Collision,2018-07-01 13:11,40,0,0,0,0,Two ways with median island,dry,Jordan,class 3,asphalt,day,clear,flat straight,Violation of traffic rules,al-karak,Passengers vehicle (up to 9 seats),2,54,Male
Collision,2018-08-01 12:38,60,0,0,0,0,Two ways with median island,wet,Jordan,class 3,asphalt,day,rain,flat straight,Violation of traffic rules,Ajloun,Passengers Van or small bus (10 to 30 seats),2,33,Male
Collision,2018-08-01 12:38,60,0,0,0,0,Two ways with median island,wet,Jordan,class 3,asphalt,day,rain,flat straight,Improper reversing,Ajloun,Passengers Van or small bus (10 to 30 seats),2,35,Male
Collision,2018-08-01 9:12,90,0,0,0,0,Two ways with median island,dry,Jordan,class5,asphalt,day,clear,flat straight,Violation of traffic rules,Zarqa,Passengers vehicle (up to 9 seats),2,61,Male
Collision,2018-08-01 9:12,90,0,0,0,0,Two ways with median island,dry,Jordan,class 3,asphalt,day,clear,flat straight,Improper lane changes,Zarqa,Truck,2,19,Male
Run over,2018-09-01 21:30,50,1,0,0,0,Two ways,dry,Jordan,class 6ab,asphalt,night with enough light,clear,flat straight,Neglecting traffic safety precautions,Jerash,Passengers vehicle (up to 9 seats),1,55,Male
Off-Road,2018-05-01 5:51,50,0,0,0,0,Two ways with median island,dry,Jordan,class 3,asphalt,night with enough light,rain,flat straight,Improper lane changes,Jerash,Passengers vehicle (up to 9 seats),1,27,Unkown
Collision,2018-06-01 9:07,40,0,0,0,0,Two ways with median island,dry,Jordan,class 3,asphalt,day,clear,flat straight,Violation of traffic rules,Amman,Truck,2,0,Male
Collision,2018-06-01 9:07,40,0,0,0,0,Two ways with median island,dry,Jordan,class 3,asphalt,day,clear,flat straight,Improper lane changes,Amman,Passengers vehicle (up to 9 seats),2,37,Male
Collision,2018-06-01 22:28,40,0,0,0,0,Two ways with median island,dry,Jordan,class4,asphalt,night with enough light,clear,flat straight,Violation of traffic rules,Irbid,Passengers vehicle (up to 9 seats),2,23,Male
Collision,2018-06-01 22:28,40,0,0,0,0,Two ways with median island,dry,Jordan,class 3,asphalt,night with enough light,clear,flat straight,Unsafe turnaround,Irbid,Passenger and cargo vehicle,2,56,Male
Collision,2018-06-01 10:45,60,2,0,0,0,Two ways,wet,Jordan,class 3,asphalt,day,clear,flat straight,Improper lane changes,Balqa,Passengers vehicle (up to 9 seats),1,19,Male
Collision,2018-08-01 8:55,40,0,0,0,0,Public Parks,dry,Jordan,class4,asphalt,day,clear,flat straight,Neglecting traffic safety precautions,Amman,Passengers vehicle (up to 9 seats),2,47,Male
Collision,2018-08-01 8:55,40,0,0,0,0,Public Parks,dry,Jordan,class 3,asphalt,day,clear,flat straight,Neglecting traffic safety precautions,Amman,Passengers vehicle (up to 9 seats),2,0,Male
Collision,2018-07-01 14:00,60,0,0,0,0,Two ways with median island,dry,Jordan,class 3,asphalt,day,clear,straight ramp,Violation of traffic rules,Maan,Passenger and cargo vehicle,2,30,Male
Collision,2018-07-01 14:00,60,0,0,0,0,Two ways with median island,dry,Jordan,class 3,asphalt,day,clear,straight ramp,Tailgating,Maan,Passengers vehicle (up to 9 seats),2,23,Male
Collision,2018-08-01 10:23,40,0,0,0,0,Two ways,dry,Jordan,class4,asphalt,day,clear,straight ramp,Violation of traffic rules,Zarqa,Passengers vehicle (up to 9 seats),2,43,Male
Collision,2018-08-01 10:23,40,0,0,0,0,Two ways,dry,Jordan,class 3,asphalt,day,clear,straight ramp,Tailgating,Zarqa,Passengers vehicle (up to 9 seats),2,52,Male
Collision,2018-08-01 20:05,50,0,0,0,0,Two ways with median island,dry,Jordan,class 3 auto,asphalt,night with enough light,clear,straight ramp,Violation of traffic rules,Amman,Passengers vehicle (up to 9 seats),2,26,Female
Collision,2018-08-01 20:05,50,0,0,0,0,Two ways with median island,dry,Jordan,class 3,asphalt,night with enough light,clear,straight ramp,Violation of traffic rules,Amman,Truck,2,40,Male
Collision,2018-07-01 10:34,60,0,0,0,0,Two ways,dry,Jordan,class 3,asphalt,night with enough light,clear,flat straight,Violation of traffic rules,Balqa,Passengers vehicle (up to 9 seats),2,24,Male
Collision,2018-07-01 10:34,60,0,0,0,0,Two ways,dry,Jordan,class 3,asphalt,night with enough light,clear,flat straight,Tailgating,Balqa,Passengers vehicle (up to 9 seats),2,30,Male
Collision,2018-08-01 8:16,60,0,0,0,0,Two ways,dry,Jordan,class5,asphalt,day,clear,flat straight,Sharp curved,Jerash,Truck,2,29,Male
Collision,2018-08-01 8:16,60,0,0,0,0,Two ways,dry,Jordan,class 3,asphalt,day,clear,flat straight,Violation of traffic rules,Jerash,Passengers vehicle (up to 9 seats),2,23,Male
Collision,2018-06-01 11:57,60,0,0,0,0,Two ways,dry,Jordan,class 3 auto,asphalt,day,clear,flat straight,Neglecting traffic safety precautions,Jerash,Passengers vehicle (up to 9 seats),2,26,Male
Collision,2018-06-01 11:57,60,0,0,0,0,Two ways,dry,Jordan,class 3,asphalt,day,clear,flat straight,Violation of traffic rules,Jerash,Passenger and cargo vehicle,2,53,Male
Collision,2018-07-01 5:19,40,0,0,0,0,Two ways,dry,Jordan,class 3,asphalt,night with enough light,clear,flat straight,Violation of traffic rules,Ajloun,Passengers vehicle (up to 9 seats),2,27,Male
Collision,2018-07-01 5:19,40,0,0,0,0,Two ways,dry,Jordan,class 3,asphalt,night with enough light,clear,flat straight,Improper lane changes,Ajloun,Passenger and cargo vehicle,2,24,Male
Collision,2018-07-01 12:21,40,1,0,0,0,Two ways,dry,Jordan,class5,asphalt,day,clear,flat straight,Violation of traffic rules,Ajloun,Passenger and cargo vehicle,2,51,Male
Collision,2018-07-01 12:21,40,1,0,0,0,Two ways,dry,Jordan,class 3,asphalt,day,clear,flat straight,Violation of traffic rules,Ajloun,Passengers vehicle (up to 9 seats),2,26,Male
Collision,2018-06-01 16:30,50,0,0,0,0,Two ways,wet,Jordan,class4,asphalt,night with enough light,clear,flat straight,Violation of traffic rules,Amman,Truck,2,46,Male
Collision,2018-06-01 16:30,50,0,0,0,0,Two ways,wet,Jordan,class 3,asphalt,night with enough light,clear,flat straight,Neglecting traffic safety precautions,Amman,Passengers vehicle (up to 9 seats),2,30,Male
Collision,2018-08-01 15:45,60,0,0,0,0,Two ways,wet,Jordan,class5,asphalt,night without enough light,rain,flat straight,Neglecting traffic safety precautions,Balqa,Passenger and cargo vehicle,2,50,Male
Collision,2018-08-01 15:45,60,0,0,0,0,Two ways,wet,Jordan,class 3,asphalt,night without enough light,rain,flat straight,Violation of traffic rules,Balqa,Passengers vehicle (up to 9 seats),2,55,Male
Collision,2018-06-01 12:52,40,0,0,0,0,Two ways,dry,Jordan,class4,asphalt,day,clear,flat straight,Tailgating,Zarqa,Passenger and cargo vehicle,2,57,Male
Collision,2018-06-01 12:52,40,0,0,0,0,Two ways,dry,Jordan,class 3,asphalt,day,clear,flat straight,Violation of traffic rules,Zarqa,Passengers vehicle (up to 9 seats),2,58,Male
Collision,2018-08-01 23:04,60,0,0,0,0,Two ways with median island,dry,Jordan,class 3,asphalt,night with enough light,rain,flat straight,Violation of traffic rules,Irbid,Passengers vehicle (up to 9 seats),2,24,Male
Collision,2018-08-01 23:04,60,0,0,0,0,Two ways with median island,dry,Jordan,class 3,asphalt,night with enough light,rain,flat straight,Neglecting traffic safety precautions,Irbid,Passengers vehicle (up to 9 seats),2,20,Male
Collision,2018-08-01 12:07,50,0,0,0,0,Two ways,dry,Jordan,class 3,asphalt,day,clear,flat straight,Violation of traffic rules,Irbid,Passengers vehicle (up to 9 seats),2,33,Female
Collision,2018-08-01 12:07,50,0,0,0,0,Two ways,dry,Jordan,class 3,asphalt,day,clear,flat straight,Improper reversing,Irbid,Passenger and cargo vehicle,2,0,Male
Collision,2018-09-01 16:40,60,0,0,0,0,Two ways,dry,Jordan,class4,asphalt,day,clear,flat straight,Violation of traffic rules,Jerash,Passengers vehicle (up to 9 seats),2,29,Male
Collision,2018-09-01 16:40,60,0,0,0,0,Two ways,dry,Jordan,class 3,asphalt,day,clear,flat straight,Neglecting traffic safety precautions,Jerash,Passengers vehicle (up to 9 seats),2,43,Female
Collision,2018-09-01 10:42,60,0,0,0,0,Two ways,dry,Jordan,class 3 auto,asphalt,day,clear,flat straight,Running a stop sign,Jerash,Passengers vehicle (up to 9 seats),2,49,Male
Collision,2018-09-01 10:42,60,0,0,0,0,Two ways,dry,Jordan,class 3,asphalt,day,clear,flat straight,Violation of traffic rules,Jerash,Passengers vehicle (up to 9 seats),2,24,Unkown
Off-Road,2018-05-01 16:20,60,1,0,0,0,Two ways,dry,Jordan,class 3,asphalt,day,clear,flat straight,Sharp curved,Jerash,Passenger and cargo vehicle,1,50,Male
Collision,2018-05-01 10:17,60,1,0,0,0,Two ways with median island,dry,Jordan,class 3,asphalt,day,clear,flat straight,Neglecting traffic safety precautions,Jerash,Passengers vehicle (up to 9 seats),1,50,Male
Collision,2018-08-01 10:06,50,0,0,0,0,Two ways,dry,Jordan,class4,asphalt,day,clear,flat straight,Improper reversing,Balqa,Truck,2,28,Male
Collision,2018-08-01 10:06,50,0,0,0,0,Two ways,dry,Jordan,class4,asphalt,day,clear,flat straight,Violation of traffic rules,Balqa,Passengers vehicle (up to 9 seats),2,37,Male
Collision,2018-06-01 18:30,60,0,0,0,0,Two ways with median island,dry,Jordan,class 3,asphalt,day,clear,flat straight,Violation of traffic rules,Amman,Passengers vehicle (up to 9 seats),2,43,Male
Collision,2018-06-01 18:30,60,0,0,0,0,Two ways with median island,dry,Jordan,class 3,asphalt,day,clear,flat straight,Violation of traffic rules,Amman,Passengers vehicle (up to 9 seats),2,37,Male
Collision,2018-06-01 14:32,60,0,0,0,0,Two ways with median island,dry,Jordan,class4,asphalt,day,clear,flat straight,Violation of traffic rules,Amman,Passengers vehicle (up to 9 seats),2,28,Male
Collision,2018-06-01 14:32,60,0,0,0,0,Two ways with median island,dry,Jordan,class 3,asphalt,day,clear,flat straight,Neglecting traffic safety precautions,Amman,Passengers vehicle (up to 9 seats),2,24,Male
Collision,2018-06-01 9:34,60,0,0,0,0,Two ways with median island,dry,Jordan,class 3,asphalt,day,clear,flat straight,Tailgating,Amman,Passengers vehicle (up to 9 seats),2,32,Female
Collision,2018-06-01 9:34,60,0,0,0,0,Two ways with median island,dry,Jordan,class 3,asphalt,day,clear,flat straight,Violation of traffic rules,Amman,Passengers vehicle (up to 9 seats),2,56,Male
Collision,2018-07-01 10:05,60,0,0,0,0,Two ways,dry,Jordan,class 3,asphalt,day,clear,flat straight,Violation of traffic rules,Irbid,Passenger and cargo vehicle,2,28,Male
Collision,2018-07-01 10:05,60,0,0,0,0,Two ways,dry,Jordan,class 3,asphalt,day,clear,flat straight,Violation of traffic rules,Irbid,Passengers vehicle (up to 9 seats),2,34,Male
Collision,2018-08-01 10:00,60,0,0,0,0,Two ways with median island,dry,Jordan,class 3,asphalt,day,clear,flat straight,Improper lane changes,Irbid,Passengers vehicle (up to 9 seats),2,29,Male
Collision,2018-08-01 10:00,60,0,0,0,0,Two ways with median island,dry,Jordan,class 3,asphalt,day,clear,flat straight,Violation of traffic rules,Irbid,Passengers vehicle (up to 9 seats),2,45,Male
Collision,2018-06-01 11:00,60,0,0,0,0,Two ways with median island,dry,Jordan,class4,asphalt,day,clear,flat straight,Unsafe Parking,Amman,Truck,2,21,Male
Collision,2018-06-01 11:00,60,0,0,0,0,Two ways with median island,dry,Jordan,class 3,asphalt,day,clear,flat straight,Violation of traffic rules,Amman,Passengers vehicle (up to 9 seats),2,30,Male
Collision,2018-06-01 8:07,60,0,0,0,0,Two ways with median island,wet,Jordan,class4,asphalt,day,rain,flat straight,Violation of traffic rules,Amman,Passengers vehicle (up to 9 seats),2,43,Male
Collision,2018-06-01 8:07,60,0,0,0,0,Two ways with median island,wet,Jordan,class 3,asphalt,day,rain,flat straight,Tailgating,Amman,Passengers vehicle (up to 9 seats),2,47,Male
Collision,2018-06-01 12:56,60,0,0,0,0,Two ways with median island,dry,Jordan,class 3,asphalt,night with enough light,clear,flat straight,Improper reversing,Amman,Passengers vehicle (up to 9 seats),2,40,Male
Collision,2018-06-01 12:56,60,0,0,0,0,Two ways with median island,dry,Jordan,class 3,asphalt,night with enough light,clear,flat straight,Violation of traffic rules,Amman,Passengers vehicle (up to 9 seats),2,24,Male
Collision,2018-07-01 10:37,60,0,0,0,0,Two ways with median island,dry,Jordan,class4,asphalt,night with enough light,clear,flat straight,Violation of traffic rules,Irbid,Passengers vehicle (up to 9 seats),2,28,Male
Collision,2018-07-01 10:37,60,0,0,0,0,Two ways with median island,dry,Jordan,class 6ab,asphalt,night with enough light,clear,flat straight,Violation of traffic rules,Irbid,Passengers vehicle (up to 9 seats),2,54,Male
Collision,2018-07-01 12:00,30,0,0,0,0,Two ways,dry,Jordan,class4,asphalt,night with enough light,clear,flat straight,Violation of traffic rules,Irbid,Passengers vehicle (up to 9 seats),2,29,Male
Collision,2018-07-01 12:00,30,0,0,0,0,Two ways,dry,Jordan,class 3,asphalt,night with enough light,clear,flat straight,Improper lane changes,Irbid,Truck,2,18,Male
Collision,2018-07-01 12:00,40,0,0,0,0,Two ways,dry,Jordan,class 3,asphalt,night with enough light,clear,flat straight,Violation of traffic rules,Irbid,Passengers vehicle (up to 9 seats),2,52,Female
Collision,2018-07-01 12:00,40,0,0,0,0,Two ways,dry,Jordan,class 3,asphalt,night with enough light,clear,flat straight,Violating no pass sign,Irbid,Passengers vehicle (up to 9 seats),2,23,Male
Collision,2018-08-01 20:01,50,0,0,0,0,One way,dry,Jordan,class 3 auto,asphalt,night with enough light,clear,flat straight,Tailgating,Amman,Passengers vehicle (up to 9 seats),2,0,Unkown
Collision,2018-08-01 20:01,50,0,0,0,0,One way,dry,Jordan,class 3,asphalt,night with enough light,clear,flat straight,Violation of traffic rules,Amman,Passengers vehicle (up to 9 seats),2,35,Male
Collision,2018-09-01 15:44,50,0,0,0,0,Two ways with median island,dry,Jordan,class4,asphalt,night with enough light,clear,flat straight,Violation of traffic rules,Amman,Passengers vehicle (up to 9 seats),2,49,Male
Collision,2018-09-01 15:44,50,0,0,0,0,Two ways with median island,dry,Jordan,class 3,asphalt,night with enough light,clear,flat straight,Tailgating,Amman,Truck,2,50,Male
Collision,2018-05-01 15:16,50,0,0,0,0,Two ways with median island,dry,Jordan,class 6ab,asphalt,day,clear,flat straight,Tailgating,Amman,Passengers vehicle (up to 9 seats),2,63,Male
Collision,2018-05-01 15:16,50,0,0,0,0,Two ways with median island,dry,Jordan,class 3,asphalt,day,clear,flat straight,Violation of traffic rules,Amman,Passengers vehicle (up to 9 seats),2,31,Female
Collision,2018-05-01 12:17,50,0,0,0,0,Two ways with median island,dry,Jordan,class 3,asphalt,day,clear,flat straight,Improper lane changes,Amman,Passengers vehicle (up to 9 seats),2,25,Male
Collision,2018-05-01 12:17,50,0,0,0,0,Two ways with median island,dry,Jordan,class 3,asphalt,day,clear,flat straight,Violation of traffic rules,Amman,Passengers vehicle (up to 9 seats),2,47,Male
Collision,2018-09-01 7:40,40,0,0,0,0,Two ways,dry,Jordan,class5,asphalt,day,clear,flat straight,Violation of traffic rules,Amman,Passengers vehicle (up to 9 seats),2,27,Male
Collision,2018-09-01 7:40,40,0,0,0,0,Two ways,dry,Jordan,class 3,asphalt,day,clear,flat straight,Tailgating,Amman,Passengers vehicle (up to 9 seats),2,24,Male
Collision,2018-05-01 8:49,50,0,0,0,0,Two ways,dry,Jordan,class 3,asphalt,day,clear,flat straight,Violation of traffic rules,Amman,Passengers vehicle (up to 9 seats),2,29,Male
Collision,2018-05-01 8:49,50,0,0,0,0,Two ways,dry,Jordan,class 3,asphalt,day,clear,flat straight,Neglecting traffic safety precautions,Amman,Passengers vehicle (up to 9 seats),2,48,Male
Collision,2018-05-01 8:50,40,0,0,0,0,Two ways with median island,dry,Jordan,class 3,asphalt,day,clear,flat straight,Violation of traffic rules,Amman,Passengers vehicle (up to 9 seats),2,0,Unkown
Collision,2018-05-01 8:50,40,0,0,0,0,Two ways with median island,dry,Jordan,class 3,asphalt,day,clear,flat straight,Neglecting traffic safety precautions,Amman,Passengers vehicle (up to 9 seats),2,30,Male
Collision,2018-05-01 15:37,60,0,0,0,0,Two ways with median island,dry,Jordan,class 3,asphalt,day,clear,flat straight,Violation of traffic rules,Irbid,Passengers vehicle (up to 9 seats),2,28,Male
Collision,2018-05-01 15:37,60,0,0,0,0,Two ways with median island,dry,Jordan,class 3,asphalt,day,clear,flat straight,Violation of traffic rules,Irbid,Passenger and cargo vehicle,2,32,Male
Collision,2018-09-01 18:00,50,0,0,0,0,Two ways with median island,dry,Jordan,class 3 auto,asphalt,day,clear,flat straight,Violation of traffic rules,Amman,Passengers vehicle (up to 9 seats),2,39,Female
Collision,2018-09-01 18:00,50,0,0,0,0,Two ways with median island,dry,Jordan,class 3 auto,asphalt,day,clear,flat straight,Neglecting traffic safety precautions,Amman,Passengers vehicle (up to 9 seats),2,0,Female
Collision,2018-07-01 6:29,60,0,0,0,0,Two ways with median island,dry,Jordan,class5,asphalt,day,storm,flat straight,Improper lane changes,Zarqa,Passengers Van or small bus (10 to 30 seats),2,42,Male
Collision,2018-07-01 6:29,60,0,0,0,0,Two ways with median island,dry,Jordan,class5,asphalt,day,storm,flat straight,Violation of traffic rules,Zarqa,Passengers Van or small bus (10 to 30 seats),2,25,Male