Accident Type,Date,Speed (Km),Simple Injuries,Severe Injuries,Death,Medium Injuries,Road Lanes,Road Surfuce Description,Vehicle Country,Driver Licensee Type,Road Type,Light,Weather,Road Proerties,Driver Mistake,City,Vehicle type,Number of Cars,Driver Age,Sex
Collision,2018-05-01 11:54,40,0,0,0,0,Two ways with median island,wet,Jordan,class4,asphalt,day,rain,flat straight,Violation of traffic rules,Amman,Passengers vehicle (up to 9 seats),2,50,Male
Collision,2018-05-01 12:04,40,0,0,0,0,Two ways with median island,wet,Jordan,class 3,asphalt,day,rain,flat straight,Violation of traffic rules,Zarqa,Passengers vehicle (up to 9 seats),2,118,Unkown
Collision,2018-05-01 12:04,40,0,0,0,0,Two ways with median island,wet,Jordan,class4,asphalt,day,rain,flat straight,Improper reversing,Zarqa,Passengers vehicle (up to 9 seats),2,29,Male
Collision,2018-05-01 12:10,40,0,0,0,0,Two ways with median island,dry,Jordan,class 3,asphalt,day,clear,Upright straight,Violation of traffic rules,Amman,Passengers vehicle (up to 9 seats),2,30,Male
Collision,2018-05-01 12:10,40,0,0,0,0,Two ways with median island,dry,Jordan,class4,asphalt,day,clear,Upright straight,Violation of traffic rules,Amman,Passenger and cargo vehicle,2,55,Male
Collision,2018-05-01 12:23,40,3,0,0,0,Two ways,dry,Jordan,class 3,asphalt,night with enough light,clear,flat straight,Improper reversing,Amman,Passengers vehicle (up to 9 seats),2,0,Unkown
Collision,2018-05-01 12:23,40,3,0,0,0,Two ways,dry,Jordan,class 3,asphalt,night with enough light,clear,flat straight,Violation of traffic rules,Amman,Passengers vehicle (up to 9 seats),2,25,Male
Collision,2018-05-01 12:30,40,0,0,0,0,Two ways,wet,Jordan,class 3,asphalt,day,rain,flat straight,Violation of traffic rules,Amman,Passengers vehicle (up to 9 seats),2,118,Male
Collision,2018-05-01 12:30,40,0,0,0,0,Two ways,wet,Jordan,class 3,asphalt,day,rain,flat straight,Violation of traffic rules,Amman,Passengers vehicle (up to 9 seats),2,0,Male
Collision,2018-08-01 16:45,50,0,0,0,0,Two ways with median island,dry,Jordan,class 3,asphalt,day,clear,Upright straight,Neglecting traffic safety precautions,Amman,Truck,2,0,Male
Collision,2018-08-01 16:45,50,0,0,0,0,Two ways with median island,dry,Jordan,class 3,asphalt,day,clear,Upright straight,Violation of traffic rules,Amman,Passengers vehicle (up to 9 seats),2,23,Male
Collision,2018-05-01 12:36,40,0,0,0,0,Two ways with median island,wet,Jordan,class 3,asphalt,day,rain,flat straight,Violation of traffic rules,Aqaba,Truck,2,0,Unkown
Collision,2018-05-01 12:36,40,0,0,0,0,Two ways with median island,wet,Jordan,class 3,asphalt,day,rain,flat straight,Loss of control,Aqaba,Passenger and cargo vehicle,2,118,Male
Collision,2018-05-01 12:37,40,0,0,0,0,Two ways,dry,Jordan,class 3,asphalt,day,clear,flat straight,Improper reversing,Amman,Passengers vehicle (up to 9 seats),2,38,Male
Collision,2018-05-01 12:37,40,0,0,0,0,Two ways,dry,Jordan,class 3,asphalt,day,clear,flat straight,Violation of traffic rules,Amman,Passengers vehicle (up to 9 seats),2,56,Male
Collision,2018-05-01 14:25,50,0,0,0,0,Two ways with median island,wet,Jordan,class 3,asphalt,day,rain,flat straight,Violation of traffic rules,Amman,Passengers vehicle (up to 9 seats),2,27,Male
Collision,2018-05-01 14:25,50,0,0,0,0,Two ways with median island,wet,Jordan,class 3,asphalt,day,rain,flat straight,Neglecting traffic safety precautions,Amman,Passengers vehicle (up to 9 seats),2,35,Male
Collision,2018-05-01 12:56,40,0,0,0,0,Two ways,dry,Jordan,class4,asphalt,day,rain,flat straight,Violation of traffic rules,Amman,Passengers vehicle (up to 9 seats),2,49,Male
Collision,2018-05-01 12:56,40,0,0,0,0,Two ways,dry,Jordan,class 3,asphalt,day,rain,flat straight,Violation of traffic rules,Amman,Passengers vehicle (up to 9 seats),2,0,Female
Collision,2018-05-01 13:01,50,0,0,0,0,Two ways,wet,Jordan,class5,asphalt,day,rain,flat straight,Violation of traffic rules,Amman,Passengers vehicle (up to 9 seats),2,68,Male
Collision,2018-05-01 13:01,50,0,0,0,0,Two ways,wet,Jordan,class 3,asphalt,day,rain,flat straight,Violation of traffic rules,Amman,Passengers vehicle (up to 9 seats),2,25,Male
Collision,2018-05-01 13:00,50,0,0,0,0,Two ways with median island,dry,Jordan,class5,asphalt,day,clear,Upright straight,Violation of traffic rules,Amman,Passengers vehicle (up to 9 seats),2,43,Male
Collision,2018-05-01 13:00,50,0,0,0,0,Two ways with median island,dry,Jordan,class 6b,asphalt,day,clear,Upright straight,Tailgating,Amman,Passengers vehicle (up to 9 seats),2,32,Male
Collision,2018-05-01 13:04,40,0,0,0,0,Parking lot,wet,Jordan,class 3,asphalt,day,rain,flat straight,Neglecting traffic safety precautions,Balqa,Truck,1,43,Male
Collision,2018-05-01 12:03,60,0,0,0,0,One way,wet,Jordan,class 3,asphalt,day,rain,flat straight,Loss of control,Amman,Passengers vehicle (up to 9 seats),1,27,Male
Collision,2018-05-01 13:07,40,0,0,0,0,Two ways,wet,Jordan,class4,asphalt,day,rain,flat straight,Violation of traffic rules,Amman,Passengers vehicle (up to 9 seats),2,38,Male
Collision,2018-05-01 13:07,40,0,0,0,0,Two ways,wet,Jordan,class7,asphalt,day,rain,flat straight,Violation of traffic rules,Amman,Passengers vehicle (up to 9 seats),2,68,Male
Collision,2018-05-01 13:07,50,0,0,0,0,Two ways with median island,wet,Jordan,class 3,asphalt,day,rain,flat straight,Violation of traffic rules,Irbid,Passenger and cargo vehicle,2,20,Male
Collision,2018-05-01 13:07,50,0,0,0,0,Two ways with median island,wet,Jordan,class 3,asphalt,day,rain,flat straight,Violation of traffic rules,Irbid,Passengers vehicle (up to 9 seats),2,30,Male
Collision,2018-05-01 13:08,60,1,0,0,0,Two ways with median island,dry,Jordan,class 3,asphalt,day,clear,flat straight,Violation of traffic rules,Amman,Construction\works vehicle,2,0,Unkown
Collision,2018-05-01 13:08,60,1,0,0,0,Two ways with median island,dry,Jordan,class 3,asphalt,day,clear,flat straight,Improper lane changes,Amman,Passenger and cargo vehicle,2,118,Male
Collision,2018-05-01 13:09,40,0,0,0,0,Two ways,dry,Jordan,class 3,asphalt,day,clear,flat straight,Violation of traffic rules,Amman,Passengers vehicle (up to 9 seats),2,47,Male
Collision,2018-05-01 13:09,40,0,0,0,0,Two ways,dry,Jordan,class 3,asphalt,day,clear,flat straight,Violation of traffic rules,Amman,Passengers vehicle (up to 9 seats),2,30,Male
Collision,2018-07-01 8:02,60,0,0,0,0,Two ways with median island,dry,Jordan,class 3,asphalt,day,clear,flat straight,Running a red light,Irbid,Passengers vehicle (up to 9 seats),2,34,Male
Collision,2018-07-01 8:02,60,0,0,0,0,Two ways with median island,dry,Jordan,class 3,asphalt,day,clear,flat straight,Violation of traffic rules,Irbid,Passengers vehicle (up to 9 seats),2,56,Male
Collision,2018-05-01 13:19,40,0,0,0,0,Two ways with median island,wet,Jordan,class 3 auto,asphalt,day,rain,flat straight,Tailgating,Amman,Passengers vehicle (up to 9 seats),2,20,Unkown
Collision,2018-05-01 13:19,40,0,0,0,0,Two ways with median island,wet,Jordan,class4,asphalt,day,rain,flat straight,Violation of traffic rules,Amman,Passengers vehicle (up to 9 seats),2,30,Male
Collision,2018-08-01 10:50,50,0,0,0,0,Two ways,dry,Jordan,class 3,asphalt,day,clear,flat straight,Violation of traffic rules,Amman,Passengers vehicle (up to 9 seats),2,42,Male
Collision,2018-08-01 10:50,50,0,0,0,0,Two ways,dry,Jordan,class 6a,asphalt,day,clear,flat straight,Tailgating,Amman,Passengers vehicle (up to 9 seats),2,31,Male
Collision,2018-05-01 13:25,50,0,0,0,0,Two ways with median island,wet,Jordan,class 3,asphalt,day,rain,flat straight,Violation of traffic rules,Amman,Passengers vehicle (up to 9 seats),3,26,Male
Collision,2018-05-01 13:25,50,0,0,0,0,Two ways with median island,wet,Jordan,unkown driver,asphalt,day,rain,flat straight,Violation of traffic rules,Amman,Passengers vehicle (up to 9 seats),3,118,Unkown
Collision,2018-05-01 13:25,50,0,0,0,0,Two ways with median island,wet,Jordan,class 3,asphalt,day,rain,flat straight,Tailgating,Amman,Passengers vehicle (up to 9 seats),3,29,Male
Collision,2018-05-01 13:26,40,0,0,0,0,One way,wet,Jordan,class 3,asphalt,day,clear,flat straight,Improper reversing,al-karak,Passengers vehicle (up to 9 seats),2,26,Male
Collision,2018-05-01 13:26,40,0,0,0,0,One way,wet,Jordan,class 3,asphalt,day,clear,flat straight,Violation of traffic rules,al-karak,Passengers vehicle (up to 9 seats),2,28,Unkown
Collision,2018-05-01 13:27,50,0,0,0,0,One way,wet,Jordan,class 3,asphalt,night with enough light,rain,flat straight,Violation of traffic rules,Amman,Passengers vehicle (up to 9 seats),2,0,Unkown
Collision,2018-05-01 13:27,50,0,0,0,0,One way,wet,Jordan,class 3,asphalt,night with enough light,rain,flat straight,Improper reversing,Amman,Passenger and cargo vehicle,2,35,Male
Collision,2018-05-01 13:28,60,0,0,0,0,Two ways with median island,dry,Jordan,class4,asphalt,day,rain,flat straight,Tailgating,Amman,Passengers vehicle (up to 9 seats),2,27,Male
Collision,2018-05-01 13:28,60,0,0,0,0,Two ways with median island,dry,Jordan,class 3,asphalt,day,rain,flat straight,Violation of traffic rules,Amman,Passengers vehicle (up to 9 seats),2,55,Male
Collision,2018-05-01 13:28,60,0,0,0,0,Two ways,wet,Jordan,class 3,asphalt,day,rain,Upright straight,Unsafe Parking,Irbid,Passenger and cargo vehicle,3,63,Male
Collision,2018-05-01 13:28,60,0,0,0,0,Two ways,wet,Jordan,class 3,asphalt,day,rain,Upright straight,Neglecting traffic safety precautions,Irbid,Passengers vehicle (up to 9 seats),3,42,Male
Collision,2018-05-01 13:28,60,0,0,0,0,Two ways,wet,Jordan,class 3,asphalt,day,rain,Upright straight,Neglecting traffic safety precautions,Irbid,Passengers vehicle (up to 9 seats),3,31,Male
Collision,2018-05-01 13:28,40,0,0,0,0,Two ways,dry,Jordan,class 3,asphalt,day,clear,flat straight,Violation of traffic rules,Amman,Passengers vehicle (up to 9 seats),2,40,Male
Collision,2018-05-01 13:28,40,0,0,0,0,Two ways,dry,Jordan,class 3,asphalt,day,clear,flat straight,Improper reversing,Amman,Passengers vehicle (up to 9 seats),2,34,Male
Collision,01-Jun-18,50,0,0,0,0,Two ways,wet,Jordan,class 3,asphalt,night with enough light,rain,flat straight,Violation of traffic rules,Amman,Passengers vehicle (up to 9 seats),2,27,Male
Collision,01-Jun-18,50,0,0,0,0,Two ways,wet,Jordan,class 3,asphalt,night with enough light,rain,flat straight,Violation of traffic rules,Amman,Passengers vehicle (up to 9 seats),2,48,Female
Collision,2018-05-01 21:29,50,0,0,0,0,Two ways,wet,Jordan,class 3,asphalt,night with enough light,rain,flat straight,Improper lane changes,Amman,Passengers vehicle (up to 9 seats),2,0,Unkown
Collision,2018-05-01 21:29,50,0,0,0,0,Two ways,wet,Jordan,class 3,asphalt,night with enough light,rain,flat straight,Violation of traffic rules,Amman,Passenger and cargo vehicle,2,29,Male
Collision,2018-05-01 13:29,20,0,0,0,0,Public Parks,dry,Jordan,class 3,asphalt,day,fog,flat straight,Neglecting traffic safety precautions,Maan,Passengers vehicle (up to 9 seats),1,41,Male
Collision,2018-05-01 18:30,50,0,0,0,0,Two ways,wet,Jordan,class4,asphalt,night with enough light,rain,flat straight,Violation of traffic rules,Amman,Passengers vehicle (up to 9 seats),2,24,Male
Collision,2018-05-01 18:30,50,0,0,0,0,Two ways,wet,Jordan,class 3,asphalt,night with enough light,rain,flat straight,Tailgating,Amman,Passenger and cargo vehicle,2,0,Unkown
Collision,2018-05-01 13:34,40,0,0,0,0,Two ways,wet,Jordan,class 3,asphalt,day,clear,straight ramp,Violation of traffic rules,Amman,Passengers vehicle (up to 9 seats),2,0,Unkown
Collision,2018-05-01 13:34,40,0,0,0,0,Two ways,wet,Jordan,class 3,asphalt,day,clear,straight ramp,Neglecting traffic safety precautions,Amman,Passengers vehicle (up to 9 seats),2,30,Male
Collision,2018-05-01 13:40,40,0,0,0,0,Two ways,dry,Jordan,class5,asphalt,day,clear,flat straight,Violation of traffic rules,Amman,Passengers vehicle (up to 9 seats),4,76,Male
Collision,2018-05-01 13:40,40,0,0,0,0,Two ways,dry,Jordan,class 3,asphalt,day,clear,flat straight,Violation of traffic rules,Amman,Passengers vehicle (up to 9 seats),4,34,Male
Collision,2018-05-01 13:40,40,0,0,0,0,Two ways,dry,Jordan,class 3,asphalt,day,clear,flat straight,Neglecting traffic safety precautions,Amman,Passengers vehicle (up to 9 seats),4,23,Male
Collision,2018-05-01 13:40,40,0,0,0,0,Two ways,dry,Jordan,class 3,asphalt,day,clear,flat straight,Tailgating,Amman,Truck,4,54,Male
Collision,2018-05-01 13:41,40,0,0,0,0,Two ways,dry,Jordan,class5,asphalt,day,rain,flat straight,Violation of traffic rules,Zarqa,Passengers vehicle (up to 9 seats),2,31,Male
Collision,2018-05-01 13:41,40,0,0,0,0,Two ways,dry,Jordan,class 3,asphalt,day,rain,flat straight,Open door while driving or parking,Zarqa,Truck,2,49,Male
Collision,2018-05-01 13:48,50,0,0,0,0,Two ways with median island,wet,Jordan,class 3,asphalt,day,rain,flat straight,Violation of traffic rules,Amman,Passengers vehicle (up to 9 seats),2,40,Female
Collision,2018-05-01 13:48,50,0,0,0,0,Two ways with median island,wet,Jordan,class 3,asphalt,day,rain,flat straight,Violation of traffic rules,Amman,Passengers vehicle (up to 9 seats),2,29,Male
Collision,2018-05-01 13:51,60,0,0,0,0,Two ways with median island,wet,Jordan,class 3,asphalt,day,rain,flat straight,Violation of traffic rules,Irbid,Passengers vehicle (up to 9 seats),2,0,Unkown
Collision,2018-05-01 13:51,60,0,0,0,0,Two ways with median island,wet,Jordan,class 3,asphalt,day,rain,flat straight,Improper lane changes,Irbid,Passengers vehicle (up to 9 seats),2,23,Male
Collision,2018-06-01 9:24,40,0,0,0,0,Two ways with median island,dry,Jordan,class 3 auto,asphalt,day,clear,flat straight,Violation of traffic rules,Irbid,Passengers vehicle (up to 9 seats),2,36,Female
Collision,2018-06-01 9:24,40,0,0,0,0,Two ways with median island,dry,Jordan,class 3,asphalt,day,clear,flat straight,Violation of traffic rules,Irbid,Passengers vehicle (up to 9 seats),2,30,Male
Collision,2018-05-01 13:59,40,0,0,0,0,Two ways,wet,Jordan,class 6ab,asphalt,day,rain,flat straight,Violation of traffic rules,Balqa,Truck,2,53,Male
Collision,2018-05-01 13:59,40,0,0,0,0,Two ways,wet,Jordan,class 3,asphalt,day,rain,flat straight,Loss of control,Balqa,Passengers vehicle (up to 9 seats),2,118,Unkown
Collision,2018-05-01 14:03,10,0,0,0,0,Parking lot,wet,Jordan,class 3,concrrete,day,clear,flat straight,Violation of traffic rules,Amman,Passengers vehicle (up to 9 seats),2,0,Unkown
Collision,2018-05-01 14:03,10,0,0,0,0,Parking lot,wet,Jordan,class 3,concrrete,day,clear,flat straight,Improper reversing,Amman,Passengers vehicle (up to 9 seats),2,47,Male
Collision,2018-05-01 14:02,40,0,0,0,0,Two ways with median island,dry,Jordan,class4,asphalt,day,rain,flat straight,Tailgating,Irbid,Passengers vehicle (up to 9 seats),2,28,Male
Collision,2018-05-01 14:02,40,0,0,0,0,Two ways with median island,dry,Jordan,class 3,asphalt,day,rain,flat straight,Violation of traffic rules,Irbid,Passengers vehicle (up to 9 seats),2,26,Male
Collision,2018-05-01 14:02,40,0,0,0,0,Two ways with median island,dry,Jordan,class 3,asphalt,day,clear,flat straight,Open door while driving or parking,Irbid,Passengers vehicle (up to 9 seats),2,26,Male
Collision,2018-05-01 14:02,40,0,0,0,0,Two ways with median island,dry,Jordan,class 3,asphalt,day,clear,flat straight,Violation of traffic rules,Irbid,Passengers vehicle (up to 9 seats),2,48,Male
Collision,2018-05-01 14:02,40,0,0,0,0,Parking lot,wet,Jordan,unkown driver,asphalt,day,rain,flat straight,Improper reversing,Amman,Passengers vehicle (up to 9 seats),2,37,Male
Collision,2018-05-01 14:02,40,0,0,0,0,Parking lot,wet,Jordan,class 3,asphalt,day,rain,flat straight,Violation of traffic rules,Amman,Passengers vehicle (up to 9 seats),2,22,Female
Collision,2018-05-01 14:06,40,0,0,0,0,Two ways with median island,wet,KSA,unkown driver,asphalt,day,rain,flat straight,Neglecting traffic safety precautions,Amman,Passengers vehicle (up to 9 seats),2,118,Unkown
Collision,2018-05-01 14:06,40,0,0,0,0,Two ways with median island,wet,Jordan,class 3,asphalt,day,rain,flat straight,Violation of traffic rules,Amman,Passengers vehicle (up to 9 seats),2,37,Male
Collision,2018-05-01 14:09,60,0,0,0,0,Two ways with median island,wet,Jordan,class 3,asphalt,day,rain,flat straight,Violation of traffic rules,Amman,Vehicle for private use,2,38,Male
Collision,2018-05-01 14:09,60,0,0,0,0,Two ways with median island,wet,Jordan,class 3,asphalt,day,rain,flat straight,Tailgating,Amman,Passengers vehicle (up to 9 seats),2,22,Male
Collision,2018-05-01 14:09,50,0,0,0,0,Two ways,wet,Jordan,class 3,asphalt,day,rain,straight ramp,Violation of traffic rules,Madaba,Passengers vehicle (up to 9 seats),2,27,Male
Collision,2018-05-01 14:09,50,0,0,0,0,Two ways,wet,Jordan,class 3,asphalt,day,rain,straight ramp,Violation of traffic rules,Madaba,Passengers vehicle (up to 9 seats),2,48,Male
Collision,2018-05-01 14:13,40,0,0,0,0,Two ways with median island,wet,Jordan,class 3,asphalt,day,rain,flat straight,Loss of control,Amman,Passengers vehicle (up to 9 seats),2,0,Unkown
Collision,2018-05-01 14:13,40,0,0,0,0,Two ways with median island,wet,Jordan,class 3,asphalt,day,rain,flat straight,Violation of traffic rules,Amman,Passengers vehicle (up to 9 seats),2,26,Male
Collision,2018-05-01 14:16,40,0,0,0,0,Two ways,wet,Jordan,class 3,asphalt,day,rain,flat straight,Open door while driving or parking,Zarqa,Passengers vehicle (up to 9 seats),2,0,Unkown
Collision,2018-05-01 14:16,40,0,0,0,0,Two ways,wet,Jordan,class 3,asphalt,day,rain,flat straight,Violation of traffic rules,Zarqa,Passengers vehicle (up to 9 seats),2,36,Male
Collision,2018-05-01 14:19,40,0,0,0,0,Two ways,wet,Jordan,class4,asphalt,day,rain,flat straight,Violation of traffic rules,Irbid,Passenger and cargo vehicle,2,28,Male
Collision,2018-05-01 14:19,40,0,0,0,0,Two ways,wet,Jordan,class4,asphalt,day,rain,flat straight,Violation of traffic rules,Irbid,Passengers vehicle (up to 9 seats),2,71,Male
Collision,2018-05-01 14:29,50,0,0,0,0,Two ways with median island,wet,Jordan,class 3,asphalt,day,rain,Upright straight,Violation of traffic rules,Amman,Passengers vehicle (up to 9 seats),2,31,Male
Collision,2018-05-01 14:29,50,0,0,0,0,Two ways with median island,wet,Jordan,class 3,asphalt,day,rain,Upright straight,Violation of traffic rules,Amman,Passenger and cargo vehicle,2,32,Male
Collision,2018-05-01 14:29,60,0,0,0,0,Two ways with median island,wet,Jordan,class4,asphalt,day,rain,flat straight,Violation of traffic rules,Balqa,Passengers vehicle (up to 9 seats),2,47,Male
Collision,2018-05-01 14:29,60,0,0,0,0,Two ways with median island,wet,Jordan,class 3,asphalt,day,rain,flat straight,Improper reversing,Balqa,Truck,2,21,Male
Collision,2018-05-01 14:30,70,0,0,0,0,Two ways with median island,wet,Jordan,class4,asphalt,day,clear,flat straight,Violation of traffic rules,Irbid,Passengers vehicle (up to 9 seats),2,30,Male
Collision,2018-05-01 14:30,70,0,0,0,0,Two ways with median island,wet,Jordan,class 3,asphalt,day,clear,flat straight,Violation of traffic rules,Irbid,Passengers vehicle (up to 9 seats),2,44,Male
Collision,2018-05-01 14:33,40,0,0,0,0,Two ways,wet,Jordan,class 3,asphalt,day,rain,flat straight,Violation of traffic rules,Amman,Truck,2,49,Male
Collision,2018-05-01 14:33,40,0,0,0,0,Two ways,wet,Jordan,class 3,asphalt,day,rain,flat straight,Loss of control,Amman,Truck,2,33,Male
Off-Road,2018-05-01 14:35,60,0,0,0,0,Two ways with median island,wet,Jordan,class 3,asphalt,day,rain,flat straight,Loss of control,Amman,Passenger and cargo vehicle,1,22,Male
Collision,2018-05-01 14:42,50,0,0,0,0,Two ways,wet,Jordan,class 6ab,asphalt,day,rain,flat straight,Violation of traffic rules,Amman,Passengers vehicle (up to 9 seats),2,51,Male
Collision,2018-05-01 14:42,50,0,0,0,0,Two ways,wet,Jordan,class 3,asphalt,day,rain,flat straight,Improper lane changes,Amman,Passengers vehicle (up to 9 seats),2,0,Unkown
Collision,2018-05-01 14:46,60,0,0,0,0,Two ways with median island,dry,Jordan,class4,asphalt,day,rain,flat straight,Violation of traffic rules,Zarqa,Passengers vehicle (up to 9 seats),4,47,Male
Collision,2018-05-01 14:46,60,0,0,0,0,Two ways with median island,dry,Jordan,class 3,asphalt,day,rain,flat straight,Violation of traffic rules,Zarqa,Truck,4,118,Unkown
Collision,2018-05-01 14:46,60,0,0,0,0,Two ways with median island,dry,Jordan,class4,asphalt,day,rain,flat straight,Tailgating,Zarqa,Truck,4,60,Male
Collision,2018-05-01 14:46,60,0,0,0,0,Two ways with median island,dry,Jordan,class 3,asphalt,day,rain,flat straight,Violation of traffic rules,Zarqa,Passenger and cargo vehicle,4,42,Male
Collision,2018-05-01 14:47,40,0,0,0,0,Two ways with median island,dry,Jordan,class4,asphalt,day,clear,flat straight,Violation of traffic rules,Amman,Passengers vehicle (up to 9 seats),2,25,Male
Collision,2018-05-01 14:47,40,0,0,0,0,Two ways with median island,dry,Jordan,class 3,asphalt,day,clear,flat straight,Improper reversing,Amman,Passengers vehicle (up to 9 seats),2,44,Male
Collision,2018-08-01 7:30,60,0,0,0,0,Two ways with median island,wet,Jordan,class4,asphalt,night with enough light,rain,flat straight,Violation of traffic rules,Amman,Passengers vehicle (up to 9 seats),2,37,Male
Collision,2018-08-01 7:30,60,0,0,0,0,Two ways with median island,wet,Jordan,class 3,asphalt,night with enough light,rain,flat straight,Violation of traffic rules,Amman,Passengers vehicle (up to 9 seats),2,118,Unkown
Collision,2018-05-01 14:57,50,0,0,0,0,Two ways with median island,wet,Iraq,class 3,asphalt,day,rain,flat straight,Violation of traffic rules,Amman,Passengers vehicle (up to 9 seats),2,118,Unkown
Collision,2018-05-01 14:57,50,0,0,0,0,Two ways with median island,wet,Jordan,class 3,asphalt,day,rain,flat straight,Tailgating,Amman,Passengers vehicle (up to 9 seats),2,34,Male
Collision,2018-05-01 14:58,50,0,0,0,0,Two ways with median island,wet,Jordan,class 3,asphalt,day,rain,flat straight,Violation of traffic rules,Amman,Passengers vehicle (up to 9 seats),2,23,Male
Collision,2018-05-01 14:58,50,0,0,0,0,Two ways with median island,wet,Jordan,class 3,asphalt,day,rain,flat straight,Tailgating,Amman,Passengers vehicle (up to 9 seats),2,35,Male
Collision,2018-05-01 15:00,50,0,0,0,0,Two ways with median island,wet,Jordan,class4,asphalt,night with enough light,rain,flat straight,Violation of traffic rules,Amman,Passengers vehicle (up to 9 seats),2,52,Male
Collision,2018-05-01 15:00,50,0,0,0,0,Two ways with median island,wet,Jordan,class 3,asphalt,night with enough light,rain,flat straight,Neglecting traffic safety precautions,Amman,Passengers vehicle (up to 9 seats),2,25,Female
Collision,2018-05-01 14:58,40,0,0,0,0,Two ways,dry,Jordan,class 6ab,asphalt,day,rain,flat straight,Violation of traffic rules,Amman,Truck,2,52,Male
Collision,2018-05-01 14:58,40,0,0,0,0,Two ways,dry,Jordan,class 3,asphalt,day,rain,flat straight,Violation of traffic rules,Amman,Passengers vehicle (up to 9 seats),2,0,Male
Collision,2018-05-01 9:00,60,0,0,0,0,Two ways with median island,wet,Jordan,class 3,asphalt,day,rain,flat straight,Violation of traffic rules,Amman,Passengers vehicle (up to 9 seats),2,47,Male
Collision,2018-05-01 9:00,60,0,0,0,0,Two ways with median island,wet,Jordan,class 3,asphalt,day,rain,flat straight,Violation of traffic rules,Amman,Passengers vehicle (up to 9 seats),2,33,Female
Collision,2018-05-01 15:08,40,0,0,0,0,Two ways,wet,Jordan,class5,asphalt,day,rain,flat straight,Loss of control,Amman,Passengers Van or small bus (10 to 30 seats),2,26,Male
Collision,2018-05-01 15:08,40,0,0,0,0,Two ways,wet,Jordan,class 3,asphalt,day,rain,flat straight,Violation of traffic rules,Amman,Passengers vehicle (up to 9 seats),2,37,Male
Collision,2018-05-01 15:17,50,0,0,0,0,Two ways with median island,dry,Jordan,class4,asphalt,day,clear,flat straight,Improper reversing,Balqa,Passenger and cargo vehicle,2,36,Male
Collision,2018-05-01 15:17,50,0,0,0,0,Two ways with median island,dry,Jordan,class 3,asphalt,day,clear,flat straight,Violation of traffic rules,Balqa,Passengers vehicle (up to 9 seats),2,33,Male
Collision,2018-05-01 15:19,40,0,0,0,0,One way,dry,Jordan,class 3,asphalt,day,rain,flat straight,Improper reversing,Ajloun,Passenger and cargo vehicle,1,43,Male
Collision,2018-07-01 20:50,70,0,0,0,0,Two ways with median island,dry,Jordan,class 3,asphalt,night with enough light,clear,flat straight,Violation of traffic rules,Amman,Passengers vehicle (up to 9 seats),2,0,Unkown
Collision,2018-05-01 15:24,80,0,0,0,0,Two ways with median island,wet,Jordan,class 3,asphalt,day,rain,flat straight,Neglecting traffic safety precautions,Balqa,Passengers vehicle (up to 9 seats),1,26,Female
Collision,2018-05-01 15:25,30,0,0,0,0,Two ways,wet,Jordan,class 3,asphalt,day,rain,straight ramp,Violation of traffic rules,Amman,Passengers vehicle (up to 9 seats),2,0,Unkown
Collision,2018-05-01 15:25,30,0,0,0,0,Two ways,wet,Jordan,class 3,asphalt,day,rain,straight ramp,Neglecting traffic safety precautions,Amman,Passengers vehicle (up to 9 seats),2,53,Male
Collision,2018-05-01 15:26,40,0,0,0,0,Two ways,wet,Jordan,class 3 auto,asphalt,day,rain,flat straight,Improper reversing,Amman,Passengers vehicle (up to 9 seats),2,30,Unkown
Collision,2018-05-01 15:26,40,0,0,0,0,Two ways,wet,Jordan,class 3,asphalt,day,rain,flat straight,Violation of traffic rules,Amman,Passengers vehicle (up to 9 seats),2,60,Male
Collision,2018-08-01 10:30,70,0,0,0,0,Two ways,dry,Jordan,class 3,asphalt,day,clear,flat straight,Tailgating,Amman,Passengers vehicle (up to 9 seats),2,30,Female
Collision,2018-08-01 10:30,70,0,0,0,0,Two ways,dry,Jordan,class 3,asphalt,day,clear,flat straight,Violation of traffic rules,Amman,Passengers vehicle (up to 9 seats),2,49,Male
Collision,2018-05-01 15:38,40,0,0,0,0,Parking lot,wet,Jordan,class 3,asphalt,day,rain,flat straight,Violation of traffic rules,Amman,Passengers vehicle (up to 9 seats),2,0,Male
Collision,2018-05-01 15:38,40,0,0,0,0,Parking lot,wet,Jordan,class 3,asphalt,day,rain,flat straight,Violation of traffic rules,Amman,Passengers vehicle (up to 9 seats),2,0,Female
Collision,2018-05-01 15:39,40,0,0,0,0,Two ways,wet,Jordan,class 3 auto,asphalt,day,rain,flat straight,Violation of traffic rules,Amman,Passengers vehicle (up to 9 seats),2,0,Unkown
Collision,2018-05-01 15:39,40,0,0,0,0,Two ways,wet,Jordan,class 3 auto,asphalt,day,rain,flat straight,Running a stop sign,Amman,Passengers vehicle (up to 9 seats),2,22,Male
Collision,2018-05-01 15:44,50,0,0,0,0,Two ways with median island,wet,Jordan,class 3,asphalt,day,rain,flat straight,Improper lane changes,Amman,Passengers vehicle (up to 9 seats),2,52,Male
Collision,2018-05-01 15:44,50,0,0,0,0,Two ways with median island,wet,Jordan,class5,asphalt,day,rain,flat straight,Violation of traffic rules,Amman,Passengers vehicle (up to 9 seats),2,29,Male
Collision,2018-05-01 15:44,50,0,0,0,0,Two ways,wet,Jordan,class 3,asphalt,night with enough light,rain,flat straight,Tailgating,Amman,Passengers vehicle (up to 9 seats),2,29,Male
Collision,2018-05-01 15:44,50,0,0,0,0,Two ways,wet,Jordan,class 3,asphalt,night with enough light,rain,flat straight,Violation of traffic rules,Amman,Passengers vehicle (up to 9 seats),2,58,Male
Collision,2018-06-01 17:38,40,0,0,0,0,One way,dry,Jordan,class 3,asphalt,night with enough light,clear,flat straight,Tailgating,Zarqa,Passengers vehicle (up to 9 seats),3,39,Male
Collision,2018-06-01 17:38,40,0,0,0,0,One way,dry,Jordan,class 3,asphalt,night with enough light,clear,flat straight,Violation of traffic rules,Zarqa,Passengers vehicle (up to 9 seats),3,40,Male
Collision,2018-06-01 17:38,40,0,0,0,0,One way,dry,Jordan,class 3,asphalt,night with enough light,clear,flat straight,Violation of traffic rules,Zarqa,Passenger and cargo vehicle,3,0,Unkown