Accident Type,Date,Speed (Km),Simple Injuries,Severe Injuries,Death,Medium Injuries,Road Lanes,Road Surfuce Description,Vehicle Country,Driver Licensee Type,Road Type,Light,Weather,Road Proerties,Driver Mistake,City,Vehicle type,Number of Cars,Driver Age,Sex
Collision,2018-06-01 3:06,40,0,0,0,0,Two ways with median island,wet,Jordan,class 3,asphalt,night with enough light,rain,flat straight,Violation of traffic rules,Amman,Passengers vehicle (up to 9 seats),2,26,Male
Collision,2018-06-01 4:27,50,0,0,0,0,Two ways with median island,dry,KSA,unkown driver,asphalt,night with enough light,clear,flat straight,Improper lane changes,Amman,Passengers vehicle (up to 9 seats),3,24,Male
Collision,2018-06-01 4:27,50,0,0,0,0,Two ways with median island,dry,Jordan,class 3,asphalt,night with enough light,clear,flat straight,Violation of traffic rules,Amman,Passengers vehicle (up to 9 seats),3,41,Male
Collision,2018-06-01 4:27,50,0,0,0,0,Two ways with median island,dry,Jordan,class4,asphalt,night with enough light,clear,flat straight,Violation of traffic rules,Amman,Passengers vehicle (up to 9 seats),3,30,Male
Run over,2018-06-01 4:19,40,1,0,0,0,Two ways,wet,Jordan,class 3 auto,asphalt,night with enough light,rain,Upright straight,Neglecting traffic safety precautions,Amman,Passengers vehicle (up to 9 seats),1,53,Male
Collision,2018-06-01 4:28,40,0,0,0,0,Two ways,wet,Iraq,class 3 auto,asphalt,night with enough light,rain,flat straight,Loss of control,Amman,Passengers vehicle (up to 9 seats),2,24,Male
Collision,2018-06-01 4:28,40,0,0,0,0,Two ways,wet,KSA,unkown driver,asphalt,night with enough light,rain,flat straight,Violation of traffic rules,Amman,Passengers vehicle (up to 9 seats),2,118,Unkown
Collision,2018-06-01 6:27,40,0,0,0,0,Two ways with median island,wet,Jordan,class 3,asphalt,day,rain,Upright straight,Running a stop sign,Amman,Passengers vehicle (up to 9 seats),2,31,Male
Collision,2018-06-01 6:27,40,0,0,0,0,Two ways with median island,wet,Jordan,class4,asphalt,day,rain,Upright straight,Violation of traffic rules,Amman,Passengers vehicle (up to 9 seats),2,37,Male
Collision,2018-06-01 9:38,60,0,0,0,0,Two ways,wet,Jordan,class 6ab,asphalt,day,rain,flat straight,Violation of traffic rules,Amman,Passengers vehicle (up to 9 seats),2,53,Male
Collision,2018-06-01 9:38,60,0,0,0,0,Two ways,wet,Jordan,class7,asphalt,day,rain,flat straight,Violation of traffic rules,Amman,Passengers vehicle (up to 9 seats),2,47,Male
Collision,2018-06-01 2:40,60,0,0,0,0,Two ways with median island,dry,Jordan,class4,asphalt,day,clear,flat straight,Improper lane changes,Amman,Truck,2,30,Male
Collision,2018-06-01 2:40,60,0,0,0,0,Two ways with median island,dry,Jordan,class4,asphalt,day,clear,flat straight,Violation of traffic rules,Amman,Passengers vehicle (up to 9 seats),2,23,Male
Collision,2018-06-01 9:41,30,0,0,0,0,Parking lot,wet,Jordan,class4,asphalt,day,rain,flat straight,Neglecting traffic safety precautions,Amman,Passengers vehicle (up to 9 seats),1,43,Male
Collision,2018-06-01 17:41,40,0,0,0,0,Two ways,wet,Jordan,class 3,asphalt,night with enough light,rain,flat straight,Violation of traffic rules,Amman,Passengers vehicle (up to 9 seats),2,23,Male
Collision,2018-06-01 17:41,40,0,0,0,0,Two ways,wet,Jordan,class5,asphalt,night with enough light,rain,flat straight,Improper reversing,Amman,Construction\works vehicle,2,0,Unkown
Collision,2018-06-01 9:42,60,0,0,0,0,Two ways,wet,Jordan,class5,concrrete,day,rain,flat straight,Neglecting traffic safety precautions,Amman,Passengers vehicle (up to 9 seats),1,29,Male
Collision,2018-06-01 17:11,40,0,0,0,0,Two ways,wet,Kuwait,class 3,asphalt,night with enough light,rain,flat straight,Violation of traffic rules,Amman,Passengers vehicle (up to 9 seats),2,0,Unkown
Collision,2018-06-01 17:11,40,0,0,0,0,Two ways,wet,Jordan,class 3,asphalt,night with enough light,rain,flat straight,Improper reversing,Amman,Passengers vehicle (up to 9 seats),2,39,Male
Collision,2018-06-01 13:15,40,0,0,0,0,One way,wet,Jordan,class 3 auto,asphalt,day,rain,flat straight,Violation of traffic rules,Amman,Passengers vehicle (up to 9 seats),2,25,Female
Collision,2018-06-01 13:15,40,0,0,0,0,One way,wet,Jordan,class 3,asphalt,day,rain,flat straight,Neglecting traffic safety precautions,Amman,Passengers vehicle (up to 9 seats),2,37,Female
Run over,2018-06-01 1:00,60,1,0,0,0,Two ways with median island,wet,KSA,class 3,asphalt,night with enough light,rain,flat straight,Neglecting traffic safety precautions,Amman,Passengers vehicle (up to 9 seats),1,118,Male
Collision,2018-06-01 10:30,40,0,0,0,0,Two ways with median island,wet,Jordan,class4,asphalt,day,rain,flat straight,Unsafe turnaround,Amman,Passengers vehicle (up to 9 seats),2,52,Male
Collision,2018-06-01 10:30,40,0,0,0,0,Two ways with median island,wet,Jordan,class 3,asphalt,day,rain,flat straight,Violation of traffic rules,Amman,Passengers vehicle (up to 9 seats),2,0,Unkown
Collision,2018-06-01 12:18,40,0,0,0,0,Two ways,wet,Jordan,class 3,asphalt,day,rain,flat straight,Violation of traffic rules,Amman,Passengers vehicle (up to 9 seats),2,36,Male
Collision,2018-06-01 12:18,40,0,0,0,0,Two ways,wet,Jordan,class 3,asphalt,day,rain,flat straight,Improper lane changes,Amman,Passenger and cargo vehicle,2,22,Male
Collision,2018-06-01 10:17,40,0,0,0,0,Two ways with median island,wet,Jordan,class 3,asphalt,day,rain,flat straight,Improper lane changes,Amman,Passengers vehicle (up to 9 seats),2,27,Male
Collision,2018-06-01 10:17,40,0,0,0,0,Two ways with median island,wet,Jordan,class 3,asphalt,day,rain,flat straight,Violation of traffic rules,Amman,Passengers vehicle (up to 9 seats),2,35,Female
Collision,2018-06-01 7:50,40,0,0,0,0,Parking lot,wet,Jordan,class 3 auto,asphalt,day,rain,flat straight,Neglecting traffic safety precautions,Amman,Passengers vehicle (up to 9 seats),1,0,Unkown
Off-Road,2018-06-01 8:03,60,0,0,0,0,Two ways with median island,wet,Jordan,class 6b,asphalt,day,rain,flat straight,Loss of control,Amman,Trailer private use,1,42,Male
Collision,2018-06-01 8:03,50,0,0,0,0,Two ways,dry,Jordan,class 6ab,asphalt,day,clear,flat straight,Improper reversing,Amman,Truck,2,44,Male
Collision,2018-08-01 18:28,60,0,0,0,0,Two ways,dry,Jordan,class 3,asphalt,night with enough light,clear,flat straight,Violation of traffic rules,Zarqa,Passengers vehicle (up to 9 seats),2,0,Unkown
Collision,2018-06-01 8:16,60,0,0,0,0,Two ways with median island,wet,Jordan,class 3 auto,asphalt,day,fog,flat straight,Tailgating,al-karak,Passengers vehicle (up to 9 seats),2,28,Female
Collision,2018-06-01 8:16,60,0,0,0,0,Two ways with median island,wet,Jordan,class 3,asphalt,day,fog,flat straight,Violation of traffic rules,al-karak,Passengers vehicle (up to 9 seats),2,27,Male
Collision,2018-06-01 8:27,20,0,0,0,0,Parking lot,dry,Jordan,class 3,concrrete,day,clear,flat straight,Violation of traffic rules,Zarqa,Passengers vehicle (up to 9 seats),2,28,Male
Collision,2018-06-01 8:27,20,0,0,0,0,Parking lot,dry,Jordan,class5,concrrete,day,clear,flat straight,Neglecting traffic safety precautions,Zarqa,Truck,2,41,Male
Collision,2018-06-01 8:39,40,0,0,0,0,Two ways,dry,Jordan,class 3,asphalt,day,clear,flat straight,Violation of traffic rules,Amman,Passengers vehicle (up to 9 seats),2,0,Unkown
Collision,2018-06-01 8:39,40,0,0,0,0,Two ways,dry,Jordan,class 3,asphalt,day,clear,flat straight,Unsafe Parking,Amman,Truck,2,25,Male
Collision,2018-06-01 8:43,40,0,0,0,0,One way,wet,Jordan,class 3 auto,asphalt,day,rain,Upright straight,Neglecting traffic safety precautions,Amman,Passengers vehicle (up to 9 seats),1,22,Female
Collision,2018-06-01 8:44,40,0,0,0,0,One way,wet,Jordan,class 3,asphalt,day,clear,Upright straight,Improper reversing,Amman,Passengers vehicle (up to 9 seats),2,0,Unkown
Collision,2018-06-01 8:44,40,0,0,0,0,One way,wet,Jordan,class 3,asphalt,day,clear,Upright straight,Violation of traffic rules,Amman,Passengers vehicle (up to 9 seats),2,41,Male
Collision,2018-06-01 8:46,50,0,0,0,0,Two ways,dry,Jordan,class 3,asphalt,day,clear,flat straight,Violation of traffic rules,Amman,Truck,2,25,Male
Collision,2018-06-01 8:46,50,0,0,0,0,Two ways,dry,Jordan,class 3,asphalt,day,clear,flat straight,Violation of traffic rules,Amman,Passengers vehicle (up to 9 seats),2,118,Unkown
Collision,2018-06-01 8:15,60,0,0,0,0,Two ways,wet,Jordan,class 3,asphalt,day,rain,flat straight,Tailgating,Irbid,Passenger and cargo vehicle,3,35,Male
Collision,2018-06-01 8:15,60,0,0,0,0,Two ways,wet,Jordan,class 3,asphalt,day,rain,flat straight,Violation of traffic rules,Irbid,Passenger and cargo vehicle,3,46,Male
Collision,2018-06-01 8:15,60,0,0,0,0,Two ways,wet,Jordan,class 3,asphalt,day,rain,flat straight,Violation of traffic rules,Irbid,Passenger and cargo vehicle,3,39,Male
Collision,2018-06-01 8:54,60,0,0,0,0,Two ways with median island,wet,Jordan,class4,asphalt,day,rain,straight ramp,Improper lane changes,Amman,Passengers vehicle (up to 9 seats),2,0,Unkown
Collision,2018-06-01 8:54,60,0,0,0,0,Two ways with median island,wet,Jordan,class5,asphalt,day,rain,straight ramp,Violation of traffic rules,Amman,Passengers Van or small bus (10 to 30 seats),2,38,Male
Collision,2018-06-01 8:58,60,0,0,0,0,Two ways with median island,wet,Jordan,class 3,asphalt,day,rain,flat straight,Loss of control,Amman,Passengers vehicle (up to 9 seats),1,37,Male
Collision,2018-06-01 9:07,50,0,0,0,0,One way,dry,KSA,unkown driver,asphalt,day,clear,flat straight,Neglecting traffic safety precautions,Zarqa,Passengers vehicle (up to 9 seats),2,37,Unkown
Collision,2018-06-01 9:07,50,0,0,0,0,One way,dry,Jordan,class 3,asphalt,day,clear,flat straight,Violation of traffic rules,Zarqa,Passenger and cargo vehicle,2,65,Male
Collision,2018-06-01 9:08,50,0,0,0,0,Two ways,dry,Jordan,class 3,asphalt,day,clear,flat straight,Violation of traffic rules,Amman,Passenger and cargo vehicle,2,0,Unkown
Collision,2018-06-01 9:08,50,0,0,0,0,Two ways,dry,Jordan,class 3,asphalt,day,clear,flat straight,Improper reversing,Amman,Bus (> 30 seats),2,0,Unkown
Collision,2018-06-01 9:10,40,0,0,0,0,Two ways,wet,Jordan,class4,asphalt,day,rain,flat straight,Violation of traffic rules,Amman,Passengers vehicle (up to 9 seats),2,51,Male
Collision,2018-06-01 9:10,40,0,0,0,0,Two ways,wet,Jordan,class 3 auto,asphalt,day,rain,flat straight,Neglecting traffic safety precautions,Amman,Passengers vehicle (up to 9 seats),2,35,Female
Collision,2018-06-01 7:35,40,0,0,0,0,Two ways,wet,Jordan,class 6ab,asphalt,day,fog,flat straight,Violation of traffic rules,Madaba,Passengers Van or small bus (10 to 30 seats),2,38,Male
Collision,2018-06-01 7:35,40,0,0,0,0,Two ways,wet,Jordan,class5,asphalt,day,fog,flat straight,Failing to yield,Madaba,Passengers Van or small bus (10 to 30 seats),2,37,Male
Collision,2018-06-01 9:15,40,0,0,0,0,Two ways with median island,wet,Jordan,unkown driver,asphalt,day,rain,flat straight,Neglecting traffic safety precautions,Amman,Passengers vehicle (up to 9 seats),1,118,Male
Collision,2018-06-01 9:27,60,0,0,0,0,Two ways with median island,wet,Jordan,class 3,asphalt,night with enough light,rain,flat straight,Violation of traffic rules,Amman,Passengers vehicle (up to 9 seats),3,22,Male
Collision,2018-06-01 9:27,60,0,0,0,0,Two ways with median island,wet,Jordan,class 3,asphalt,night with enough light,rain,flat straight,Violation of traffic rules,Amman,Passengers vehicle (up to 9 seats),3,42,Male
Collision,2018-06-01 9:27,60,0,0,0,0,Two ways with median island,wet,Jordan,class 3,asphalt,night with enough light,rain,flat straight,Improper lane changes,Amman,Passengers vehicle (up to 9 seats),3,81,Male
Collision,2018-06-01 9:30,50,0,0,0,0,Two ways,wet,Jordan,class4,asphalt,day,rain,flat straight,Violation of traffic rules,Amman,Passengers vehicle (up to 9 seats),2,36,Male
Collision,2018-06-01 9:30,50,0,0,0,0,Two ways,wet,Jordan,class 3,asphalt,day,rain,flat straight,Violation of traffic rules,Amman,Passenger and cargo vehicle,2,27,Male
Collision,2018-06-01 2:00,100,0,0,0,0,Two ways with median island,wet,Jordan,class4,asphalt,night with enough light,rain,flat straight,Loss of control,Amman,Passengers vehicle (up to 9 seats),1,54,Male
Collision,2018-06-01 9:35,50,0,0,0,0,One way,wet,Jordan,class 3,asphalt,day,clear,Upright straight,Violation of traffic rules,Amman,Passengers vehicle (up to 9 seats),2,40,Female
Collision,2018-06-01 9:35,50,0,0,0,0,One way,wet,Jordan,class 3,asphalt,day,clear,Upright straight,Tailgating,Amman,Passenger and cargo vehicle,2,45,Male
Collision,2018-06-01 9:35,50,0,0,0,0,Two ways with median island,dry,Jordan,class4,asphalt,day,clear,flat straight,Violation of traffic rules,Amman,Passengers vehicle (up to 9 seats),2,41,Male
Collision,2018-06-01 9:35,50,0,0,0,0,Two ways with median island,dry,Jordan,class 3,asphalt,day,clear,flat straight,Violation of traffic rules,Amman,Passengers vehicle (up to 9 seats),2,33,Male
Collision,2018-06-01 9:38,60,0,0,0,0,Two ways with median island,wet,Jordan,class 3,asphalt,day,rain,flat straight,Neglecting traffic safety precautions,Balqa,Passengers vehicle (up to 9 seats),2,26,Male
Collision,2018-06-01 9:38,60,0,0,0,0,Two ways with median island,wet,Jordan,class 3,asphalt,day,rain,flat straight,Violation of traffic rules,Balqa,Passengers vehicle (up to 9 seats),2,47,Male
Collision,2018-06-01 9:39,40,0,0,0,0,Two ways,dry,KSA,unkown driver,asphalt,day,clear,flat straight,Improper lane changes,Amman,Passengers vehicle (up to 9 seats),2,118,Male
Collision,2018-06-01 9:39,40,0,0,0,0,Two ways,dry,Jordan,class 3,asphalt,day,clear,flat straight,Violation of traffic rules,Amman,Passengers vehicle (up to 9 seats),2,32,Female
Collision,2018-06-01 9:50,50,0,0,0,0,Two ways with median island,wet,Jordan,class 3,asphalt,day,rain,flat straight,Violation of traffic rules,Amman,Passengers vehicle (up to 9 seats),2,40,Male
Collision,2018-06-01 9:50,50,0,0,0,0,Two ways with median island,wet,Jordan,class 3,asphalt,day,rain,flat straight,Violation of traffic rules,Amman,Passengers vehicle (up to 9 seats),2,0,Unkown
Collision,2018-06-01 9:52,50,0,0,0,0,Two ways with median island,dry,Jordan,class 3,asphalt,day,clear,flat straight,Violation of traffic rules,Amman,Passengers vehicle (up to 9 seats),2,28,Male
Collision,2018-06-01 9:52,50,0,0,0,0,Two ways with median island,dry,Jordan,class 3,asphalt,day,clear,flat straight,Improper lane changes,Amman,Passengers vehicle (up to 9 seats),2,0,Unkown
Collision,2018-06-01 9:53,70,0,0,0,0,Two ways with median island,dry,Jordan,class5,asphalt,day,clear,Upright straight,Tailgating,Balqa,Passengers Van or small bus (10 to 30 seats),2,32,Male
Collision,2018-06-01 9:53,70,0,0,0,0,Two ways with median island,dry,Jordan,class5,asphalt,day,clear,Upright straight,Violation of traffic rules,Balqa,Passengers Van or small bus (10 to 30 seats),2,25,Male
Collision,2018-06-01 9:56,50,0,0,0,0,Two ways,wet,Jordan,class 3,asphalt,day,clear,flat straight,Violation of traffic rules,Irbid,Passengers vehicle (up to 9 seats),2,51,Male
Collision,2018-06-01 9:56,50,0,0,0,0,Two ways,wet,Jordan,class4,asphalt,day,clear,flat straight,Tailgating,Irbid,Passengers vehicle (up to 9 seats),2,0,Male
Collision,2018-06-01 9:57,40,0,0,0,0,Two ways with median island,wet,Jordan,class 3,asphalt,day,clear,flat straight,Violation of traffic rules,Irbid,Passengers vehicle (up to 9 seats),2,23,Unkown
Collision,2018-06-01 9:57,40,0,0,0,0,Two ways with median island,wet,Jordan,class 3,asphalt,day,clear,flat straight,Violation of traffic rules,Irbid,Passengers vehicle (up to 9 seats),2,43,Male
Collision,2018-06-01 9:57,30,0,0,0,0,Public Parks,dry,Jordan,class 6ab,asphalt,night with enough light,clear,flat straight,Neglecting traffic safety precautions,Aqaba,Truck,1,58,Male
Collision,2018-06-01 10:09,40,0,0,0,0,Two ways,dry,Jordan,class 3,asphalt,day,clear,flat straight,Violation of traffic rules,Irbid,Passengers vehicle (up to 9 seats),2,20,Male
Collision,2018-06-01 10:09,40,0,0,0,0,Two ways,dry,Jordan,class 3,asphalt,day,clear,flat straight,Violation of traffic rules,Irbid,Passengers vehicle (up to 9 seats),2,43,Female
Collision,2018-06-01 10:10,30,0,0,0,0,Two ways,dry,Jordan,class4,asphalt,day,clear,flat straight,Improper lane changes,Amman,Passengers vehicle (up to 9 seats),2,33,Male
Collision,2018-06-01 10:10,30,0,0,0,0,Two ways,dry,Jordan,class 3,asphalt,day,clear,flat straight,Violation of traffic rules,Amman,Passengers vehicle (up to 9 seats),2,34,Female
Collision,2018-06-01 10:13,70,0,0,0,0,One way,wet,Jordan,class4,asphalt,day,rain,flat straight,Violation of traffic rules,Amman,Passengers vehicle (up to 9 seats),2,35,Male
Collision,2018-06-01 10:13,70,0,0,0,0,One way,wet,Jordan,class 3,asphalt,day,rain,flat straight,Tailgating,Amman,Passengers vehicle (up to 9 seats),2,44,Female
Collision,2018-06-01 10:13,50,0,0,0,0,Two ways,dry,Jordan,class 3 auto,asphalt,day,clear,flat straight,Violation of traffic rules,Amman,Passengers vehicle (up to 9 seats),2,118,Male
Collision,2018-06-01 10:13,50,0,0,0,0,Two ways,dry,Jordan,class 3,asphalt,day,clear,flat straight,Violation of traffic rules,Amman,Passengers vehicle (up to 9 seats),2,56,Male
Collision,2018-06-01 10:14,40,0,0,0,0,Two ways,wet,Jordan,class4,asphalt,day,rain,straight ramp,Loss of control,Amman,Truck,2,31,Male
Collision,2018-06-01 10:14,40,0,0,0,0,Two ways,wet,Jordan,class 6ab,asphalt,day,rain,straight ramp,Violation of traffic rules,Amman,Passengers vehicle (up to 9 seats),2,77,Male
Collision,2018-06-01 10:15,40,0,0,0,0,Two ways with median island,wet,Jordan,class 6b,asphalt,day,clear,Upright straight,Neglecting traffic safety precautions,Amman,Passengers vehicle (up to 9 seats),1,50,Male
Collision,2018-06-01 12:17,40,0,0,0,0,Two ways with median island,dry,Jordan,class 3,asphalt,day,clear,flat straight,Tailgating,Amman,Passengers vehicle (up to 9 seats),2,35,Male
Collision,2018-06-01 12:17,40,0,0,0,0,Two ways with median island,dry,Jordan,class 3,asphalt,day,clear,flat straight,Violation of traffic rules,Amman,Passengers vehicle (up to 9 seats),2,37,Male
Collision,2018-06-01 10:28,40,0,0,0,0,Two ways,dry,Jordan,class 3,asphalt,night with enough light,clear,flat straight,Violation of traffic rules,Aqaba,Passengers vehicle (up to 9 seats),2,0,Female
Collision,2018-06-01 10:28,40,0,0,0,0,Two ways,dry,Jordan,class 3,asphalt,night with enough light,clear,flat straight,Violation of traffic rules,Aqaba,Passenger and cargo vehicle,2,25,Male
Collision,2018-06-01 10:34,40,0,0,0,0,Two ways with median island,wet,Jordan,class 3,asphalt,day,rain,flat straight,Violation of traffic rules,Amman,Passengers vehicle (up to 9 seats),2,39,Male
Collision,2018-06-01 10:34,40,0,0,0,0,Two ways with median island,wet,Jordan,class 3,asphalt,day,rain,flat straight,Tailgating,Amman,Passengers vehicle (up to 9 seats),2,29,Male
Collision,2018-06-01 10:37,60,0,0,0,0,Two ways with median island,wet,Jordan,class 3,asphalt,day,clear,straight ramp,Violation of traffic rules,Irbid,Truck,2,0,Unkown
Collision,2018-06-01 10:37,60,0,0,0,0,Two ways with median island,wet,Jordan,class 3,asphalt,day,clear,straight ramp,Improper reversing,Irbid,Passenger and cargo vehicle,2,32,Male
Collision,2018-06-01 10:39,60,0,0,0,0,Two ways with median island,wet,Jordan,class5,asphalt,day,clear,flat straight,Violation of traffic rules,Amman,Passengers vehicle (up to 9 seats),2,52,Male
Collision,2018-06-01 10:39,60,0,0,0,0,Two ways with median island,wet,Jordan,class 3,asphalt,day,clear,flat straight,Improper reversing,Amman,Truck,2,38,Male
Collision,2018-06-01 10:39,40,0,0,0,0,Two ways,dry,Jordan,class4,asphalt,day,clear,flat straight,Violation of traffic rules,Amman,Passengers vehicle (up to 9 seats),2,22,Male
Collision,2018-06-01 10:39,40,0,0,0,0,Two ways,dry,Jordan,class 3,asphalt,day,clear,flat straight,Open door while driving or parking,Amman,Truck,2,42,Male
Collision,2018-06-01 10:51,60,0,0,0,0,Two ways,wet,Jordan,class 3,asphalt,day,rain,straight ramp,Sharp curved,Tafila,Passengers vehicle (up to 9 seats),1,22,Unkown
Collision,2018-06-01 10:59,40,0,0,0,0,Two ways with median island,dry,Jordan,class 6a,asphalt,day,clear,flat straight,Violation of traffic rules,Amman,Passengers Van or small bus (10 to 30 seats),2,39,Male
Collision,2018-06-01 10:59,40,0,0,0,0,Two ways with median island,dry,Jordan,class 3,asphalt,day,clear,flat straight,Violation of traffic rules,Amman,Passengers vehicle (up to 9 seats),2,118,Unkown
Collision,2018-06-01 11:01,30,0,0,0,0,Two ways,dry,Jordan,class5,asphalt,day,clear,flat straight,Improper reversing,Amman,Truck,2,31,Male
Collision,2018-06-01 11:01,30,0,0,0,0,Two ways,dry,Jordan,class 3,asphalt,day,clear,flat straight,Violation of traffic rules,Amman,Passenger and cargo vehicle,2,24,Male
Collision,2018-06-01 11:04,30,0,0,0,0,Two ways with median island,dry,Jordan,class 3,asphalt,day,clear,flat straight,Tailgating,Amman,Truck,2,25,Male
Collision,2018-06-01 11:04,30,0,0,0,0,Two ways with median island,dry,Jordan,class 3,asphalt,day,clear,flat straight,Violation of traffic rules,Amman,Passenger and cargo vehicle,2,0,Unkown
Collision,2018-06-01 11:04,40,0,0,0,0,Two ways,dry,Jordan,class 6b,asphalt,day,clear,flat straight,Violation of traffic rules,Irbid,Passengers Van or small bus (10 to 30 seats),2,44,Male
Collision,2018-06-01 11:04,40,0,0,0,0,Two ways,dry,Jordan,class 3,asphalt,day,clear,flat straight,Violation of traffic rules,Irbid,Passengers vehicle (up to 9 seats),2,19,Female
Collision,2018-06-01 11:05,60,0,0,0,0,Two ways with median island,wet,Jordan,class 3,asphalt,day,clear,straight ramp,Violation of traffic rules,Irbid,Passenger and cargo vehicle,2,34,Male
Collision,2018-06-01 11:05,60,0,0,0,0,Two ways with median island,wet,Jordan,class 3,asphalt,day,clear,straight ramp,Violation of traffic rules,Irbid,Passenger and cargo vehicle,2,49,Male
Collision,2018-06-01 11:08,50,0,0,0,0,Two ways with median island,dry,Jordan,class 3,asphalt,day,clear,flat straight,Violation of traffic rules,Amman,Passengers vehicle (up to 9 seats),2,26,Male
Collision,2018-06-01 11:08,50,0,0,0,0,Two ways with median island,dry,Jordan,class 3,asphalt,day,clear,flat straight,Running a stop sign,Amman,Passengers vehicle (up to 9 seats),2,39,Male
Collision,2018-06-01 20:11,60,0,0,0,0,Two ways with median island,wet,Jordan,class 3,asphalt,night without enough light,fog,Upright straight,Violation of traffic rules,al-karak,Passengers vehicle (up to 9 seats),2,0,Unkown
Collision,2018-06-01 20:11,60,0,0,0,0,Two ways with median island,wet,Jordan,class 3,asphalt,night without enough light,fog,Upright straight,Improper lane changes,al-karak,Passenger and cargo vehicle,2,40,Unkown
Collision,2018-06-01 11:13,40,0,0,0,0,Two ways with median island,dry,Jordan,class4,asphalt,day,clear,flat straight,Tailgating,Irbid,Passengers vehicle (up to 9 seats),2,29,Male
Collision,2018-06-01 11:13,40,0,0,0,0,Two ways with median island,dry,Jordan,class 3,asphalt,day,clear,flat straight,Violation of traffic rules,Irbid,Passengers vehicle (up to 9 seats),2,38,Male
Collision,2018-06-01 11:17,60,0,0,0,0,Two ways with median island,dry,Jordan,class 6ab,asphalt,day,clear,flat straight,Violation of traffic rules,Amman,Trailer private use,2,60,Male
Collision,2018-06-01 11:17,60,0,0,0,0,Two ways with median island,dry,Jordan,class 3,asphalt,day,clear,flat straight,Neglecting traffic safety precautions,Amman,Passenger and cargo vehicle,2,0,Male
Collision,2018-06-01 11:18,40,0,0,0,0,Parking lot,dry,Jordan,class 6ab,asphalt,day,clear,flat straight,Violation of traffic rules,Amman,Passenger and cargo vehicle,2,37,Male
Collision,2018-06-01 11:18,40,0,0,0,0,Parking lot,dry,Jordan,class 3,asphalt,day,clear,flat straight,Neglecting traffic safety precautions,Amman,Passengers vehicle (up to 9 seats),2,42,Male
Collision,2018-06-01 11:19,40,0,0,0,0,Two ways,wet,Jordan,class4,asphalt,day,clear,flat straight,Violation of traffic rules,Irbid,Passengers vehicle (up to 9 seats),2,34,Male
Collision,2018-06-01 11:19,40,0,0,0,0,Two ways,wet,Jordan,class 3,asphalt,day,clear,flat straight,Improper reversing,Irbid,Passenger and cargo vehicle,2,57,Male
Collision,2018-06-01 11:20,50,0,0,0,0,Two ways,dry,Jordan,class 3 auto,asphalt,day,clear,flat straight,Tailgating,Amman,Passengers vehicle (up to 9 seats),2,20,Male
Collision,2018-06-01 11:20,50,0,0,0,0,Two ways,dry,Jordan,class 3,asphalt,day,clear,flat straight,Violation of traffic rules,Amman,Passengers vehicle (up to 9 seats),2,25,Female
Collision,2018-06-01 11:21,40,0,0,0,0,One way,wet,Jordan,class 6ab,asphalt,day,clear,Upright straight,Violation of traffic rules,Amman,Vehicle for private use,2,50,Male
Collision,2018-06-01 11:21,40,0,0,0,0,One way,wet,Jordan,class 3,asphalt,day,clear,Upright straight,Violation of traffic rules,Amman,Passengers vehicle (up to 9 seats),2,35,Female
Collision,2018-06-01 11:22,50,0,0,0,0,Two ways with median island,dry,Jordan,class4,asphalt,day,clear,flat straight,Violation of traffic rules,Amman,Passengers vehicle (up to 9 seats),2,37,Male
Collision,2018-06-01 11:22,50,0,0,0,0,Two ways with median island,dry,Jordan,class 3,asphalt,day,clear,flat straight,Improper lane changes,Amman,Passengers vehicle (up to 9 seats),2,58,Male
Collision,2018-06-01 11:23,40,0,0,0,0,Two ways,dry,Jordan,class4,asphalt,day,clear,flat straight,Violation of traffic rules,Amman,Passengers vehicle (up to 9 seats),2,49,Male
Collision,2018-06-01 11:23,40,0,0,0,0,Two ways,dry,Jordan,class4,asphalt,day,clear,flat straight,Neglecting traffic safety precautions,Amman,Passengers vehicle (up to 9 seats),2,0,Unkown
Collision,2018-06-01 11:24,60,0,0,0,0,Two ways,dry,Jordan,class 3,asphalt,day,clear,flat straight,Tailgating,Mafraq,Passengers vehicle (up to 9 seats),2,27,Male
Collision,2018-06-01 11:24,60,0,0,0,0,Two ways,dry,Jordan,class 3,asphalt,day,clear,flat straight,Violation of traffic rules,Mafraq,Passengers vehicle (up to 9 seats),2,32,Male
Collision,2018-06-01 11:25,50,0,0,0,0,Two ways,dry,Jordan,class4,asphalt,day,clear,flat straight,Violation of traffic rules,Amman,Passengers vehicle (up to 9 seats),2,38,Male
Collision,2018-06-01 11:25,50,0,0,0,0,Two ways,dry,Jordan,class 3,asphalt,day,clear,flat straight,Improper reversing,Amman,Passengers vehicle (up to 9 seats),2,41,Female
Collision,2018-06-01 11:27,40,0,0,0,0,Two ways with median island,dry,Jordan,class4,asphalt,day,clear,flat straight,Tailgating,Amman,Passengers vehicle (up to 9 seats),2,31,Male
Collision,2018-06-01 11:27,40,0,0,0,0,Two ways with median island,dry,Jordan,class 3,asphalt,day,clear,flat straight,Violation of traffic rules,Amman,Passengers vehicle (up to 9 seats),2,53,Male
Collision,2018-06-01 13:32,50,0,0,0,0,Two ways,dry,Jordan,class4,asphalt,day,clear,flat straight,Violation of traffic rules,Amman,Passengers vehicle (up to 9 seats),2,28,Male
Collision,2018-06-01 13:32,50,0,0,0,0,Two ways,dry,Jordan,class 3,asphalt,day,clear,flat straight,Tailgating,Amman,Passengers vehicle (up to 9 seats),2,24,Female
Collision,2018-06-01 13:00,50,0,0,0,0,Two ways,dry,Jordan,unkown driver,asphalt,day,clear,flat straight,Improper lane changes,Amman,Passengers vehicle (up to 9 seats),2,118,Male
Collision,2018-06-01 13:00,50,0,0,0,0,Two ways,dry,Jordan,class 3,asphalt,day,clear,flat straight,Violation of traffic rules,Amman,Passengers vehicle (up to 9 seats),2,36,Male
Collision,2018-06-01 11:34,50,0,0,0,0,One way,dry,Jordan,class4,asphalt,day,clear,Upright straight,Tailgating,Amman,Truck,2,46,Male
Collision,2018-06-01 11:34,50,0,0,0,0,One way,dry,Jordan,class 3,asphalt,day,clear,Upright straight,Violation of traffic rules,Amman,Passengers vehicle (up to 9 seats),2,79,Male