Accident Type,Date,Speed (Km),Simple Injuries,Severe Injuries,Death,Medium Injuries,Road Lanes,Road Surfuce Description,Vehicle Country,Driver Licensee Type,Road Type,Light,Weather,Road Proerties,Driver Mistake,City,Vehicle type,Number of Cars,Driver Age,Sex
Collision,2018-06-06 18:48,60,0,0,0,0,Two ways with median island,dry,Jordan,class 3,asphalt,day,clear,Upright straight,Tailgating,Amman,Passengers vehicle (up to 9 seats),2,0,Unkown
Collision,2018-06-06 18:48,60,0,0,0,0,Two ways with median island,dry,Jordan,class 3,asphalt,day,clear,Upright straight,Violation of traffic rules,Amman,Passengers vehicle (up to 9 seats),2,0,Unkown
Collision,2018-06-06 18:49,50,0,0,0,0,Two ways with median island,dry,Jordan,class5,asphalt,day,clear,Upright straight,Violation of traffic rules,Amman,Vehicle for private use,2,33,Male
Collision,2018-06-06 18:49,50,0,0,0,0,Two ways with median island,dry,Jordan,class 3,asphalt,day,clear,Upright straight,Neglecting traffic safety precautions,Amman,Truck,2,26,Male
Collision,2018-06-06 18:51,50,0,0,0,0,Two ways with median island,dry,Jordan,class4,asphalt,day,clear,flat straight,Violation of traffic rules,Amman,Passengers vehicle (up to 9 seats),3,29,Male
Collision,2018-06-06 18:51,50,0,0,0,0,Two ways with median island,dry,Jordan,class 3,asphalt,day,clear,flat straight,Tailgating,Amman,Passengers vehicle (up to 9 seats),3,0,Unkown
Collision,2018-06-06 18:51,50,0,0,0,0,Two ways with median island,dry,Jordan,class 6a,asphalt,day,clear,flat straight,Violation of traffic rules,Amman,Passengers vehicle (up to 9 seats),3,60,Male
Collision,2018-06-06 18:51,60,0,0,0,0,Two ways with median island,dry,Jordan,class 3,asphalt,day,clear,flat straight,Improper lane changes,Amman,Passengers vehicle (up to 9 seats),1,0,Unkown
Collision,2018-06-06 18:53,40,0,0,0,0,Two ways with median island,dry,Jordan,class4,asphalt,day,clear,flat straight,Violation of traffic rules,Amman,Passengers vehicle (up to 9 seats),2,27,Male
Collision,2018-06-06 18:53,40,0,0,0,0,Two ways with median island,dry,Jordan,class 3,asphalt,day,clear,flat straight,Neglecting traffic safety precautions,Amman,Passengers vehicle (up to 9 seats),2,0,Male
Collision,2018-06-06 18:55,40,0,0,0,0,Two ways,dry,Jordan,class 3,asphalt,day,clear,flat straight,Violation of traffic rules,Irbid,Passengers vehicle (up to 9 seats),2,28,Male
Collision,2018-06-06 18:55,40,0,0,0,0,Two ways,dry,Jordan,class 3,asphalt,day,clear,flat straight,Wrong way driving,Irbid,Passengers vehicle (up to 9 seats),2,33,Male
Collision,2018-06-06 18:56,60,0,0,0,0,Two ways with median island,dry,Jordan,class 3,asphalt,day,clear,flat straight,Violation of traffic rules,Irbid,Truck,2,64,Male
Collision,2018-06-06 18:56,60,0,0,0,0,Two ways with median island,dry,Jordan,class 3,asphalt,day,clear,flat straight,Violation of traffic rules,Irbid,Passengers vehicle (up to 9 seats),2,30,Male
Collision,2018-06-06 19:00,40,0,0,0,0,One way,dry,Jordan,class 3,asphalt,day,clear,flat straight,Violation of traffic rules,Amman,Passengers vehicle (up to 9 seats),2,49,Male
Collision,2018-06-06 19:00,40,0,0,0,0,One way,dry,Jordan,class 3 auto,asphalt,day,clear,flat straight,Violation of traffic rules,Amman,Passengers vehicle (up to 9 seats),2,53,Male
Collision,2018-06-06 19:01,50,0,0,0,0,Two ways,dry,Jordan,class 3,asphalt,day,clear,flat straight,Improper reversing,Amman,Passengers vehicle (up to 9 seats),2,26,Male
Collision,2018-06-06 19:01,50,0,0,0,0,Two ways,dry,Jordan,class5,asphalt,day,clear,flat straight,Violation of traffic rules,Amman,Passengers Van or small bus (10 to 30 seats),2,32,Male
Collision,2018-06-06 19:05,50,0,0,0,0,Two ways,dry,Jordan,class 1,asphalt,sunset,clear,flat straight,Tailgating,Amman,Passengers vehicle (up to 9 seats),2,0,Male
Collision,2018-06-06 19:05,50,0,0,0,0,Two ways,dry,Jordan,class5,asphalt,sunset,clear,flat straight,Violation of traffic rules,Amman,Passengers vehicle (up to 9 seats),2,65,Male
Collision,2018-06-06 19:14,40,0,0,0,0,Two ways,dry,Jordan,class 3,asphalt,day,clear,flat straight,Violation of traffic rules,Amman,Truck,2,28,Male
Collision,2018-06-06 19:14,40,0,0,0,0,Two ways,dry,Jordan,class4,asphalt,day,clear,flat straight,Violation of traffic rules,Amman,Passengers vehicle (up to 9 seats),2,44,Male
Collision,2018-06-06 19:15,40,0,0,0,0,Two ways,dry,Jordan,class 3,asphalt,day,clear,flat straight,Violation of traffic rules,Irbid,Passengers vehicle (up to 9 seats),2,40,Male
Collision,2018-06-06 19:15,40,0,0,0,0,Two ways,dry,Jordan,class4,asphalt,day,clear,flat straight,Violation of traffic rules,Irbid,Passengers vehicle (up to 9 seats),2,22,Male
Off-Road,2018-06-06 19:16,70,0,0,0,0,Two ways,dry,Jordan,class 3,asphalt,day,clear,flat straight,Improper lane changes,al-karak,Passenger and cargo vehicle,1,24,Unkown
Collision,2018-06-06 19:16,40,0,0,0,0,Two ways,dry,Jordan,class4,asphalt,sunset,clear,flat straight,Unsafe Parking,Amman,Truck,3,39,Male
Collision,2018-06-06 19:16,40,0,0,0,0,Two ways,dry,Jordan,class 3,asphalt,sunset,clear,flat straight,Violation of traffic rules,Amman,Passengers vehicle (up to 9 seats),3,33,Male
Collision,2018-06-06 19:16,40,0,0,0,0,Two ways,dry,Jordan,class4,asphalt,sunset,clear,flat straight,Violation of traffic rules,Amman,Truck,3,37,Male
Collision,2018-06-06 19:18,40,0,0,0,0,Two ways with median island,dry,Jordan,class 3,asphalt,day,clear,flat straight,Improper lane changes,Irbid,Passengers vehicle (up to 9 seats),2,35,Male
Collision,2018-06-06 19:18,40,0,0,0,0,Two ways with median island,dry,Jordan,class5,asphalt,day,clear,flat straight,Violation of traffic rules,Irbid,Passengers vehicle (up to 9 seats),2,42,Male
Collision,2018-06-06 19:26,80,0,2,0,0,Two ways with median island,dry,Jordan,class 3,asphalt,sunset,clear,flat straight,Improper lane changes,Jerash,Passengers vehicle (up to 9 seats),1,23,Male
Collision,2018-06-06 19:14,40,0,0,0,0,Two ways with median island,dry,Jordan,class4,asphalt,day,clear,flat straight,Violation of traffic rules,Amman,Passengers vehicle (up to 9 seats),2,118,Unkown
Collision,2018-06-06 19:14,40,0,0,0,0,Two ways with median island,dry,Jordan,class 3,asphalt,day,clear,flat straight,Neglecting traffic safety precautions,Amman,Passengers vehicle (up to 9 seats),2,25,Male
Collision,2018-06-06 19:38,40,0,0,0,0,Two ways with median island,dry,Jordan,class4,asphalt,sunset,clear,flat straight,Violation of traffic rules,Amman,Passengers vehicle (up to 9 seats),2,45,Male
Collision,2018-06-06 19:38,40,0,0,0,0,Two ways with median island,dry,Jordan,class4,asphalt,sunset,clear,flat straight,Improper reversing,Amman,Passengers vehicle (up to 9 seats),2,51,Male
Collision,2018-06-06 19:45,50,0,0,0,0,Two ways,dry,Jordan,class 3,asphalt,sunset,clear,flat straight,Improper lane changes,Amman,Passengers vehicle (up to 9 seats),1,24,Male
Collision,2018-06-06 20:14,30,0,0,0,0,Two ways,dry,Jordan,class4,asphalt,night with enough light,clear,flat straight,Tailgating,Amman,Passengers vehicle (up to 9 seats),2,39,Male
Collision,2018-06-06 20:14,30,0,0,0,0,Two ways,dry,Jordan,class 3,asphalt,night with enough light,clear,flat straight,Violation of traffic rules,Amman,Passengers vehicle (up to 9 seats),2,26,Male
Collision,2018-06-06 20:26,50,0,0,0,0,Two ways,dry,Jordan,class4,asphalt,night without enough light,clear,flat straight,Violation of traffic rules,Irbid,Passenger and cargo vehicle,2,33,Male
Collision,2018-06-06 20:26,50,0,0,0,0,Two ways,dry,Jordan,class4,asphalt,night without enough light,clear,flat straight,Improper lane changes,Irbid,Passengers vehicle (up to 9 seats),2,41,Male
Collision,2018-06-06 20:29,50,0,0,0,0,Two ways with median island,dry,Jordan,class 3,asphalt,night with enough light,clear,flat straight,Violation of traffic rules,Amman,Passengers vehicle (up to 9 seats),2,42,Female
Collision,2018-06-06 20:29,50,0,0,0,0,Two ways with median island,dry,Jordan,class 3,asphalt,night with enough light,clear,flat straight,Tailgating,Amman,Passengers vehicle (up to 9 seats),2,49,Male
Collision,2018-06-06 19:40,40,0,0,0,0,Two ways,dry,Jordan,class4,asphalt,sunset,clear,Upright straight,Tailgating,Amman,Passengers vehicle (up to 9 seats),2,49,Male
Collision,2018-06-06 19:40,40,0,0,0,0,Two ways,dry,Jordan,class 3,asphalt,sunset,clear,Upright straight,Violation of traffic rules,Amman,Passengers vehicle (up to 9 seats),2,19,Male
Collision,2018-06-06 20:34,40,0,0,0,0,Two ways,dry,Jordan,class 3,asphalt,night with enough light,clear,flat straight,Tailgating,Amman,Passengers vehicle (up to 9 seats),2,30,Male
Collision,2018-06-06 20:34,40,0,0,0,0,Two ways,dry,Jordan,class 3,asphalt,night with enough light,clear,flat straight,Violation of traffic rules,Amman,Passengers vehicle (up to 9 seats),2,40,Female
Collision,2018-06-06 20:40,50,0,0,0,0,Two ways with median island,dry,Jordan,class 3,asphalt,night with enough light,clear,flat straight,Violation of traffic rules,Amman,Passengers vehicle (up to 9 seats),2,39,Male
Collision,2018-06-06 20:40,50,0,0,0,0,Two ways with median island,dry,Jordan,class 3,asphalt,night with enough light,clear,flat straight,Improper reversing,Amman,Passengers vehicle (up to 9 seats),2,41,Male
Collision,2018-06-06 20:41,40,0,0,0,0,Two ways,dry,Jordan,class4,asphalt,night with enough light,clear,flat straight,Violation of traffic rules,Amman,Passengers vehicle (up to 9 seats),2,41,Male
Collision,2018-06-06 20:41,40,0,0,0,0,Two ways,dry,Jordan,class 3,asphalt,night with enough light,clear,flat straight,Improper lane changes,Amman,Passengers vehicle (up to 9 seats),2,19,Male
Collision,2018-06-06 20:43,50,0,0,0,0,Two ways,dry,Jordan,class 3 auto,asphalt,night with enough light,clear,flat straight,Improper lane changes,Amman,Passengers vehicle (up to 9 seats),2,34,Male
Collision,2018-06-06 20:43,50,0,0,0,0,Two ways,dry,Jordan,class 3,asphalt,night with enough light,clear,flat straight,Violation of traffic rules,Amman,Passengers vehicle (up to 9 seats),2,118,Unkown
Collision,2018-06-06 19:49,30,0,0,0,0,Parking lot,dry,Jordan,class 6a,asphalt,day,clear,flat straight,Improper reversing,Amman,Trailer private use,2,29,Male
Collision,2018-06-06 19:49,30,0,0,0,0,Parking lot,dry,Jordan,class 6ab,asphalt,day,clear,flat straight,Violation of traffic rules,Amman,Trailer private use,2,60,Male
Collision,2018-06-06 20:54,40,0,0,0,0,Two ways with median island,dry,Jordan,class5,asphalt,night with enough light,clear,flat straight,Violation of traffic rules,Amman,Passengers vehicle (up to 9 seats),2,57,Male
Collision,2018-06-06 20:54,40,0,0,0,0,Two ways with median island,dry,Jordan,class 3,asphalt,night with enough light,clear,flat straight,Violation of traffic rules,Amman,Passengers vehicle (up to 9 seats),2,0,Unkown
Collision,2018-06-06 20:58,60,0,0,0,0,Two ways with median island,dry,Jordan,class 3,asphalt,sunset,clear,flat straight,Tailgating,Amman,Passengers vehicle (up to 9 seats),2,23,Male
Collision,2018-06-06 20:58,60,0,0,0,0,Two ways with median island,dry,Jordan,class 3,asphalt,sunset,clear,flat straight,Violation of traffic rules,Amman,Passengers vehicle (up to 9 seats),2,24,Male
Collision,2018-06-06 21:01,40,0,0,0,0,Two ways with median island,dry,Jordan,class 3,asphalt,night with enough light,clear,flat straight,Violation of traffic rules,Amman,Passengers vehicle (up to 9 seats),2,30,Male
Collision,2018-06-06 21:01,40,0,0,0,0,Two ways with median island,dry,Jordan,class 3,asphalt,night with enough light,clear,flat straight,Improper reversing,Amman,Passengers vehicle (up to 9 seats),2,20,Male
Collision,2018-06-06 21:01,60,0,0,0,0,Two ways,dry,Jordan,class 3,asphalt,night with enough light,clear,flat straight,Speeding 30km/h more than trucks speed limit,Amman,Passengers vehicle (up to 9 seats),2,30,Male
Collision,2018-06-06 21:01,60,0,0,0,0,Two ways,dry,Jordan,class 3,asphalt,night with enough light,clear,flat straight,Improper lane changes,Amman,Passengers vehicle (up to 9 seats),2,0,Unkown
Collision,2018-06-06 21:03,50,0,0,0,0,Two ways with median island,dry,Jordan,class 3,asphalt,night with enough light,clear,flat straight,Violation of traffic rules,Amman,Truck,2,22,Male
Collision,2018-06-06 21:03,50,0,0,0,0,Two ways with median island,dry,Jordan,class 3,asphalt,night with enough light,clear,flat straight,Tailgating,Amman,Passengers vehicle (up to 9 seats),2,28,Male
Collision,2018-06-06 21:06,50,0,0,0,0,Two ways,dry,Jordan,class 3,asphalt,night with enough light,clear,straight ramp,Violation of traffic rules,Amman,Passengers vehicle (up to 9 seats),2,0,Unkown
Collision,2018-06-06 21:06,50,0,0,0,0,Two ways,dry,Jordan,class 3,asphalt,night with enough light,clear,straight ramp,Improper lane changes,Amman,Passengers vehicle (up to 9 seats),2,32,Male
Collision,2018-06-06 19:30,40,0,0,0,0,Two ways with median island,dry,Jordan,class4,asphalt,day,clear,flat straight,Violation of traffic rules,Zarqa,Passengers vehicle (up to 9 seats),2,28,Male
Collision,2018-06-06 21:07,40,0,0,0,0,Two ways,dry,Jordan,class 3,asphalt,night with enough light,clear,flat straight,Violation of traffic rules,Amman,Passengers vehicle (up to 9 seats),2,72,Male
Collision,2018-06-06 21:07,40,0,0,0,0,Two ways,dry,Jordan,class 3,asphalt,night with enough light,clear,flat straight,Loss of control,Amman,Passengers vehicle (up to 9 seats),2,21,Male
Run over,2018-06-06 21:12,40,1,0,0,0,Two ways with median island,dry,Jordan,class 3,asphalt,night with enough light,clear,flat straight,Neglecting traffic safety precautions,Aqaba,Passengers vehicle (up to 9 seats),1,20,Male
Collision,2018-06-06 21:17,50,0,0,0,0,Two ways with median island,dry,Jordan,class 3,asphalt,night with enough light,clear,flat straight,Improper reversing,Amman,Passengers vehicle (up to 9 seats),2,0,Unkown
Collision,2018-06-06 21:17,50,0,0,0,0,Two ways with median island,dry,Jordan,class 3,asphalt,night with enough light,clear,flat straight,Violation of traffic rules,Amman,Passengers vehicle (up to 9 seats),2,31,Male
Collision,2018-06-06 21:19,60,0,0,0,0,Two ways with median island,dry,Jordan,class 3,asphalt,night with enough light,clear,flat straight,Violation of traffic rules,Amman,Passengers vehicle (up to 9 seats),4,30,Male
Collision,2018-06-06 21:19,60,0,0,0,0,Two ways with median island,dry,Jordan,class 3,asphalt,night with enough light,clear,flat straight,Violation of traffic rules,Amman,Passengers vehicle (up to 9 seats),4,23,Male
Collision,2018-06-06 21:19,60,0,0,0,0,Two ways with median island,dry,Jordan,class 3,asphalt,night with enough light,clear,flat straight,Violation of traffic rules,Amman,Passengers vehicle (up to 9 seats),4,36,Male
Collision,2018-06-06 21:19,60,0,0,0,0,Two ways with median island,dry,Jordan,class 3,asphalt,night with enough light,clear,flat straight,Improper lane changes,Amman,Passenger and cargo vehicle,4,31,Male
Collision,2018-06-06 21:22,40,0,0,0,0,Two ways,dry,Jordan,class 3,asphalt,night without enough light,clear,flat straight,Violation of traffic rules,Balqa,Passengers vehicle (up to 9 seats),3,0,Unkown
Collision,2018-06-06 21:22,40,0,0,0,0,Two ways,dry,Jordan,class 3,asphalt,night without enough light,clear,flat straight,Improper lane changes,Balqa,Passengers vehicle (up to 9 seats),3,35,Male
Collision,2018-06-06 21:24,50,0,0,0,0,Two ways with median island,dry,Jordan,class 3,asphalt,night with enough light,clear,flat straight,Violation of traffic rules,Amman,Passengers vehicle (up to 9 seats),2,25,Male
Collision,2018-06-06 21:24,50,0,0,0,0,Two ways with median island,dry,Jordan,class 3,asphalt,night with enough light,clear,flat straight,Improper reversing,Amman,Passengers vehicle (up to 9 seats),2,24,Male
Collision,2018-06-06 21:24,40,0,0,0,0,Two ways,dry,Jordan,class4,asphalt,night with enough light,clear,flat straight,Violation of traffic rules,Amman,Passengers vehicle (up to 9 seats),2,42,Male
Collision,2018-06-06 21:24,40,0,0,0,0,Two ways,dry,Jordan,class 3,asphalt,night with enough light,clear,flat straight,Violation of traffic rules,Amman,Passengers vehicle (up to 9 seats),2,39,Male
Collision,2018-06-06 21:30,50,0,0,0,0,Two ways,dry,Jordan,class 3 auto,asphalt,night with enough light,clear,flat straight,Tailgating,Amman,Passengers vehicle (up to 9 seats),2,21,Male
Collision,2018-06-06 21:30,50,0,0,0,0,Two ways,dry,Jordan,class 3,asphalt,night with enough light,clear,flat straight,Violation of traffic rules,Amman,Passengers vehicle (up to 9 seats),2,44,Male
Collision,2018-06-06 21:32,40,0,0,0,0,Two ways,dry,Jordan,class 3,asphalt,night with enough light,clear,flat straight,Violation of traffic rules,Amman,Passengers vehicle (up to 9 seats),2,30,Male
Collision,2018-06-06 21:33,40,0,0,0,0,Two ways,dry,Jordan,class 3,asphalt,night with enough light,clear,flat straight,Violation of traffic rules,Amman,Passengers vehicle (up to 9 seats),2,23,Male
Collision,2018-06-06 21:36,40,0,0,0,0,One way,dry,Jordan,class 3,asphalt,night with enough light,clear,flat straight,Violation of traffic rules,Amman,Passengers vehicle (up to 9 seats),2,0,Unkown
Collision,2018-06-06 21:36,40,0,0,0,0,One way,dry,Jordan,class 3,asphalt,night with enough light,clear,flat straight,Neglecting traffic safety precautions,Amman,Passengers vehicle (up to 9 seats),2,27,Male
Collision,2018-06-06 21:38,40,0,0,0,0,Parking lot,dry,Jordan,class 3,asphalt,night with enough light,clear,flat straight,Improper reversing,Amman,Passengers vehicle (up to 9 seats),2,26,Male
Collision,2018-06-06 21:38,40,0,0,0,0,Parking lot,dry,Jordan,class 3,asphalt,night with enough light,clear,flat straight,Violation of traffic rules,Amman,Passengers vehicle (up to 9 seats),2,47,Male
Collision,2018-05-06 21:45,40,0,0,0,0,Two ways,dry,Jordan,class 3,asphalt,night with enough light,clear,flat straight,Violation of traffic rules,Amman,Passengers vehicle (up to 9 seats),2,30,Male
Collision,2018-05-06 21:45,40,0,0,0,0,Two ways,dry,Jordan,class 3,asphalt,night with enough light,clear,flat straight,Improper reversing,Amman,Passengers vehicle (up to 9 seats),2,0,Unkown
Collision,2018-07-06 1:02,50,0,0,0,0,Two ways with median island,dry,Jordan,class5,asphalt,night with enough light,clear,flat straight,Violation of traffic rules,Amman,Passengers vehicle (up to 9 seats),2,26,Male
Collision,2018-07-06 1:02,50,0,0,0,0,Two ways with median island,dry,Jordan,class 3,asphalt,night with enough light,clear,flat straight,Improper lane changes,Amman,Passengers vehicle (up to 9 seats),2,26,Male
Collision,2018-06-06 22:00,40,0,0,0,0,Two ways,dry,Jordan,class 3,asphalt,night with enough light,clear,flat straight,Violation of traffic rules,Zarqa,Passengers vehicle (up to 9 seats),2,0,Unkown
Collision,2018-06-06 22:00,40,0,0,0,0,Two ways,dry,Jordan,class 3,asphalt,night with enough light,clear,flat straight,Neglecting traffic safety precautions,Zarqa,Passenger and cargo vehicle,2,22,Male
Collision,2018-06-06 22:04,50,0,0,0,0,Two ways with median island,dry,Jordan,class 3,asphalt,night with enough light,clear,flat straight,Tailgating,Amman,Passengers vehicle (up to 9 seats),2,0,Unkown
Collision,2018-06-06 22:04,50,0,0,0,0,Two ways with median island,dry,Jordan,class 3,asphalt,night with enough light,clear,flat straight,Violation of traffic rules,Amman,Passengers vehicle (up to 9 seats),2,35,Male
Run over,2018-06-06 22:05,50,1,0,0,0,Two ways,dry,Jordan,class 3,asphalt,day,clear,flat straight,Neglecting traffic safety precautions,Amman,Passengers vehicle (up to 9 seats),1,37,Male
Collision,2018-06-06 22:08,40,0,0,0,0,Two ways with median island,dry,Jordan,class 3,asphalt,night with enough light,clear,flat straight,Violation of traffic rules,Irbid,Passengers vehicle (up to 9 seats),2,118,Male
Collision,2018-06-06 22:08,40,0,0,0,0,Two ways with median island,dry,Jordan,class 3,asphalt,night with enough light,clear,flat straight,Violation of traffic rules,Irbid,Passengers vehicle (up to 9 seats),2,25,Male
Collision,2018-06-06 22:11,50,0,0,0,0,Two ways with median island,dry,Jordan,class4,asphalt,night with enough light,clear,flat straight,Violation of traffic rules,Amman,Passenger and cargo vehicle,2,36,Male
Collision,2018-06-06 22:11,50,0,0,0,0,Two ways with median island,dry,Jordan,class 3,asphalt,night with enough light,clear,flat straight,Unsafe Parking,Amman,Passengers vehicle (up to 9 seats),2,44,Male
Collision,2018-06-06 22:03,40,0,0,0,0,Two ways,dry,Jordan,class 6ab,asphalt,night with enough light,clear,flat straight,Neglecting traffic safety precautions,Amman,Trailer private use,2,47,Male
Collision,2018-06-06 22:03,40,0,0,0,0,Two ways,dry,Jordan,class 3,asphalt,night with enough light,clear,flat straight,Violation of traffic rules,Amman,Passengers vehicle (up to 9 seats),2,24,Male
Collision,2018-06-06 22:14,50,0,0,0,0,Two ways with median island,dry,Jordan,class4,asphalt,night with enough light,clear,flat straight,Violation of traffic rules,Amman,Passengers vehicle (up to 9 seats),2,26,Male
Collision,2018-06-06 22:14,50,0,0,0,0,Two ways with median island,dry,Jordan,class 3,asphalt,night with enough light,clear,flat straight,Tailgating,Amman,Passengers vehicle (up to 9 seats),2,21,Male
Collision,2018-06-06 22:18,40,0,0,0,0,Two ways,dry,Jordan,class 3 auto,asphalt,night with enough light,clear,flat straight,Neglecting traffic safety precautions,Amman,Passengers vehicle (up to 9 seats),2,41,Female
Collision,2018-06-06 22:18,40,0,0,0,0,Two ways,dry,Jordan,class 3,asphalt,night with enough light,clear,flat straight,Violation of traffic rules,Amman,Passengers vehicle (up to 9 seats),2,31,Male
Collision,2018-06-06 21:47,50,0,0,0,0,Two ways,dry,Jordan,class 3,asphalt,night without enough light,clear,flat straight,Neglecting traffic safety precautions,Amman,Passengers vehicle (up to 9 seats),2,0,Unkown
Collision,2018-06-06 21:47,50,0,0,0,0,Two ways,dry,Jordan,class 3,asphalt,night without enough light,clear,flat straight,Violation of traffic rules,Amman,Passengers vehicle (up to 9 seats),2,30,Male
Collision,2018-06-06 22:28,40,0,0,0,0,Two ways with median island,dry,Jordan,class 3,asphalt,night with enough light,clear,flat straight,Violation of traffic rules,Amman,Passengers vehicle (up to 9 seats),2,49,Female
Collision,2018-06-06 22:28,40,0,0,0,0,Two ways with median island,dry,Jordan,class 3,asphalt,night with enough light,clear,flat straight,Tailgating,Amman,Passengers vehicle (up to 9 seats),2,118,Male
Collision,2018-06-06 22:27,50,0,0,0,0,Two ways,dry,Jordan,class4,asphalt,night without enough light,clear,flat straight,Violation of traffic rules,Amman,Passengers vehicle (up to 9 seats),2,33,Male
Collision,2018-06-06 22:27,50,0,0,0,0,Two ways,dry,Jordan,class 3,asphalt,night without enough light,clear,flat straight,Neglecting traffic safety precautions,Amman,Passengers vehicle (up to 9 seats),2,24,Male
Collision,2018-06-06 22:30,40,1,0,0,0,Two ways,dry,Jordan,class 3,asphalt,night with enough light,clear,flat straight,"Speeding in school zone,innterssecctions and curved roads",Amman,Passengers vehicle (up to 9 seats),2,0,Male
Collision,2018-06-06 22:30,40,1,0,0,0,Two ways,dry,Jordan,class 3,asphalt,night with enough light,clear,flat straight,Violation of traffic rules,Amman,Passengers vehicle (up to 9 seats),2,118,Unkown
Collision,2018-06-06 22:30,50,0,0,0,0,Two ways with median island,dry,Jordan,class 3,asphalt,night with enough light,clear,flat straight,Tailgating,Amman,Passengers vehicle (up to 9 seats),2,31,Male
Collision,2018-06-06 22:30,50,0,0,0,0,Two ways with median island,dry,Jordan,class 3,asphalt,night with enough light,clear,flat straight,Violation of traffic rules,Amman,Passengers vehicle (up to 9 seats),2,0,Unkown
Collision,2018-06-06 22:38,40,0,0,0,0,Two ways,dry,Jordan,class 3,asphalt,night with enough light,clear,flat straight,Violation of traffic rules,Amman,Passengers vehicle (up to 9 seats),2,29,Male
Collision,2018-06-06 22:38,40,0,0,0,0,Two ways,dry,Jordan,class 3,asphalt,night with enough light,clear,flat straight,Tailgating,Amman,Passengers vehicle (up to 9 seats),2,25,Male
Run over,2018-06-06 16:42,40,1,0,0,0,Two ways,dry,Jordan,class 3,asphalt,day,clear,flat straight,Neglecting traffic safety precautions,Tafila,Truck,1,48,Male
Collision,2018-06-06 22:43,40,0,0,0,0,One way,dry,Jordan,class4,asphalt,night with enough light,clear,flat straight,Violation of traffic rules,Amman,Passengers vehicle (up to 9 seats),2,29,Male
Collision,2018-06-06 22:43,40,0,0,0,0,One way,dry,Jordan,class 3,asphalt,night with enough light,clear,flat straight,Improper lane changes,Amman,Passengers vehicle (up to 9 seats),2,1,Male
Collision,2018-06-06 22:48,50,0,0,0,0,Two ways,dry,Jordan,class 3,asphalt,night with enough light,clear,flat straight,Improper lane changes,Amman,Passengers vehicle (up to 9 seats),2,38,Male
Collision,2018-06-06 22:48,50,0,0,0,0,Two ways,dry,Jordan,class 3,asphalt,night with enough light,clear,flat straight,Violation of traffic rules,Amman,Passengers vehicle (up to 9 seats),2,22,Male
Collision,2018-06-06 22:53,60,0,0,0,0,Two ways with median island,dry,Jordan,class4,asphalt,night with enough light,clear,flat straight,Violation of traffic rules,Amman,Passengers vehicle (up to 9 seats),2,34,Male
Collision,2018-06-06 22:53,60,0,0,0,0,Two ways with median island,dry,Jordan,class 3,asphalt,night with enough light,clear,flat straight,Neglecting traffic safety precautions,Amman,Passengers vehicle (up to 9 seats),2,26,Male
Collision,2018-06-06 22:54,20,0,0,0,0,Parking lot,dry,Jordan,class 3 auto,asphalt,night with enough light,clear,flat straight,Violation of traffic rules,Amman,Passengers vehicle (up to 9 seats),2,24,Male
Collision,2018-06-06 22:54,20,0,0,0,0,Parking lot,dry,Jordan,class 3 auto,asphalt,night with enough light,clear,flat straight,Improper reversing,Amman,Passengers vehicle (up to 9 seats),2,25,Female
Collision,2018-06-06 22:58,40,0,0,0,0,Two ways,dry,Jordan,class 3,asphalt,night with enough light,clear,flat straight,Violation of traffic rules,Amman,Passengers vehicle (up to 9 seats),2,0,Unkown
Collision,2018-06-06 22:58,40,0,0,0,0,Two ways,dry,Jordan,class 3 auto,asphalt,night with enough light,clear,flat straight,Improper reversing,Amman,Passengers vehicle (up to 9 seats),2,25,Male
Collision,2018-06-06 23:01,50,0,0,0,0,Two ways with median island,dry,Jordan,class 3,asphalt,night with enough light,clear,flat straight,Improper lane changes,Irbid,Passengers vehicle (up to 9 seats),1,19,Unkown
Collision,2018-06-06 23:01,40,0,0,0,0,Two ways,dry,Jordan,class 6ab,asphalt,night with enough light,clear,flat straight,Violation of traffic rules,Zarqa,Passengers vehicle (up to 9 seats),2,40,Male
Collision,2018-06-06 23:01,40,0,0,0,0,Two ways,dry,Jordan,class 3,asphalt,night with enough light,clear,flat straight,Violation of traffic rules,Zarqa,Passengers vehicle (up to 9 seats),2,24,Male
Collision,2018-06-06 23:10,50,0,0,0,0,Two ways,dry,Jordan,class 3,asphalt,night with enough light,clear,flat straight,Violation of traffic rules,Amman,Passengers vehicle (up to 9 seats),2,41,Male
Collision,2018-06-06 23:10,50,0,0,0,0,Two ways,dry,Jordan,class 3,asphalt,night with enough light,clear,flat straight,Neglecting traffic safety precautions,Amman,Passenger and cargo vehicle,2,118,Unkown
Collision,2018-06-06 23:13,50,0,0,0,0,Two ways with median island,dry,Jordan,class4,asphalt,day,clear,flat straight,Violation of traffic rules,Amman,Passengers vehicle (up to 9 seats),2,34,Male
Collision,2018-06-06 23:13,50,0,0,0,0,Two ways with median island,dry,Jordan,class 3,asphalt,day,clear,flat straight,Improper reversing,Amman,Passengers vehicle (up to 9 seats),2,57,Male
Collision,2018-06-06 23:16,20,0,0,0,0,Two ways,dry,Jordan,class4,asphalt,night without enough light,clear,flat straight,Improper reversing,Amman,Truck,2,33,Male