Accident Type,Date,Speed (Km),Simple Injuries,Severe Injuries,Death,Medium Injuries,Road Lanes,Road Surfuce Description,Vehicle Country,Driver Licensee Type,Road Type,Light,Weather,Road Proerties,Driver Mistake,City,Vehicle type,Number of Cars,Driver Age,Sex
Run over,2018-07-06 22:57,20,0,1,0,0,Parking lot,dry,Jordan,class 6ab,concrrete,day,clear,flat straight,Neglecting traffic safety precautions,Amman,Trailer private use,1,38,Male
Collision,2018-08-06 23:01,40,0,0,0,0,Two ways,dry,Jordan,class 3,asphalt,night with enough light,clear,flat straight,Improper lane changes,Amman,Passengers vehicle (up to 9 seats),1,32,Male
Collision,2018-08-06 23:02,40,0,0,0,0,Two ways,dry,Jordan,class 3,asphalt,night with enough light,clear,flat straight,Violation of traffic rules,Madaba,Passengers vehicle (up to 9 seats),2,47,Male
Collision,2018-08-06 23:02,40,0,0,0,0,Two ways,dry,Jordan,class 3,asphalt,night with enough light,clear,flat straight,Violation of traffic rules,Madaba,Passengers vehicle (up to 9 seats),2,22,Male
Collision,2018-08-06 23:02,60,0,0,0,0,Two ways with median island,dry,Jordan,class5,asphalt,night with enough light,clear,flat straight,Violation of traffic rules,Balqa,Passengers vehicle (up to 9 seats),2,37,Male
Collision,2018-08-06 23:02,60,0,0,0,0,Two ways with median island,dry,Jordan,class 3,asphalt,night with enough light,clear,flat straight,Improper reversing,Balqa,Passenger and cargo vehicle,2,41,Male
Collision,2018-08-06 7:15,20,0,0,0,0,Parking lot,dry,KSA,unkown driver,asphalt,day,clear,flat straight,Neglecting traffic safety precautions,Amman,Passengers vehicle (up to 9 seats),1,118,Male
Collision,2018-08-06 23:12,40,0,0,0,0,Two ways with median island,dry,Jordan,class 3,asphalt,day,clear,flat straight,Violation of traffic rules,Amman,Passengers vehicle (up to 9 seats),2,27,Male
Collision,2018-08-06 23:12,40,0,0,0,0,Two ways with median island,dry,Jordan,class 3,asphalt,day,clear,flat straight,Violation of traffic rules,Amman,Passengers vehicle (up to 9 seats),2,32,Male
Collision,2018-08-09 23:30,50,0,0,0,0,Two ways with median island,dry,UAE,class 3,asphalt,day,clear,flat straight,Violation of traffic rules,Amman,Passengers vehicle (up to 9 seats),2,0,Unkown
Collision,2018-08-06 22:41,40,0,0,0,0,Two ways with median island,dry,Jordan,class4,asphalt,night with enough light,clear,flat straight,Violation of traffic rules,Aqaba,Passengers vehicle (up to 9 seats),2,32,Male
Collision,2018-08-06 22:41,40,0,0,0,0,Two ways with median island,dry,Jordan,class5,asphalt,night with enough light,clear,flat straight,Violation of traffic rules,Aqaba,Passengers vehicle (up to 9 seats),2,32,Male
Collision,2018-08-06 23:19,80,0,0,0,0,Two ways with median island,dry,Jordan,class 3,asphalt,night with enough light,clear,flat straight,Violation of traffic rules,Mafraq,Passengers vehicle (up to 9 seats),2,40,Male
Collision,2018-08-06 23:19,80,0,0,0,0,Two ways with median island,dry,Jordan,class 3,asphalt,night with enough light,clear,flat straight,Running a stop sign,Mafraq,Passengers vehicle (up to 9 seats),2,23,Male
Collision,2018-08-06 23:27,30,0,0,0,0,Two ways,dry,Jordan,class 3,asphalt,night with enough light,clear,flat straight,Violation of traffic rules,Zarqa,Passengers vehicle (up to 9 seats),2,26,Male
Collision,2018-08-06 23:27,30,0,0,0,0,Two ways,dry,Jordan,class 3,asphalt,night with enough light,clear,flat straight,Violation of traffic rules,Zarqa,Passengers vehicle (up to 9 seats),2,39,Male
Collision,2018-08-06 23:31,60,0,0,0,0,Two ways with median island,dry,Jordan,class 3,asphalt,night without enough light,clear,flat straight,Neglecting traffic safety precautions,Amman,Passengers vehicle (up to 9 seats),2,23,Male
Collision,2018-08-06 23:31,60,0,0,0,0,Two ways with median island,dry,Jordan,class 3,asphalt,night without enough light,clear,flat straight,Violation of traffic rules,Amman,Passengers vehicle (up to 9 seats),2,49,Male
Collision,2018-08-06 23:31,40,0,0,0,0,Two ways with median island,dry,Jordan,class 3 auto,asphalt,day,clear,flat straight,Violation of traffic rules,Amman,Passengers vehicle (up to 9 seats),2,26,Male
Collision,2018-08-06 23:31,40,0,0,0,0,Two ways with median island,dry,Jordan,class 3,asphalt,day,clear,flat straight,Tailgating,Amman,Truck,2,33,Male
Collision,2018-08-06 23:32,60,0,0,0,0,Two ways,dry,Jordan,class 3,asphalt,night with enough light,clear,flat straight,Violation of traffic rules,Amman,Passengers vehicle (up to 9 seats),2,0,Male
Collision,2018-08-06 23:32,60,0,0,0,0,Two ways,dry,Jordan,class 3,asphalt,night with enough light,clear,flat straight,Violation of traffic rules,Amman,Passengers vehicle (up to 9 seats),2,26,Male
Collision,2018-08-06 23:32,30,0,0,0,0,Two ways with median island,dry,Jordan,class 3,asphalt,night without enough light,clear,flat straight,Violation of traffic rules,Irbid,Passenger and cargo vehicle,2,23,Male
Collision,2018-08-06 23:32,30,0,0,0,0,Two ways with median island,dry,Jordan,class 3,asphalt,night without enough light,clear,flat straight,Violation of traffic rules,Irbid,Passengers vehicle (up to 9 seats),2,23,Male
Collision,2018-08-06 23:33,40,0,0,0,0,Two ways with median island,dry,Jordan,class 3,asphalt,night with enough light,clear,flat straight,Improper lane changes,Amman,Passengers vehicle (up to 9 seats),2,53,Male
Collision,2018-08-06 23:33,40,0,0,0,0,Two ways with median island,dry,Jordan,class 3,asphalt,night with enough light,clear,flat straight,Violation of traffic rules,Amman,Passengers vehicle (up to 9 seats),2,36,Male
Collision,2018-08-06 23:33,40,0,0,0,0,Two ways,dry,Jordan,class 3 auto,asphalt,night with enough light,clear,flat straight,Disregarding traffic signs,Amman,Passengers vehicle (up to 9 seats),2,42,Male
Collision,2018-08-06 23:33,40,0,0,0,0,Two ways,dry,Jordan,class 3,asphalt,night with enough light,clear,flat straight,Violation of traffic rules,Amman,Passengers vehicle (up to 9 seats),2,34,Male
Collision,2018-08-06 23:37,60,0,0,0,0,Two ways with median island,dry,Jordan,class4,asphalt,night without enough light,clear,flat straight,Tailgating,Amman,Passengers vehicle (up to 9 seats),4,32,Male
Collision,2018-08-06 23:37,60,0,0,0,0,Two ways with median island,dry,Jordan,class 3,asphalt,night without enough light,clear,flat straight,Violation of traffic rules,Amman,Passengers vehicle (up to 9 seats),4,26,Male
Collision,2018-08-06 23:37,60,0,0,0,0,Two ways with median island,dry,KSA,unkown driver,asphalt,night without enough light,clear,flat straight,Violation of traffic rules,Amman,Passengers vehicle (up to 9 seats),4,118,Male
Collision,2018-08-06 23:37,60,0,0,0,0,Two ways with median island,dry,Jordan,class 3,asphalt,night without enough light,clear,flat straight,Violation of traffic rules,Amman,Passengers vehicle (up to 9 seats),4,30,Male
Collision,2018-08-06 23:36,40,0,0,0,0,Two ways,dry,Jordan,class5,asphalt,night with enough light,clear,flat straight,Violation of traffic rules,Zarqa,Passengers vehicle (up to 9 seats),2,48,Male
Collision,2018-08-06 23:36,40,0,0,0,0,Two ways,dry,Jordan,class 3,asphalt,night with enough light,clear,flat straight,Neglecting traffic safety precautions,Zarqa,Truck,2,118,Unkown
Collision,2018-08-06 23:49,40,0,0,0,0,Two ways with median island,dry,Jordan,class 3,asphalt,day,clear,flat straight,Violation of traffic rules,Mafraq,Passenger and cargo vehicle,2,30,Male
Collision,2018-08-06 23:49,40,0,0,0,0,Two ways with median island,dry,Jordan,class 3,asphalt,day,clear,flat straight,Violation of traffic rules,Mafraq,Passenger and cargo vehicle,2,22,Male
Collision,2018-08-06 23:52,50,0,0,0,0,Two ways,dry,Jordan,class 3,asphalt,night without enough light,clear,flat straight,Tailgating,Irbid,Passengers vehicle (up to 9 seats),2,20,Unkown
Collision,2018-08-06 23:52,50,0,0,0,0,Two ways,dry,Jordan,class 3,asphalt,night without enough light,clear,flat straight,Violation of traffic rules,Irbid,Passengers vehicle (up to 9 seats),2,29,Male
Collision,2018-08-06 23:54,40,1,0,0,0,Two ways with median island,dry,Jordan,class 3,asphalt,sunset,clear,flat straight,Neglecting traffic safety precautions,Irbid,Passengers vehicle (up to 9 seats),1,46,Male
Collision,2018-05-06 13:59,40,0,0,0,0,Parking lot,dry,Jordan,class 6ab,asphalt,day,clear,flat straight,Neglecting traffic safety precautions,Amman,Bus (> 30 seats),1,47,Male
Run over,2018-06-06 20:04,30,1,0,0,0,Two ways,dry,Jordan,class 3,asphalt,day,clear,flat straight,Neglecting traffic safety precautions,Irbid,Passenger and cargo vehicle,1,43,Male
Collision,2018-06-09 0:30,40,0,0,0,0,Two ways with median island,dry,Jordan,class 3,asphalt,night with enough light,clear,flat straight,Violation of traffic rules,Amman,Passengers vehicle (up to 9 seats),3,22,Male
Collision,2018-06-09 0:30,40,0,0,0,0,Two ways with median island,dry,Jordan,class 3,asphalt,night with enough light,clear,flat straight,Violation of traffic rules,Amman,Passengers vehicle (up to 9 seats),3,24,Male
Collision,2018-06-09 0:30,40,0,0,0,0,Two ways with median island,dry,Jordan,class 3,asphalt,night with enough light,clear,flat straight,Tailgating,Amman,Passengers vehicle (up to 9 seats),3,0,Male
Collision,2018-06-09 9:00,40,0,0,0,0,Two ways with median island,dry,Jordan,class4,asphalt,day,clear,flat straight,Tailgating,Irbid,Passengers vehicle (up to 9 seats),2,25,Male
Collision,2018-06-09 9:00,40,0,0,0,0,Two ways with median island,dry,Jordan,class 3,asphalt,day,clear,flat straight,Violation of traffic rules,Irbid,Passengers vehicle (up to 9 seats),2,31,Male
Collision,2018-08-09 2:53,60,1,0,0,0,Two ways with median island,dry,Jordan,class 3,asphalt,night without enough light,clear,flat straight,Sharp curved,Balqa,Passenger and cargo vehicle,1,36,Male
Collision,2018-07-09 20:08,30,0,0,0,0,Public Parks,dry,UAE,unkown driver,asphalt,night without enough light,clear,flat straight,Neglecting traffic safety precautions,Zarqa,Trailer private use,2,118,Male
Collision,2018-07-09 20:08,30,0,0,0,0,Public Parks,dry,KSA,unkown driver,asphalt,night without enough light,clear,flat straight,Violation of traffic rules,Zarqa,Trailer private use,2,118,Male
Collision,2018-07-09 8:02,80,0,0,0,0,Two ways with median island,dry,Jordan,class4,asphalt,day,clear,flat straight,Open door while driving or parking,Amman,Passenger and cargo vehicle,2,26,Male
Collision,2018-07-09 8:02,80,0,0,0,0,Two ways with median island,dry,Jordan,unkown driver,asphalt,day,clear,flat straight,Violation of traffic rules,Amman,Passengers vehicle (up to 9 seats),2,118,Unkown
Collision,2018-08-09 13:07,60,0,0,0,1,Two ways,dry,Jordan,class 3,asphalt,day,clear,flat straight,Neglecting traffic safety precautions,Mafraq,Passenger and cargo vehicle,1,45,Male
Collision,2018-08-09 12:16,60,0,0,0,0,Two ways,dry,Jordan,class4,asphalt,day,clear,flat straight,Improper reversing,Mafraq,Truck,2,51,Male
Collision,2018-08-09 12:16,60,0,0,0,0,Two ways,dry,Jordan,class4,asphalt,day,clear,flat straight,Violation of traffic rules,Mafraq,Truck,2,52,Male
Collision,2018-07-09 21:17,60,0,0,0,0,One way,dry,Jordan,class 3,asphalt,day,clear,flat straight,Open door while driving or parking,Mafraq,Truck,2,45,Male
Collision,2018-07-09 21:17,60,0,0,0,0,One way,dry,Jordan,class 3,asphalt,day,clear,flat straight,Violation of traffic rules,Mafraq,Truck,2,32,Male
Collision,2018-07-09 17:29,40,0,0,0,0,Two ways with median island,dry,Jordan,class 3,asphalt,day,clear,flat straight,Tailgating,Mafraq,Passenger and cargo vehicle,2,54,Male
Collision,2018-07-09 17:29,40,0,0,0,0,Two ways with median island,dry,Jordan,class 3,asphalt,day,clear,flat straight,Violation of traffic rules,Mafraq,Passengers vehicle (up to 9 seats),2,41,Male
Collision,2018-07-09 15:18,60,0,0,0,0,Two ways with median island,dry,Jordan,class 6ab,asphalt,day,clear,flat straight,Violation of traffic rules,Mafraq,Passenger and cargo vehicle,2,55,Male
Collision,2018-07-09 15:18,60,0,0,0,0,Two ways with median island,dry,Jordan,class 3,asphalt,day,clear,flat straight,Violation of traffic rules,Mafraq,Passenger and cargo vehicle,2,1,Male
Collision,2018-07-09 17:15,40,0,0,0,0,Two ways with median island,dry,Jordan,class 3 auto,asphalt,night with enough light,clear,flat straight,Violation of traffic rules,al-karak,Passengers vehicle (up to 9 seats),2,20,Unkown
Collision,2018-07-09 17:15,40,0,0,0,0,Two ways with median island,dry,Jordan,class 3,asphalt,night with enough light,clear,flat straight,Violation of traffic rules,al-karak,Passengers vehicle (up to 9 seats),2,45,Female
Collision,2018-05-09 10:53,60,0,0,0,0,Two ways with median island,dry,Jordan,class5,asphalt,night with enough light,clear,flat straight,Violation of traffic rules,Mafraq,Passengers vehicle (up to 9 seats),2,33,Male
Collision,2018-05-09 10:53,60,0,0,0,0,Two ways with median island,dry,Jordan,class 3,asphalt,night with enough light,clear,flat straight,Tailgating,Mafraq,Passengers vehicle (up to 9 seats),2,18,Male
Collision,2018-08-09 23:53,40,0,0,0,0,Public Parks,sandy,Jordan,class 6ab,Dirt,night without enough light,clear,flat straight,Neglecting traffic safety precautions,Aqaba,Trailer private use,2,62,Male
Collision,2018-08-09 23:53,40,0,0,0,0,Public Parks,sandy,Jordan,class 6ab,Dirt,night without enough light,clear,flat straight,Neglecting traffic safety precautions,Aqaba,Trailer private use,2,48,Male
Collision,2018-05-09 15:07,40,0,0,0,0,Two ways with median island,dry,Jordan,class4,asphalt,day,clear,flat straight,Unsafe Parking,Zarqa,Truck,1,38,Male
Collision,2018-05-09 13:26,40,0,0,0,0,Two ways with median island,dry,Jordan,class 3,asphalt,day,clear,flat straight,Violation of traffic rules,Irbid,Passengers vehicle (up to 9 seats),2,45,Male
Collision,2018-05-09 13:26,40,0,0,0,0,Two ways with median island,dry,Jordan,class5,asphalt,day,clear,flat straight,Violation of traffic rules,Irbid,Passengers vehicle (up to 9 seats),2,38,Male
Collision,2018-05-09 13:35,50,0,0,0,0,Two ways,dry,Jordan,class 3,asphalt,day,clear,flat straight,Violation of traffic rules,Irbid,Passengers vehicle (up to 9 seats),2,37,Male
Collision,2018-05-09 13:35,50,0,0,0,0,Two ways,dry,Jordan,class 3,asphalt,day,clear,flat straight,Open door while driving or parking,Irbid,Passenger and cargo vehicle,2,52,Male
Collision,2018-05-09 19:40,40,0,0,0,0,Two ways,dry,Jordan,class 3,asphalt,night with enough light,clear,flat straight,Neglecting traffic safety precautions,Irbid,Passenger and cargo vehicle,2,47,Female
Collision,2018-05-09 19:40,40,0,0,0,0,Two ways,dry,Jordan,class 3,asphalt,night with enough light,clear,flat straight,Violation of traffic rules,Irbid,Passengers vehicle (up to 9 seats),2,32,Male
Collision,2018-05-09 17:27,60,0,0,0,0,Two ways,dry,Jordan,class 3 auto,asphalt,day,clear,flat straight,Tailgating,Amman,Passengers vehicle (up to 9 seats),2,34,Female
Collision,2018-05-09 17:27,60,0,0,0,0,Two ways,dry,Jordan,class 3,asphalt,day,clear,flat straight,Violation of traffic rules,Amman,Passengers vehicle (up to 9 seats),2,44,Female
Collision,2018-05-09 8:10,40,0,0,0,0,Two ways,dry,Jordan,class 3,asphalt,day,clear,straight ramp,Violation of traffic rules,Tafila,Passengers vehicle (up to 9 seats),2,38,Male
Collision,2018-05-09 8:10,40,0,0,0,0,Two ways,dry,Jordan,class 3,asphalt,day,clear,straight ramp,Violation of traffic rules,Tafila,Passengers vehicle (up to 9 seats),2,47,Female
Collision,2018-08-09 9:06,60,0,0,0,0,Two ways with median island,dry,Jordan,class 6a,asphalt,day,clear,flat straight,Improper lane changes,Zarqa,Truck,2,42,Male
Collision,2018-08-09 9:06,60,0,0,0,0,Two ways with median island,dry,Jordan,class 3,asphalt,day,clear,flat straight,Violation of traffic rules,Zarqa,Passengers vehicle (up to 9 seats),2,53,Male
Collision,2018-06-09 15:40,60,0,0,0,0,Two ways with median island,dry,Jordan,class 3,asphalt,day,clear,flat straight,Violation of traffic rules,Irbid,Passengers vehicle (up to 9 seats),2,73,Male
Collision,2018-06-09 15:40,60,0,0,0,0,Two ways with median island,dry,Jordan,class 3,asphalt,day,clear,flat straight,Violation of traffic rules,Irbid,Passengers vehicle (up to 9 seats),2,70,Male
Collision,2018-06-09 7:30,70,0,0,0,0,Two ways with median island,dry,Jordan,class 6a,asphalt,day,clear,flat straight,Violation of traffic rules,Zarqa,Passengers vehicle (up to 9 seats),3,29,Male
Collision,2018-06-09 7:30,70,0,0,0,0,Two ways with median island,dry,Jordan,class 3,asphalt,day,clear,flat straight,Violation of traffic rules,Zarqa,Passengers vehicle (up to 9 seats),3,63,Male
Collision,2018-06-09 7:30,70,0,0,0,0,Two ways with median island,dry,Jordan,class 3,asphalt,day,clear,flat straight,Tailgating,Zarqa,Passengers vehicle (up to 9 seats),3,19,Male
Collision,2018-07-09 9:41,10,0,0,0,0,Public Parks,dry,Jordan,class 3,asphalt,day,clear,flat straight,Improper reversing,al-karak,Truck,1,22,Male
Collision,2018-05-09 15:20,60,0,0,0,0,Two ways with median island,dry,Jordan,class5,asphalt,night with enough light,clear,flat curved,Violation of traffic rules,Mafraq,Passenger and cargo vehicle,2,52,Male
Collision,2018-05-09 15:20,60,0,0,0,0,Two ways with median island,dry,Jordan,class 3,asphalt,night with enough light,clear,flat curved,Neglecting traffic safety precautions,Mafraq,Passengers vehicle (up to 9 seats),2,42,Male
Collision,09-Jul-18,50,0,0,0,0,Two ways with median island,dry,Jordan,class 3,asphalt,night with enough light,clear,flat straight,Violation of traffic rules,Amman,Passengers vehicle (up to 9 seats),2,27,Male
Collision,09-Jul-18,50,0,0,0,0,Two ways with median island,dry,Jordan,class 3,asphalt,night with enough light,clear,flat straight,Violation of traffic rules,Amman,Passengers vehicle (up to 9 seats),2,0,Unkown
Collision,2018-06-09 8:19,40,0,0,0,0,Two ways with median island,dry,Jordan,class5,asphalt,day,clear,flat straight,Violation of traffic rules,Aqaba,Passengers Van or small bus (10 to 30 seats),2,48,Male
Collision,2018-06-09 8:19,40,0,0,0,0,Two ways with median island,dry,Jordan,class 3,asphalt,day,clear,flat straight,Violation of traffic rules,Aqaba,Passengers vehicle (up to 9 seats),2,39,Female
Collision,2018-05-09 9:25,60,0,0,0,0,Two ways,dry,UAE,unkown driver,asphalt,night without enough light,clear,flat straight,Tailgating,al-karak,Passengers vehicle (up to 9 seats),2,25,Unkown
Collision,2018-05-09 9:25,60,0,0,0,0,Two ways,dry,Jordan,class 3,asphalt,night without enough light,clear,flat straight,Violation of traffic rules,al-karak,Passengers vehicle (up to 9 seats),2,28,Male
Collision,2018-05-09 2:06,10,0,0,0,0,Parking lot,dry,Jordan,class 3,asphalt,day,clear,flat straight,Improper reversing,al-karak,Passengers vehicle (up to 9 seats),1,62,Male
Collision,2018-05-09 12:30,50,0,0,0,0,Two ways with median island,dry,Jordan,class 3,asphalt,day,clear,flat straight,Improper lane changes,al-karak,Passengers vehicle (up to 9 seats),2,23,Male
Collision,2018-05-09 12:30,50,0,0,0,0,Two ways with median island,dry,Jordan,class 3,asphalt,day,clear,flat straight,Violation of traffic rules,al-karak,Passengers vehicle (up to 9 seats),2,20,Male
Collision,2018-06-09 15:15,70,0,0,0,0,Two ways with median island,dry,Jordan,class 3,asphalt,day,clear,flat straight,Violation of traffic rules,al-karak,Passengers vehicle (up to 9 seats),2,60,Male
Collision,2018-06-09 15:15,70,0,0,0,0,Two ways with median island,dry,Jordan,class 3,asphalt,day,clear,flat straight,Improper lane changes,al-karak,Passengers vehicle (up to 9 seats),2,33,Female
Collision,2018-05-09 22:47,50,0,0,0,0,Two ways with median island,dry,Jordan,class4,asphalt,night with enough light,clear,flat straight,Neglecting traffic safety precautions,al-karak,Truck,2,23,Male
Collision,2018-05-09 22:47,50,0,0,0,0,Two ways with median island,dry,Jordan,class 3,asphalt,night with enough light,clear,flat straight,Violation of traffic rules,al-karak,Passengers vehicle (up to 9 seats),2,44,Male
Collision,2018-05-09 10:37,60,0,0,0,0,One way,dry,Jordan,class 3,asphalt,day,clear,flat straight,Tailgating,Amman,Passengers vehicle (up to 9 seats),2,25,Male
Collision,2018-05-09 10:37,60,0,0,0,0,One way,dry,Jordan,class 3,asphalt,day,clear,flat straight,Violation of traffic rules,Amman,Passengers vehicle (up to 9 seats),2,37,Male
Collision,2018-05-09 11:31,60,0,0,0,0,Two ways with median island,dry,Jordan,class5,asphalt,day,clear,flat straight,Neglecting traffic safety precautions,Mafraq,Passengers vehicle (up to 9 seats),1,48,Male
Collision,2018-05-09 9:35,40,0,0,0,0,Two ways,dry,Jordan,class 3,asphalt,night with enough light,clear,flat straight,Violation of traffic rules,Amman,Passengers vehicle (up to 9 seats),3,50,Male
Collision,2018-05-09 9:35,40,0,0,0,0,Two ways,dry,Jordan,class 3 auto,asphalt,night with enough light,clear,flat straight,Tailgating,Amman,Passengers vehicle (up to 9 seats),3,30,Male
Collision,2018-05-09 9:35,40,0,0,0,0,Two ways,dry,Jordan,class 3,asphalt,night with enough light,clear,flat straight,Violation of traffic rules,Amman,Passengers vehicle (up to 9 seats),3,35,Male
Collision,2018-06-09 8:15,30,0,0,0,0,Public Parks,dry,Jordan,class5,Dirt,day,clear,flat straight,Violation of traffic rules,Aqaba,Truck,2,36,Male
Collision,2018-06-09 8:15,30,0,0,0,0,Public Parks,dry,Jordan,class 3,Dirt,day,clear,flat straight,Improper reversing,Aqaba,Truck,2,0,Unkown
Collision,2018-06-09 1:27,40,0,0,0,0,Two ways with median island,dry,Jordan,class 6a,asphalt,day,clear,flat straight,Improper lane changes,Amman,Passengers vehicle (up to 9 seats),2,48,Male
Collision,2018-06-09 1:27,40,0,0,0,0,Two ways with median island,dry,Jordan,class5,asphalt,day,clear,flat straight,Violation of traffic rules,Amman,Truck,2,28,Male
Collision,2018-05-09 8:15,80,0,0,0,0,Two ways,dry,Jordan,class4,asphalt,day,clear,flat straight,Violation of traffic rules,Amman,Passengers vehicle (up to 9 seats),2,38,Male
Collision,2018-05-09 8:15,80,0,0,0,0,Two ways,dry,Jordan,class5,asphalt,day,clear,flat straight,Violation of traffic rules,Amman,Passengers Van or small bus (10 to 30 seats),2,40,Male
Collision,2018-05-09 22:12,40,0,0,0,0,Two ways with median island,dry,Jordan,class 3,asphalt,day,clear,flat straight,Tailgating,Amman,Passengers vehicle (up to 9 seats),2,40,Female
Collision,2018-05-09 22:12,40,0,0,0,0,Two ways with median island,dry,Jordan,class 3,asphalt,day,clear,flat straight,Violation of traffic rules,Amman,Passengers vehicle (up to 9 seats),2,35,Male
Collision,2018-05-09 8:05,40,0,0,0,0,Two ways with median island,dry,Jordan,class4,asphalt,day,clear,flat straight,Violation of traffic rules,Amman,Passenger and cargo vehicle,2,21,Male
Collision,2018-05-09 8:05,40,0,0,0,0,Two ways with median island,dry,Jordan,class 3 auto,asphalt,day,clear,flat straight,Violation of traffic rules,Amman,Passengers vehicle (up to 9 seats),2,0,Female
Collision,2018-05-09 9:02,70,0,0,0,0,Two ways with median island,dry,Jordan,class 3,asphalt,day,clear,flat straight,Improper lane changes,Amman,Passengers vehicle (up to 9 seats),2,38,Male
Collision,2018-05-09 9:02,70,0,0,0,0,Two ways with median island,dry,Jordan,class5,asphalt,day,clear,flat straight,Violation of traffic rules,Amman,Passengers vehicle (up to 9 seats),2,62,Male
Collision,2018-06-09 13:41,40,0,0,0,0,Two ways,dry,Jordan,class4,asphalt,day,clear,flat straight,Violation of traffic rules,Amman,Passengers vehicle (up to 9 seats),2,57,Male
Collision,2018-06-09 13:41,40,0,0,0,0,Two ways,dry,Jordan,class 3 auto,asphalt,day,clear,flat straight,Violation of traffic rules,Amman,Passengers vehicle (up to 9 seats),2,29,Female
Collision,2018-07-09 20:21,40,0,0,0,0,Two ways,dry,Jordan,class 3,asphalt,day,clear,flat straight,Violation of traffic rules,Balqa,Passengers vehicle (up to 9 seats),2,0,Unkown
Collision,2018-07-09 20:21,40,0,0,0,0,Two ways,dry,Jordan,class5,asphalt,day,clear,flat straight,Improper reversing,Balqa,Passengers Van or small bus (10 to 30 seats),2,31,Male
Collision,2018-08-09 12:37,40,0,0,0,0,Two ways with median island,dry,Jordan,class 3,asphalt,day,clear,flat straight,Violation of traffic rules,Ajloun,Passenger and cargo vehicle,2,36,Male
Collision,2018-08-09 12:37,40,0,0,0,0,Two ways with median island,dry,Jordan,class 3,asphalt,day,clear,flat straight,Wrong way driving,Ajloun,Truck,2,27,Male
Collision,2018-07-09 22:38,40,0,0,0,0,Two ways,dry,Jordan,class4,asphalt,night with enough light,clear,flat straight,Violation of traffic rules,Ajloun,Passengers vehicle (up to 9 seats),2,35,Male
Collision,2018-07-09 22:38,40,0,0,0,0,Two ways,dry,Jordan,class 3,asphalt,night with enough light,clear,flat straight,Violation of traffic rules,Ajloun,Passengers vehicle (up to 9 seats),2,28,Male
Collision,2018-07-09 17:38,60,0,0,0,1,Two ways,dry,Jordan,class 3,asphalt,night without enough light,clear,flat straight,Violation of traffic rules,Ajloun,Passengers vehicle (up to 9 seats),2,44,Male
Collision,2018-07-09 17:38,60,0,0,0,1,Two ways,dry,Jordan,class 3,asphalt,night without enough light,clear,flat straight,Violation of traffic rules,Ajloun,Passengers vehicle (up to 9 seats),2,35,Male
Collision,2018-06-09 22:23,40,0,0,0,0,Two ways,dry,Jordan,class7,asphalt,night with enough light,clear,flat straight,Violation of traffic rules,Ajloun,Passengers vehicle (up to 9 seats),2,40,Male
Collision,2018-06-09 22:23,40,0,0,0,0,Two ways,dry,Jordan,class 3,asphalt,night with enough light,clear,flat straight,Violation of traffic rules,Ajloun,Passengers vehicle (up to 9 seats),2,27,Male
Collision,2018-06-09 14:40,40,0,0,0,0,Two ways,dry,Jordan,class 3,asphalt,day,clear,flat straight,Violation of traffic rules,Ajloun,Passenger and cargo vehicle,2,43,Male
Collision,2018-06-09 14:40,40,0,0,0,0,Two ways,dry,Jordan,class 3,asphalt,day,clear,flat straight,Violation of traffic rules,Ajloun,Passenger and cargo vehicle,2,21,Male
Collision,2018-06-09 12:32,50,0,0,0,0,Two ways,dry,Jordan,class 3,asphalt,day,clear,flat straight,Violation of traffic rules,Ajloun,Passengers vehicle (up to 9 seats),2,42,Female
Collision,2018-06-09 12:32,50,0,0,0,0,Two ways,dry,Jordan,class 3,asphalt,day,clear,flat straight,Violation of traffic rules,Ajloun,Passengers vehicle (up to 9 seats),2,0,Unkown
Collision,2018-05-09 7:35,40,0,0,0,0,Two ways,dry,Jordan,class 3,concrrete,day,clear,flat straight,Violation of traffic rules,Amman,Passengers vehicle (up to 9 seats),2,21,Male
Collision,2018-05-09 7:35,40,0,0,0,0,Two ways,dry,Jordan,class 3,concrrete,day,clear,flat straight,Tailgating,Amman,Passengers vehicle (up to 9 seats),2,24,Male
Collision,2018-05-09 11:10,40,0,0,0,0,Two ways,dry,Jordan,class 3,asphalt,day,clear,flat straight,Violation of traffic rules,Amman,Passengers vehicle (up to 9 seats),2,0,Unkown
Collision,2018-05-09 11:10,40,0,0,0,0,Two ways,dry,Jordan,class 6ab,asphalt,day,clear,flat straight,Improper reversing,Amman,Truck,2,43,Male
Collision,2018-07-09 19:49,40,0,0,0,0,Two ways,dry,Jordan,class5,asphalt,night with enough light,clear,flat straight,Violation of traffic rules,Balqa,Passengers Van or small bus (10 to 30 seats),2,59,Male
Collision,2018-07-09 19:49,40,0,0,0,0,Two ways,dry,Jordan,class5,asphalt,night with enough light,clear,flat straight,Violation of traffic rules,Balqa,Passengers vehicle (up to 9 seats),2,27,Male
Collision,2018-05-09 7:35,40,0,0,0,1,Two ways,dry,Jordan,class 3,asphalt,day,clear,flat straight,Improper reversing,Amman,Truck,1,27,Male
Collision,2018-05-09 7:30,50,0,0,0,0,One way,dry,Jordan,class 3,asphalt,night with enough light,clear,flat straight,Running a stop sign,Amman,Passengers vehicle (up to 9 seats),2,54,Male