Accident Type,Date,Speed (Km),Simple Injuries,Severe Injuries,Death,Medium Injuries,Road Lanes,Road Surfuce Description,Vehicle Country,Driver Licensee Type,Road Type,Light,Weather,Road Proerties,Driver Mistake,City,Vehicle type,Number of Cars,Driver Age,Sex
Collision,2018-05-09 18:00,60,0,0,0,0,Two ways with median island,dry,Jordan,class 3 auto,asphalt,day,clear,flat straight,Violation of traffic rules,Amman,Passengers vehicle (up to 9 seats),2,25,Female
Collision,2018-05-09 17:17,50,0,0,0,0,Two ways,dry,Jordan,class 3,asphalt,day,clear,flat straight,Tailgating,Amman,Passengers vehicle (up to 9 seats),2,48,Male
Collision,2018-05-09 17:17,50,0,0,0,0,Two ways,dry,Jordan,class 3 auto,asphalt,day,clear,flat straight,Violation of traffic rules,Amman,Passengers vehicle (up to 9 seats),2,32,Female
Collision,2018-05-09 17:20,40,0,0,0,0,Two ways,dry,Jordan,class 3,asphalt,day,clear,flat straight,Improper reversing,Amman,Passengers vehicle (up to 9 seats),2,31,Male
Collision,2018-05-09 17:20,40,0,0,0,0,Two ways,dry,Jordan,class 3,asphalt,day,clear,flat straight,Violation of traffic rules,Amman,Passengers vehicle (up to 9 seats),2,28,Male
Collision,2018-05-09 17:00,40,0,0,0,0,Two ways with median island,dry,Jordan,class4,asphalt,day,clear,flat straight,Tailgating,Madaba,Passengers vehicle (up to 9 seats),2,38,Male
Collision,2018-05-09 17:00,40,0,0,0,0,Two ways with median island,dry,Jordan,unkown driver,asphalt,day,clear,flat straight,Violation of traffic rules,Madaba,Passengers Van or small bus (10 to 30 seats),2,34,Male
Collision,2018-05-09 17:22,60,0,0,0,0,Two ways with median island,dry,Jordan,class 3,asphalt,day,clear,flat straight,Violation of traffic rules,Amman,Passengers vehicle (up to 9 seats),2,67,Female
Collision,2018-05-09 17:22,60,0,0,0,0,Two ways with median island,dry,Jordan,class 3,asphalt,day,clear,flat straight,Improper reversing,Amman,Passengers vehicle (up to 9 seats),2,25,Male
Collision,2018-05-09 17:22,40,0,0,0,0,Two ways,dry,Jordan,class 3 auto,asphalt,day,clear,flat straight,Violation of traffic rules,Irbid,Passengers vehicle (up to 9 seats),2,67,Male
Collision,2018-05-09 17:22,40,0,0,0,0,Two ways,dry,Jordan,class 3,asphalt,day,clear,flat straight,"Speeding in school zone,innterssecctions and curved roads",Irbid,Passenger and cargo vehicle,2,0,Male
Collision,2018-05-09 17:22,50,0,0,0,0,Two ways with median island,dry,Jordan,class4,asphalt,day,clear,flat straight,Violation of traffic rules,Amman,Passengers vehicle (up to 9 seats),2,43,Male
Collision,2018-05-09 17:22,50,0,0,0,0,Two ways with median island,dry,Jordan,class 3,asphalt,day,clear,flat straight,Violation of traffic rules,Amman,Passenger and cargo vehicle,2,26,Male
Collision,2018-05-09 17:23,50,0,0,0,0,Two ways with median island,dry,Jordan,class 3,asphalt,sunset,clear,flat straight,Violation of traffic rules,Aqaba,Passengers vehicle (up to 9 seats),2,26,Male
Collision,2018-05-09 17:23,50,0,0,0,0,Two ways with median island,dry,Jordan,class 3,asphalt,sunset,clear,flat straight,Tailgating,Aqaba,Passengers vehicle (up to 9 seats),2,22,Male
Collision,2018-05-09 17:25,70,0,0,0,0,Two ways with median island,dry,Jordan,class5,asphalt,day,clear,flat straight,Violation of traffic rules,Amman,Truck,2,36,Male
Collision,2018-05-09 17:25,70,0,0,0,0,Two ways with median island,dry,Jordan,class 3 auto,asphalt,day,clear,flat straight,Neglecting traffic safety precautions,Amman,Passengers vehicle (up to 9 seats),2,24,Male
Collision,2018-05-09 17:28,40,0,0,0,0,Parking lot,dry,Jordan,class 3,asphalt,day,clear,flat straight,Violation of traffic rules,Amman,Truck,2,0,Unkown
Collision,2018-05-09 17:28,40,0,0,0,0,Parking lot,dry,Jordan,class 3,asphalt,day,clear,flat straight,Improper reversing,Amman,Passenger and cargo vehicle,2,0,Male
Collision,2018-05-09 17:27,40,0,0,0,0,Two ways with median island,dry,Jordan,class 3,asphalt,day,clear,flat straight,Violation of traffic rules,Amman,Passenger and cargo vehicle,2,25,Male
Collision,2018-05-09 17:27,40,0,0,0,0,Two ways with median island,dry,Jordan,class 3,asphalt,day,clear,flat straight,Improper lane changes,Amman,Passengers vehicle (up to 9 seats),2,47,Male
Collision,2018-05-09 17:29,40,1,0,0,0,Two ways with median island,dry,Jordan,class4,asphalt,day,clear,flat straight,Violation of traffic rules,Irbid,Passengers vehicle (up to 9 seats),2,35,Male
Collision,2018-05-09 17:29,40,1,0,0,0,Two ways with median island,dry,Jordan,class4,asphalt,day,clear,flat straight,Tailgating,Irbid,Passengers vehicle (up to 9 seats),2,26,Male
Collision,2018-05-09 17:29,50,0,0,0,0,Two ways,dry,Jordan,class 3,asphalt,day,clear,flat straight,Open door while driving or parking,Irbid,Passengers vehicle (up to 9 seats),2,37,Male
Collision,2018-05-09 17:29,50,0,0,0,0,Two ways,dry,Jordan,class4,asphalt,day,clear,flat straight,Violation of traffic rules,Irbid,Passengers vehicle (up to 9 seats),2,0,Male
Collision,2018-05-09 17:30,60,0,0,0,0,One way,dry,Jordan,class 3,asphalt,day,clear,flat straight,Violation of traffic rules,Amman,Passengers vehicle (up to 9 seats),2,0,Unkown
Collision,2018-05-09 17:30,60,0,0,0,0,One way,dry,Jordan,class 3,asphalt,day,clear,flat straight,Neglecting traffic safety precautions,Amman,Passengers vehicle (up to 9 seats),2,29,Female
Collision,2018-05-09 17:30,60,0,0,0,0,Two ways with median island,dry,Jordan,class 3,asphalt,day,clear,flat straight,Violation of traffic rules,Irbid,Passengers vehicle (up to 9 seats),2,62,Male
Collision,2018-05-09 17:30,60,0,0,0,0,Two ways with median island,dry,Jordan,class 3,asphalt,day,clear,flat straight,Neglecting traffic safety precautions,Irbid,Truck,2,47,Male
Collision,2018-05-09 17:32,40,0,0,0,0,Two ways,dry,Jordan,class4,asphalt,day,clear,flat straight,Violation of traffic rules,Zarqa,Passengers vehicle (up to 9 seats),2,57,Male
Collision,2018-05-09 17:32,40,0,0,0,0,Two ways,dry,Jordan,class 3,asphalt,day,clear,flat straight,Violation of traffic rules,Zarqa,Passenger and cargo vehicle,2,65,Male
Collision,2018-05-09 17:33,50,1,0,0,0,Two ways,dry,Jordan,class 3,asphalt,day,clear,flat straight,Improper lane changes,Amman,Passengers vehicle (up to 9 seats),2,31,Male
Collision,2018-05-09 17:33,50,1,0,0,0,Two ways,dry,Jordan,class 3,asphalt,day,clear,flat straight,Violation of traffic rules,Amman,Passengers vehicle (up to 9 seats),2,118,Unkown
Collision,2018-06-09 15:37,60,0,0,0,0,Two ways,dry,Jordan,class 3,asphalt,day,clear,flat straight,Neglecting traffic safety precautions,Amman,Passengers vehicle (up to 9 seats),2,34,Female
Collision,2018-06-09 15:37,60,0,0,0,0,Two ways,dry,Jordan,class 3,asphalt,day,clear,flat straight,Violation of traffic rules,Amman,Passengers vehicle (up to 9 seats),2,23,Male
Collision,2018-05-09 17:38,60,0,0,0,0,Two ways with median island,dry,Jordan,class4,asphalt,day,clear,flat straight,Violation of traffic rules,Amman,Trailer private use,2,26,Male
Collision,2018-05-09 17:38,60,0,0,0,0,Two ways with median island,dry,Jordan,class 3,asphalt,day,clear,flat straight,Neglecting traffic safety precautions,Amman,Passenger and cargo vehicle,2,37,Male
Collision,2018-05-09 17:39,60,0,0,0,0,Two ways,dry,Jordan,class 3,asphalt,day,clear,flat straight,Neglecting traffic safety precautions,Amman,Passengers vehicle (up to 9 seats),1,46,Male
Collision,2018-05-09 17:40,40,0,0,0,0,Two ways with median island,dry,Jordan,class 3,asphalt,day,clear,flat straight,Violation of traffic rules,Amman,Passengers vehicle (up to 9 seats),2,31,Male
Collision,2018-05-09 17:40,40,0,0,0,0,Two ways with median island,dry,Jordan,class 3,asphalt,day,clear,flat straight,Violation of traffic rules,Amman,Passengers vehicle (up to 9 seats),2,33,Male
Collision,2018-05-09 17:42,50,0,0,0,0,Two ways with median island,dry,Jordan,class4,asphalt,day,clear,flat straight,Tailgating,Amman,Passenger and cargo vehicle,2,43,Male
Collision,2018-05-09 17:42,50,0,0,0,0,Two ways with median island,dry,Jordan,class 3,asphalt,day,clear,flat straight,Violation of traffic rules,Amman,Passengers vehicle (up to 9 seats),2,33,Male
Collision,2018-05-09 17:48,60,0,0,0,0,Two ways with median island,dry,Jordan,class 3,asphalt,day,clear,flat straight,Violation of traffic rules,Amman,Passengers vehicle (up to 9 seats),2,0,Unkown
Collision,2018-05-09 17:48,60,0,0,0,0,Two ways with median island,dry,Jordan,class 3,asphalt,day,clear,flat straight,Open door while driving or parking,Amman,Passengers vehicle (up to 9 seats),2,0,Male
Collision,2018-05-09 17:49,30,0,0,0,0,Two ways,dry,Jordan,class4,asphalt,day,clear,flat straight,Violation of traffic rules,Amman,Passengers vehicle (up to 9 seats),2,36,Male
Collision,2018-05-09 17:49,30,0,0,0,0,Two ways,dry,Jordan,class 3,asphalt,day,clear,flat straight,Improper reversing,Amman,Passenger and cargo vehicle,2,24,Male
Collision,2018-05-09 17:48,50,0,0,0,0,Two ways with median island,dry,Jordan,class4,asphalt,day,clear,flat straight,Violation of traffic rules,Irbid,Truck,2,35,Female
Collision,2018-05-09 17:48,50,0,0,0,0,Two ways with median island,dry,Jordan,class 3,asphalt,day,clear,flat straight,Violation of traffic rules,Irbid,Passengers vehicle (up to 9 seats),2,38,Male
Collision,2018-05-09 17:49,40,0,0,0,0,Two ways,dry,Jordan,class 3,asphalt,day,clear,flat straight,Neglecting traffic safety precautions,Amman,Passengers vehicle (up to 9 seats),1,44,Male
Collision,2018-05-09 17:51,30,0,0,0,0,Two ways,dry,KSA,unkown driver,asphalt,day,clear,flat straight,Tailgating,Amman,Truck with trailer,2,24,Male
Collision,2018-05-09 17:51,30,0,0,0,0,Two ways,dry,Jordan,class 3,asphalt,day,clear,flat straight,Violation of traffic rules,Amman,Passenger and cargo vehicle,2,24,Male
Collision,2018-05-09 17:53,30,0,0,0,0,Two ways,dry,Jordan,class 6ab,asphalt,sunset,clear,flat straight,Violation of traffic rules,Zarqa,Passengers vehicle (up to 9 seats),2,38,Male
Collision,2018-05-09 17:53,30,0,0,0,0,Two ways,dry,Jordan,class 3,asphalt,sunset,clear,flat straight,Neglecting traffic safety precautions,Zarqa,Truck,2,48,Male
Collision,2018-05-09 17:53,70,0,0,0,0,Two ways with median island,dry,Jordan,class 3 auto,asphalt,day,clear,flat straight,Tailgating,Amman,Passengers vehicle (up to 9 seats),2,27,Male
Collision,2018-05-09 17:53,70,0,0,0,0,Two ways with median island,dry,Jordan,class 3,asphalt,day,clear,flat straight,Violation of traffic rules,Amman,Passengers vehicle (up to 9 seats),2,30,Male
Collision,2018-05-09 17:54,30,0,0,0,0,Two ways with median island,dry,Jordan,class5,asphalt,day,clear,flat straight,Violation of traffic rules,Irbid,Passengers vehicle (up to 9 seats),2,66,Male
Collision,2018-05-09 17:54,30,0,0,0,0,Two ways with median island,dry,Jordan,class 3,asphalt,day,clear,flat straight,Improper reversing,Irbid,Truck,2,23,Male
Collision,2018-05-09 17:55,40,0,0,0,0,Two ways with median island,dry,KSA,unkown driver,asphalt,day,clear,flat straight,Tailgating,Amman,Passengers vehicle (up to 9 seats),2,118,Unkown
Collision,2018-05-09 17:55,40,0,0,0,0,Two ways with median island,dry,Jordan,class 3,asphalt,day,clear,flat straight,Violation of traffic rules,Amman,Truck,2,24,Male
Collision,2018-05-09 17:56,50,0,0,0,0,Two ways,dry,Jordan,class 3,asphalt,day,clear,flat straight,Violation of traffic rules,Amman,Passengers vehicle (up to 9 seats),2,39,Male
Collision,2018-05-09 17:56,50,0,0,0,0,Two ways,dry,Jordan,class 3,asphalt,day,clear,flat straight,Neglecting traffic safety precautions,Amman,Passengers vehicle (up to 9 seats),2,53,Male
Collision,2018-05-09 17:56,70,0,0,0,0,Two ways with median island,dry,Jordan,class4,asphalt,day,clear,flat straight,Improper reversing,Amman,Passengers vehicle (up to 9 seats),2,33,Male
Collision,2018-05-09 17:56,70,0,0,0,0,Two ways with median island,dry,Jordan,class 3 auto,asphalt,day,clear,flat straight,Violation of traffic rules,Amman,Passengers vehicle (up to 9 seats),2,27,Male
Collision,2018-05-09 17:35,40,0,0,0,0,Two ways,dry,Jordan,class 3,asphalt,day,clear,curved ramp,Violation of traffic rules,Tafila,Passengers vehicle (up to 9 seats),2,26,Male
Collision,2018-05-09 17:35,40,0,0,0,0,Two ways,dry,Jordan,class 3,asphalt,day,clear,curved ramp,Sharp curved,Tafila,Passengers vehicle (up to 9 seats),2,48,Male
Collision,2018-05-09 18:01,40,1,0,0,0,Two ways,dry,Jordan,class4,asphalt,day,clear,Upright curved,Violation of traffic rules,Irbid,Passengers vehicle (up to 9 seats),3,28,Male
Collision,2018-05-09 18:01,40,1,0,0,0,Two ways,dry,Jordan,class 3,asphalt,day,clear,Upright curved,Improper lane changes,Irbid,Passengers vehicle (up to 9 seats),3,32,Male
Collision,2018-05-09 18:04,40,0,0,0,0,Two ways,dry,Jordan,class 3,asphalt,day,clear,flat straight,Violation of traffic rules,Amman,Passengers vehicle (up to 9 seats),2,42,Female
Collision,2018-05-09 18:04,40,0,0,0,0,Two ways,dry,Jordan,class 3,asphalt,day,clear,flat straight,Neglecting traffic safety precautions,Amman,Passengers vehicle (up to 9 seats),2,27,Male
Collision,2018-11-06 21:52,60,0,0,0,0,Two ways with median island,dry,Jordan,class 3,asphalt,day,clear,flat straight,Violation of traffic rules,Amman,Passengers vehicle (up to 9 seats),2,0,Unkown
Collision,2018-05-09 18:07,40,0,0,0,0,Two ways,dry,Jordan,class 3,asphalt,day,clear,flat straight,Violation of traffic rules,Amman,Passengers vehicle (up to 9 seats),2,29,Female
Collision,2018-05-09 18:07,40,0,0,0,0,Two ways,dry,Jordan,class 3,asphalt,day,clear,flat straight,Violation of traffic rules,Amman,Passengers vehicle (up to 9 seats),2,40,Male
Collision,2018-05-09 18:08,30,0,0,0,0,One way,dry,Jordan,class 3 auto,asphalt,day,clear,flat straight,Violation of traffic rules,Amman,Passengers vehicle (up to 9 seats),2,0,Unkown
Collision,2018-05-09 18:08,30,0,0,0,0,One way,dry,Jordan,class 3,asphalt,day,clear,flat straight,Neglecting traffic safety precautions,Amman,Passengers vehicle (up to 9 seats),2,59,Male
Collision,2018-05-09 18:08,40,0,0,0,0,Two ways,dry,UAE,unkown driver,asphalt,day,clear,flat straight,Tailgating,Amman,Passengers vehicle (up to 9 seats),3,38,Male
Collision,2018-05-09 18:08,40,0,0,0,0,Two ways,dry,Jordan,class 3,asphalt,day,clear,flat straight,Violation of traffic rules,Amman,Passengers vehicle (up to 9 seats),3,41,Male
Collision,2018-05-09 18:08,40,0,0,0,0,Two ways,dry,Jordan,class 3,asphalt,day,clear,flat straight,Violation of traffic rules,Amman,Passengers vehicle (up to 9 seats),3,46,Male
Collision,2018-05-09 18:11,60,0,0,0,0,One way,dry,Jordan,class4,asphalt,day,clear,flat straight,Violation of traffic rules,Amman,Passengers vehicle (up to 9 seats),2,25,Male
Collision,2018-05-09 18:11,60,0,0,0,0,One way,dry,Jordan,class 3 auto,asphalt,day,clear,flat straight,Violation of traffic rules,Amman,Passengers vehicle (up to 9 seats),2,21,Female
Collision,2018-05-09 18:11,50,0,0,0,0,Two ways with median island,dry,Jordan,class 3,asphalt,day,clear,flat straight,Tailgating,Amman,Passengers vehicle (up to 9 seats),2,0,Unkown
Collision,2018-05-09 18:11,50,0,0,0,0,Two ways with median island,dry,Jordan,class4,asphalt,day,clear,flat straight,Violation of traffic rules,Amman,Passengers vehicle (up to 9 seats),2,55,Male
Collision,2018-05-09 18:12,50,0,0,0,0,Two ways with median island,dry,Jordan,class 6ab,asphalt,day,clear,flat straight,Improper lane changes,Irbid,Passengers vehicle (up to 9 seats),2,68,Male
Collision,2018-05-09 18:12,50,0,0,0,0,Two ways with median island,dry,Jordan,class 3,asphalt,day,clear,flat straight,Violation of traffic rules,Irbid,Truck,2,23,Male
Collision,2018-05-09 18:21,50,0,0,0,0,Two ways with median island,dry,Jordan,class 3,asphalt,day,clear,flat straight,Violation of traffic rules,Amman,Passengers vehicle (up to 9 seats),2,30,Male
Collision,2018-05-09 18:21,50,0,0,0,0,Two ways with median island,dry,Jordan,class 3,asphalt,day,clear,flat straight,Tailgating,Amman,Passengers vehicle (up to 9 seats),2,28,Male
Collision,2018-05-09 18:22,60,0,0,0,0,Two ways with median island,dry,Jordan,class 6a,asphalt,day,clear,straight ramp,Violation of traffic rules,Irbid,Truck,2,51,Male
Collision,2018-05-09 18:22,60,0,0,0,0,Two ways with median island,dry,Jordan,class 3,asphalt,day,clear,straight ramp,Tailgating,Irbid,Passengers vehicle (up to 9 seats),2,37,Male
Collision,2018-05-09 18:24,70,0,0,0,0,Two ways with median island,dry,Jordan,class4,asphalt,day,clear,flat straight,Tailgating,Amman,Passengers vehicle (up to 9 seats),3,26,Male
Collision,2018-11-06 22:20,60,0,0,0,0,Two ways,dry,Jordan,class 3,asphalt,night with enough light,clear,flat straight,Violation of traffic rules,Amman,Passengers vehicle (up to 9 seats),2,0,Unkown
Collision,2018-05-09 18:24,70,0,0,0,0,Two ways with median island,dry,Jordan,class 3,asphalt,day,clear,flat straight,Violation of traffic rules,Amman,Passengers vehicle (up to 9 seats),3,44,Male
Collision,2018-05-09 18:25,60,0,0,0,0,Two ways,dry,Jordan,class4,asphalt,day,clear,Upright straight,Violation of traffic rules,Amman,Passengers vehicle (up to 9 seats),3,24,Male
Collision,2018-05-09 18:25,60,0,0,0,0,Two ways,dry,Jordan,class 3,asphalt,day,clear,Upright straight,Tailgating,Amman,Passengers vehicle (up to 9 seats),3,46,Male
Collision,2018-05-09 18:25,60,0,0,0,0,Two ways,dry,Jordan,class4,asphalt,day,clear,Upright straight,Violation of traffic rules,Amman,Passengers vehicle (up to 9 seats),3,0,Unkown
Collision,2018-06-09 9:25,60,0,0,0,0,Two ways with median island,dry,Jordan,class 3,asphalt,day,clear,flat straight,Violation of traffic rules,Amman,Truck,2,28,Male
Collision,2018-06-09 9:25,60,0,0,0,0,Two ways with median island,dry,Jordan,class4,asphalt,day,clear,flat straight,Violation of traffic rules,Amman,Passenger and cargo vehicle,2,50,Male
Collision,2018-05-09 18:25,50,0,0,0,0,Two ways,dry,Jordan,class 3,asphalt,day,clear,flat straight,Improper lane changes,Zarqa,Passengers vehicle (up to 9 seats),2,0,Unkown
Collision,2018-05-09 18:25,50,0,0,0,0,Two ways,dry,Jordan,class 3,asphalt,day,clear,flat straight,Violation of traffic rules,Zarqa,Truck,2,42,Male
Collision,2018-05-09 13:35,50,0,0,0,0,Two ways,dry,Jordan,class 3,asphalt,day,clear,flat straight,Violation of traffic rules,Amman,Passengers vehicle (up to 9 seats),2,37,Female
Collision,2018-05-09 13:35,50,0,0,0,0,Two ways,dry,Jordan,class 3,asphalt,day,clear,flat straight,Tailgating,Amman,Passengers vehicle (up to 9 seats),2,27,Male
Collision,2018-05-09 18:29,40,0,0,0,0,Two ways,dry,Jordan,class7,asphalt,day,clear,flat straight,Improper reversing,Amman,Passengers vehicle (up to 9 seats),2,55,Male
Collision,2018-05-09 18:29,40,0,0,0,0,Two ways,dry,Jordan,class 3,asphalt,day,clear,flat straight,Violation of traffic rules,Amman,Passengers vehicle (up to 9 seats),2,23,Male
Collision,2018-05-09 18:29,50,0,0,0,0,Two ways with median island,dry,Jordan,class 3,asphalt,day,clear,flat straight,Tailgating,Amman,Passengers vehicle (up to 9 seats),2,44,Male
Collision,2018-05-09 18:29,50,0,0,0,0,Two ways with median island,dry,Jordan,class 3,asphalt,day,clear,flat straight,Violation of traffic rules,Amman,Passengers vehicle (up to 9 seats),2,36,Male
Collision,2018-06-09 10:30,60,0,0,0,0,Two ways,dry,Jordan,class 3,asphalt,sunset,clear,flat straight,Violation of traffic rules,Balqa,Truck,2,27,Male
Collision,2018-06-09 10:30,60,0,0,0,0,Two ways,dry,Jordan,class 3,asphalt,sunset,clear,flat straight,Improper lane changes,Balqa,Passengers vehicle (up to 9 seats),2,26,Male
Run over,2018-05-09 18:32,100,0,0,1,0,Two ways with median island,dry,Jordan,class 6ab,asphalt,day,clear,flat straight,Improper lane changes,Amman,Trailer private use,1,53,Male
Collision,2018-05-09 18:33,40,0,0,0,0,Two ways with median island,dry,Jordan,class 3,asphalt,sunset,clear,flat straight,Improper lane changes,Amman,Passengers vehicle (up to 9 seats),2,20,Male
Collision,2018-05-09 18:33,40,0,0,0,0,Two ways with median island,dry,Jordan,class 6ab,asphalt,sunset,clear,flat straight,Violation of traffic rules,Amman,Trailer private use,2,61,Male
Collision,2018-05-09 18:33,60,0,0,0,0,Two ways with median island,dry,Jordan,class 3,asphalt,day,clear,flat straight,Neglecting traffic safety precautions,Amman,Passengers vehicle (up to 9 seats),2,118,Unkown
Collision,2018-05-09 18:33,60,0,0,0,0,Two ways with median island,dry,Jordan,class 6ab,asphalt,day,clear,flat straight,Violation of traffic rules,Amman,Passengers vehicle (up to 9 seats),2,44,Male
Collision,2018-05-09 18:35,60,0,0,0,0,Two ways with median island,dry,Jordan,class 3,asphalt,day,clear,flat straight,Unsafe turnaround,Amman,Passenger and cargo vehicle,2,34,Male
Collision,2018-05-09 18:35,60,0,0,0,0,Two ways with median island,dry,Jordan,class 3,asphalt,day,clear,flat straight,Violation of traffic rules,Amman,Passengers vehicle (up to 9 seats),2,25,Male
Collision,2018-06-09 9:34,50,0,0,0,0,Two ways with median island,dry,Jordan,class 3,asphalt,day,clear,flat straight,Violation of traffic rules,Irbid,Truck,2,27,Male
Collision,2018-06-09 9:34,50,0,0,0,0,Two ways with median island,dry,Jordan,class 3,asphalt,day,clear,flat straight,Improper reversing,Irbid,Passengers vehicle (up to 9 seats),2,46,Male
Collision,2018-05-09 18:37,40,0,0,0,0,Two ways,dry,Jordan,class 3,asphalt,day,clear,flat straight,Violation of traffic rules,Amman,Passengers vehicle (up to 9 seats),2,28,Male
Collision,2018-05-09 18:37,40,0,0,0,0,Two ways,dry,Jordan,class 3,asphalt,day,clear,flat straight,Violation of traffic rules,Amman,Passengers vehicle (up to 9 seats),2,27,Female
Collision,2018-05-09 16:20,40,0,0,0,0,Two ways,dry,Jordan,class5,asphalt,day,clear,flat straight,Violation of traffic rules,Amman,Passengers vehicle (up to 9 seats),2,46,Male
Collision,2018-05-09 16:20,40,0,0,0,0,Two ways,dry,Jordan,class4,asphalt,day,clear,flat straight,Running a stop sign,Amman,Passengers vehicle (up to 9 seats),2,51,Male
Collision,2018-05-09 18:41,50,0,0,0,0,Two ways,dry,Jordan,class 3,asphalt,day,clear,flat straight,Violation of traffic rules,Amman,Passengers vehicle (up to 9 seats),2,0,Unkown
Collision,2018-05-09 18:41,50,0,0,0,0,Two ways,dry,Jordan,class 6ab,asphalt,day,clear,flat straight,Improper reversing,Amman,Trailer private use,2,59,Male
Collision,2018-05-09 18:42,40,0,0,0,0,Two ways,dry,Jordan,class 3 auto,asphalt,day,clear,flat straight,Violation of traffic rules,Amman,Passengers vehicle (up to 9 seats),2,23,Female
Collision,2018-05-09 18:42,40,0,0,0,0,Two ways,dry,Jordan,class 3,asphalt,day,clear,flat straight,Tailgating,Amman,Passengers vehicle (up to 9 seats),2,36,Male
Collision,2018-05-09 18:43,50,0,0,0,0,Two ways with median island,dry,Jordan,class4,asphalt,day,clear,flat straight,Violation of traffic rules,Amman,Passengers vehicle (up to 9 seats),2,29,Male
Collision,2018-05-09 18:43,50,0,0,0,0,Two ways with median island,dry,Jordan,class 3,asphalt,day,clear,flat straight,Violation of traffic rules,Amman,Passengers vehicle (up to 9 seats),2,54,Male
Collision,2018-05-09 21:45,60,0,0,0,0,One way,dry,Jordan,class4,asphalt,day,clear,flat straight,Tailgating,Amman,Passengers vehicle (up to 9 seats),2,56,Female
Collision,2018-05-09 21:45,60,0,0,0,0,One way,dry,Jordan,class 3,asphalt,day,clear,flat straight,Violation of traffic rules,Amman,Truck,2,23,Male
Collision,2018-05-09 18:47,40,0,0,0,0,Two ways,dry,Jordan,class4,asphalt,day,clear,flat straight,Improper reversing,Amman,Passengers vehicle (up to 9 seats),2,49,Male
Collision,2018-05-09 18:47,40,0,0,0,0,Two ways,dry,Jordan,class 3,asphalt,day,clear,flat straight,Violation of traffic rules,Amman,Passengers vehicle (up to 9 seats),2,29,Male
Collision,2018-05-09 18:48,30,0,0,0,0,Two ways,dry,Jordan,class 3,asphalt,day,clear,flat straight,Violation of traffic rules,Amman,Passengers vehicle (up to 9 seats),2,33,Female
Collision,2018-05-09 18:48,30,0,0,0,0,Two ways,dry,Jordan,class 3,asphalt,day,clear,flat straight,Neglecting traffic safety precautions,Amman,Passengers vehicle (up to 9 seats),2,44,Male
Collision,2018-05-09 18:50,70,0,0,0,0,Two ways with median island,dry,Jordan,class 3 auto,asphalt,day,clear,flat straight,Neglecting traffic safety precautions,Amman,Passengers vehicle (up to 9 seats),2,0,Unkown
Collision,2018-05-09 18:50,70,0,0,0,0,Two ways with median island,dry,Jordan,class4,asphalt,day,clear,flat straight,Violation of traffic rules,Amman,Passengers vehicle (up to 9 seats),2,46,Male
Collision,2018-05-09 18:52,40,0,0,0,0,Two ways,dry,Jordan,class 3,asphalt,day,clear,flat straight,Violation of traffic rules,Irbid,Passenger and cargo vehicle,2,26,Male
Collision,2018-05-09 18:52,40,0,0,0,0,Two ways,dry,Jordan,class 3,asphalt,day,clear,flat straight,Violation of traffic rules,Irbid,Passengers vehicle (up to 9 seats),2,36,Male
Collision,2018-05-09 18:53,30,0,0,0,0,Two ways,dry,Jordan,class 3,asphalt,day,clear,flat straight,Violation of traffic rules,Amman,Passengers vehicle (up to 9 seats),2,26,Male
Collision,2018-05-09 18:53,30,0,0,0,0,Two ways,dry,Jordan,class 3,asphalt,day,clear,flat straight,Neglecting traffic safety precautions,Amman,Truck,2,20,Unkown
Collision,2018-05-09 18:55,60,0,0,0,0,Two ways,dry,Jordan,class 3,asphalt,sunset,clear,flat straight,Violation of traffic rules,Amman,Passengers vehicle (up to 9 seats),2,0,Unkown
Collision,2018-05-09 18:55,60,0,0,0,0,Two ways,dry,Jordan,class 3,asphalt,sunset,clear,flat straight,Improper lane changes,Amman,Truck,2,31,Male
Collision,2018-05-09 18:56,70,0,0,0,0,Two ways with median island,dry,Jordan,class 3,asphalt,sunset,clear,flat straight,Violation of traffic rules,Amman,Passengers vehicle (up to 9 seats),2,118,Unkown
Collision,2018-05-09 18:56,70,0,0,0,0,Two ways with median island,dry,Jordan,class 3,asphalt,sunset,clear,flat straight,Tailgating,Amman,Motorcycle,2,118,Unkown
Collision,2018-05-09 19:02,60,0,0,0,0,Two ways with median island,dry,Jordan,class 3,asphalt,day,clear,flat straight,Tailgating,Amman,Passengers vehicle (up to 9 seats),2,40,Male
Collision,2018-05-09 19:02,60,0,0,0,0,Two ways with median island,dry,Jordan,class 3,asphalt,day,clear,flat straight,Violation of traffic rules,Amman,Passengers vehicle (up to 9 seats),2,0,Female
Collision,2018-05-09 19:03,50,0,0,0,0,Public Parks,dry,Jordan,class4,asphalt,day,clear,flat straight,Improper reversing,Amman,Truck,2,32,Male
Collision,2018-05-09 19:03,50,0,0,0,0,Public Parks,dry,Jordan,class 3,asphalt,day,clear,flat straight,Violation of traffic rules,Amman,Truck,2,0,Unkown
Collision,2018-05-09 19:07,60,0,0,0,0,Two ways,dry,Jordan,class 3,asphalt,day,clear,flat straight,Violation of traffic rules,al-karak,Passengers vehicle (up to 9 seats),2,35,Male
Collision,2018-05-09 19:07,60,0,0,0,0,Two ways,dry,Jordan,class 3,asphalt,day,clear,flat straight,Violation of traffic rules,al-karak,Passengers vehicle (up to 9 seats),2,24,Male
Collision,2018-05-09 19:08,40,0,0,0,0,Parking lot,dry,Jordan,unkown driver,asphalt,day,clear,flat straight,Improper reversing,Amman,Passengers vehicle (up to 9 seats),1,118,Male
Collision,2018-05-09 19:10,60,0,0,0,0,Two ways with median island,dry,Jordan,class 3,asphalt,day,clear,flat straight,Tailgating,Amman,Passengers vehicle (up to 9 seats),2,34,Male
Collision,2018-05-09 19:10,60,0,0,0,0,Two ways with median island,dry,Jordan,class 3,asphalt,day,clear,flat straight,Violation of traffic rules,Amman,Passengers vehicle (up to 9 seats),2,24,Female
Collision,2018-05-09 22:13,40,0,0,0,0,Two ways with median island,dry,Jordan,class 6ab,asphalt,night with enough light,clear,flat straight,Violation of traffic rules,Amman,Passengers vehicle (up to 9 seats),2,41,Male